{
    "filename": "images/demo_H2FNV1/000080.jpg",
    "height": 1080,
    "width": 1920,
    "annots": [
        {
            "bbox": [
                812.0864868164062,
                474.49420166015625,
                1008.2548828125,
                851.1401977539062,
                1.0,
                1.0,
                0.0
            ],
            "personID": 0,
            "keypoints": [
                [
                    816.989990234375,
                    530.402587890625,
                    0.9070994853973389
                ],
                [
                    885.6494445800781,
                    551.9812622070312,
                    0.7236191034317017
                ],
                [
                    920.9600219726562,
                    544.1344604492188,
                    0.7236191034317017
                ],
                [
                    975.8875122070312,
                    548.057861328125,
                    0.756477415561676
                ],
                [
                    1036.7001953125,
                    544.1344604492188,
                    0.8258201479911804
                ],
                [
                    850.3388671875,
                    559.8280639648438,
                    0.8297819495201111
                ],
                [
                    905.2664184570312,
                    548.057861328125,
                    0.5985497236251831
                ],
                [
                    930.7684936523438,
                    544.1344604492188,
                    0.6893802881240845
                ],
                [
                    968.0407409667969,
                    676.5491027832031,
                    0.6356128454208374
                ],
                [
                    987.65771484375,
                    673.6065673828125,
                    0.6706763505935669
                ],
                [
                    899.3812866210938,
                    691.2618408203125,
                    0.6590576171875
                ],
                [
                    928.8067626953125,
                    807.0020141601562,
                    0.7498466968536377
                ],
                [
                    948.4237670898438,
                    679.4916381835938,
                    0.6356128454208374
                ],
                [
                    848.377197265625,
                    703.031982421875,
                    0.943454921245575
                ],
                [
                    893.4962158203125,
                    812.8870849609375,
                    0.7901678085327148
                ],
                [
                    0.0,
                    0.0,
                    0.0
                ],
                [
                    0.0,
                    0.0,
                    0.0
                ],
                [
                    0.0,
                    0.0,
                    0.0
                ],
                [
                    0.0,
                    0.0,
                    0.0
                ],
                [
                    0.0,
                    0.0,
                    0.0
                ],
                [
                    0.0,
                    0.0,
                    0.0
                ],
                [
                    0.0,
                    0.0,
                    0.0
                ],
                [
                    0.0,
                    0.0,
                    0.0
                ],
                [
                    0.0,
                    0.0,
                    0.0
                ],
                [
                    0.0,
                    0.0,
                    0.0
                ]
            ],
            "isKeyframe": true,
            "area": 141862.20637345314
        },
        {
            "bbox": [
                89.92076873779297,
                453.4538269042969,
                251.1864776611328,
                723.036865234375,
                1.0,
                1.0,
                0.0
            ],
            "personID": 1,
            "keypoints": [
                [
                    230.22694396972656,
                    493.4700927734375,
                    0.9423044919967651
                ],
                [
                    200.74130249023438,
                    518.0414733886719,
                    0.703167736530304
                ],
                [
                    167.04342651367188,
                    520.1475830078125,
                    0.703167736530304
                ],
                [
                    115.092529296875,
                    510.31903076171875,
                    0.8118370175361633
                ],
                [
                    69.45999145507812,
                    495.5762023925781,
                    0.6367000937461853
                ],
                [
                    234.43917846679688,
                    515.9353637695312,
                    0.8421214818954468
                ],
                [
                    195.12498474121094,
                    539.8046875,
                    0.0
                ],
                [
                    171.2556610107422,
                    504.70269775390625,
                    0.31527549028396606
                ],
                [
                    162.83119201660156,
                    586.8412780761719,
                    0.735103964805603
                ],
                [
                    141.77001953125,
                    587.5433349609375,
                    0.735103964805603
                ],
                [
                    185.29644775390625,
                    614.2208251953125,
                    0.8888654708862305
                ],
                [
                    174.06381225585938,
                    688.636962890625,
                    0.8100268244743347
                ],
                [
                    183.89236450195312,
                    586.1392211914062,
                    0.8046663999557495
                ],
                [
                    227.41879272460938,
                    611.4126586914062,
                    0.9321843385696411
                ],
                [
                    202.1453857421875,
                    680.2124633789062,
                    0.8109155297279358
                ],
                [
                    0.0,
                    0.0,
                    0.0
                ],
                [
                    0.0,
                    0.0,
                    0.0
                ],
                [
                    0.0,
                    0.0,
                    0.0
                ],
                [
                    0.0,
                    0.0,
                    0.0
                ],
                [
                    0.0,
                    0.0,
                    0.0
                ],
                [
                    0.0,
                    0.0,
                    0.0
                ],
                [
                    0.0,
                    0.0,
                    0.0
                ],
                [
                    0.0,
                    0.0,
                    0.0
                ],
                [
                    0.0,
                    0.0,
                    0.0
                ],
                [
                    0.0,
                    0.0,
                    0.0
                ]
            ],
            "isKeyframe": true,
            "area": 72675.01455527637
        }
    ],
    "isKeyframe": false
}