{
    "filename": "images/demo_H2FNV1/000018.jpg",
    "height": 1080,
    "width": 1920,
    "annots": [
        {
            "bbox": [
                709.7640991210938,
                262.94915771484375,
                957.48681640625,
                868.5239868164062,
                1.0,
                1.0,
                0.0
            ],
            "personID": 0,
            "keypoints": [
                [
                    850.97265625,
                    365.455322265625,
                    0.9195438623428345
                ],
                [
                    893.5521545410156,
                    414.3428649902344,
                    0.8335608839988708
                ],
                [
                    923.5155029296875,
                    409.61181640625,
                    0.8584634065628052
                ],
                [
                    866.7428588867188,
                    355.99322509765625,
                    0.8552663326263428
                ],
                [
                    825.7404174804688,
                    314.9907531738281,
                    0.9608300924301147
                ],
                [
                    863.5888061523438,
                    419.07391357421875,
                    0.8335608839988708
                ],
                [
                    781.5839233398438,
                    371.7633972167969,
                    0.9580298662185669
                ],
                [
                    734.2733764648438,
                    330.76092529296875,
                    0.9347723722457886
                ],
                [
                    891.9751586914062,
                    567.3135681152344,
                    0.7721086144447327
                ],
                [
                    914.0534057617188,
                    561.0054931640625,
                    0.7993755340576172
                ],
                [
                    910.8993530273438,
                    693.4749755859375,
                    0.8996001482009888
                ],
                [
                    920.3614501953125,
                    803.8662719726562,
                    0.9133657813072205
                ],
                [
                    869.8969116210938,
                    573.6216430664062,
                    0.7721086144447327
                ],
                [
                    876.2049560546875,
                    702.9371337890625,
                    0.897344708442688
                ],
                [
                    885.6670532226562,
                    816.4823608398438,
                    0.8923660516738892
                ],
                [
                    0.0,
                    0.0,
                    0.0
                ],
                [
                    0.0,
                    0.0,
                    0.0
                ],
                [
                    0.0,
                    0.0,
                    0.0
                ],
                [
                    0.0,
                    0.0,
                    0.0
                ],
                [
                    0.0,
                    0.0,
                    0.0
                ],
                [
                    0.0,
                    0.0,
                    0.0
                ],
                [
                    0.0,
                    0.0,
                    0.0
                ],
                [
                    0.0,
                    0.0,
                    0.0
                ],
                [
                    0.0,
                    0.0,
                    0.0
                ],
                [
                    0.0,
                    0.0,
                    0.0
                ]
            ],
            "isKeyframe": true,
            "area": 366720.8736413866
        },
        {
            "bbox": [
                109.43954467773438,
                310.2569885253906,
                274.0870666503906,
                730.442626953125,
                1.0,
                1.0,
                0.0
            ],
            "personID": 1,
            "keypoints": [
                [
                    173.1613311767578,
                    370.4398193359375,
                    0.9786262512207031
                ],
                [
                    161.12477111816406,
                    409.83221435546875,
                    0.8806066513061523
                ],
                [
                    131.58047485351562,
                    414.2091369628906,
                    0.8806066513061523
                ],
                [
                    144.71127319335938,
                    383.57061767578125,
                    0.6477712988853455
                ],
                [
                    188.48060607910156,
                    328.85894775390625,
                    0.6507400274276733
                ],
                [
                    190.6690673828125,
                    405.4552917480469,
                    0.8869339227676392
                ],
                [
                    230.0614776611328,
                    379.1936950683594,
                    0.938626229763031
                ],
                [
                    256.3230895996094,
                    341.98974609375,
                    0.8976690173149109
                ],
                [
                    178.63250732421875,
                    526.9151916503906,
                    0.8283886909484863
                ],
                [
                    157.84207153320312,
                    530.1978759765625,
                    0.8283886909484863
                ],
                [
                    157.84207153320312,
                    619.925048828125,
                    0.8979900479316711
                ],
                [
                    162.21900939941406,
                    692.1444091796875,
                    0.8513628840446472
                ],
                [
                    199.42294311523438,
                    523.6325073242188,
                    0.8642908930778503
                ],
                [
                    197.23446655273438,
                    613.359619140625,
                    0.8758083581924438
                ],
                [
                    190.6690673828125,
                    685.5790405273438,
                    0.8712894916534424
                ],
                [
                    0.0,
                    0.0,
                    0.0
                ],
                [
                    0.0,
                    0.0,
                    0.0
                ],
                [
                    0.0,
                    0.0,
                    0.0
                ],
                [
                    0.0,
                    0.0,
                    0.0
                ],
                [
                    0.0,
                    0.0,
                    0.0
                ],
                [
                    0.0,
                    0.0,
                    0.0
                ],
                [
                    0.0,
                    0.0,
                    0.0
                ],
                [
                    0.0,
                    0.0,
                    0.0
                ],
                [
                    0.0,
                    0.0,
                    0.0
                ],
                [
                    0.0,
                    0.0,
                    0.0
                ]
            ],
            "isKeyframe": true,
            "area": 176555.97074092273
        }
    ],
    "isKeyframe": false
}