{
    "filename": "images/demo_H2FNV1/000089.jpg",
    "height": 1080,
    "width": 1920,
    "annots": [
        {
            "bbox": [
                819.5848388671875,
                471.49713134765625,
                1008.9786376953125,
                851.0191040039062,
                1.0,
                1.0,
                0.0
            ],
            "personID": 0,
            "keypoints": [
                [
                    824.3429565429688,
                    519.9257202148438,
                    0.9008147120475769
                ],
                [
                    883.6432495117188,
                    566.3776245117188,
                    0.7312714457511902
                ],
                [
                    915.2700805664062,
                    557.4826049804688,
                    0.7312714457511902
                ],
                [
                    980.5004272460938,
                    602.9461669921875,
                    0.8471695184707642
                ],
                [
                    1037.8240966796875,
                    632.5963134765625,
                    0.7243951559066772
                ],
                [
                    852.0164184570312,
                    575.2726440429688,
                    0.8752378225326538
                ],
                [
                    891.5499267578125,
                    622.712890625,
                    0.881479024887085
                ],
                [
                    935.036865234375,
                    672.1298217773438,
                    0.6759891510009766
                ],
                [
                    971.6053466796875,
                    688.9316101074219,
                    0.622705340385437
                ],
                [
                    986.430419921875,
                    683.9899291992188,
                    0.622705340385437
                ],
                [
                    893.526611328125,
                    697.82666015625,
                    0.7417880296707153
                ],
                [
                    933.0601806640625,
                    806.5438842773438,
                    0.7980743050575256
                ],
                [
                    956.7802734375,
                    693.873291015625,
                    0.6981874108314514
                ],
                [
                    844.1096801757812,
                    705.7333374023438,
                    0.8662672638893127
                ],
                [
                    895.5032958984375,
                    812.473876953125,
                    0.8040583729743958
                ],
                [
                    0.0,
                    0.0,
                    0.0
                ],
                [
                    0.0,
                    0.0,
                    0.0
                ],
                [
                    0.0,
                    0.0,
                    0.0
                ],
                [
                    0.0,
                    0.0,
                    0.0
                ],
                [
                    0.0,
                    0.0,
                    0.0
                ],
                [
                    0.0,
                    0.0,
                    0.0
                ],
                [
                    0.0,
                    0.0,
                    0.0
                ],
                [
                    0.0,
                    0.0,
                    0.0
                ],
                [
                    0.0,
                    0.0,
                    0.0
                ],
                [
                    0.0,
                    0.0,
                    0.0
                ]
            ],
            "isKeyframe": true,
            "area": 144036.92772889137
        },
        {
            "bbox": [
                113.54090881347656,
                452.558349609375,
                254.2598419189453,
                734.1959838867188,
                1.0,
                1.0,
                0.0
            ],
            "personID": 1,
            "keypoints": [
                [
                    227.17282104492188,
                    487.0296630859375,
                    0.9515124559402466
                ],
                [
                    198.56900024414062,
                    526.6349487304688,
                    0.717857837677002
                ],
                [
                    161.16400146484375,
                    528.101806640625,
                    0.717857837677002
                ],
                [
                    118.62499237060547,
                    553.0384521484375,
                    0.8316610455513
                ],
                [
                    78.28627014160156,
                    578.7085571289062,
                    0.8417689800262451
                ],
                [
                    235.9739990234375,
                    525.1680908203125,
                    0.9289802312850952
                ],
                [
                    190.50125122070312,
                    566.240234375,
                    0.457059770822525
                ],
                [
                    191.96812438964844,
                    589.7100219726562,
                    0.0
                ],
                [
                    167.764892578125,
                    594.1106262207031,
                    0.789819061756134
                ],
                [
                    143.56166076660156,
                    597.0443725585938,
                    0.7985100150108337
                ],
                [
                    193.4349822998047,
                    619.0473022460938,
                    0.9087745547294617
                ],
                [
                    177.29949951171875,
                    689.4567260742188,
                    0.7973746657371521
                ],
                [
                    191.96812438964844,
                    591.1768798828125,
                    0.789819061756134
                ],
                [
                    235.9739990234375,
                    616.1135864257812,
                    0.8727795481681824
                ],
                [
                    205.1698760986328,
                    683.5892333984375,
                    0.8212790489196777
                ],
                [
                    0.0,
                    0.0,
                    0.0
                ],
                [
                    0.0,
                    0.0,
                    0.0
                ],
                [
                    0.0,
                    0.0,
                    0.0
                ],
                [
                    0.0,
                    0.0,
                    0.0
                ],
                [
                    0.0,
                    0.0,
                    0.0
                ],
                [
                    0.0,
                    0.0,
                    0.0
                ],
                [
                    0.0,
                    0.0,
                    0.0
                ],
                [
                    0.0,
                    0.0,
                    0.0
                ],
                [
                    0.0,
                    0.0,
                    0.0
                ],
                [
                    0.0,
                    0.0,
                    0.0
                ]
            ],
            "isKeyframe": true,
            "area": 79319.75704133883
        }
    ],
    "isKeyframe": false
}