{
    "filename": "images/demo_H2FNV1/000042.jpg",
    "height": 1080,
    "width": 1920,
    "annots": [
        {
            "bbox": [
                812.1207885742188,
                326.6571350097656,
                966.52294921875,
                862.7304077148438,
                1.0,
                1.0,
                0.0
            ],
            "personID": 0,
            "keypoints": [
                [
                    818.1246948242188,
                    386.6861267089844,
                    0.9328495860099792
                ],
                [
                    880.9457702636719,
                    420.1907196044922,
                    0.8265883326530457
                ],
                [
                    913.0543212890625,
                    417.398681640625,
                    0.878539502620697
                ],
                [
                    913.0543212890625,
                    501.1601257324219,
                    0.43971458077430725
                ],
                [
                    868.3815307617188,
                    565.377197265625,
                    0.47234025597572327
                ],
                [
                    848.8372192382812,
                    422.9827575683594,
                    0.8265883326530457
                ],
                [
                    837.6690063476562,
                    520.7044677734375,
                    0.8710679411888123
                ],
                [
                    837.6690063476562,
                    596.0897216796875,
                    0.892704427242279
                ],
                [
                    918.6383972167969,
                    565.377197265625,
                    0.7740992903709412
                ],
                [
                    943.766845703125,
                    562.5851440429688,
                    0.7740992903709412
                ],
                [
                    924.2224731445312,
                    696.6034545898438,
                    0.9231382608413696
                ],
                [
                    927.0145263671875,
                    805.4933471679688,
                    0.8618569374084473
                ],
                [
                    893.5099487304688,
                    568.1692504882812,
                    0.7853856086730957
                ],
                [
                    882.341796875,
                    702.1875610351562,
                    0.9102736115455627
                ],
                [
                    893.5099487304688,
                    813.8695068359375,
                    0.8650468587875366
                ],
                [
                    0.0,
                    0.0,
                    0.0
                ],
                [
                    0.0,
                    0.0,
                    0.0
                ],
                [
                    0.0,
                    0.0,
                    0.0
                ],
                [
                    0.0,
                    0.0,
                    0.0
                ],
                [
                    0.0,
                    0.0,
                    0.0
                ],
                [
                    0.0,
                    0.0,
                    0.0
                ],
                [
                    0.0,
                    0.0,
                    0.0
                ],
                [
                    0.0,
                    0.0,
                    0.0
                ],
                [
                    0.0,
                    0.0,
                    0.0
                ],
                [
                    0.0,
                    0.0,
                    0.0
                ]
            ],
            "isKeyframe": true,
            "area": 287374.55370873306
        },
        {
            "bbox": [
                99.78555297851562,
                340.73748779296875,
                259.7984924316406,
                723.8754272460938,
                1.0,
                1.0,
                0.0
            ],
            "personID": 1,
            "keypoints": [
                [
                    200.744873046875,
                    391.62298583984375,
                    0.9645625352859497
                ],
                [
                    177.79651641845703,
                    422.55340576171875,
                    0.8629999160766602
                ],
                [
                    142.87509155273438,
                    425.5466613769531,
                    0.8629999160766602
                ],
                [
                    126.91100311279297,
                    483.4164733886719,
                    0.8551249504089355
                ],
                [
                    114.93794250488281,
                    535.2997436523438,
                    0.8303201794624329
                ],
                [
                    212.7179412841797,
                    419.5601501464844,
                    0.8963873386383057
                ],
                [
                    230.6775360107422,
                    471.4433898925781,
                    0.9122543334960938
                ],
                [
                    248.63711547851562,
                    519.3356323242188,
                    0.8809533715248108
                ],
                [
                    175.8010025024414,
                    533.30419921875,
                    0.8073158264160156
                ],
                [
                    154.84814453125,
                    533.30419921875,
                    0.8073158264160156
                ],
                [
                    160.8346710205078,
                    615.1201171875,
                    0.8372583985328674
                ],
                [
                    164.82569885253906,
                    690.9495239257812,
                    0.8215303421020508
                ],
                [
                    196.7538604736328,
                    533.30419921875,
                    0.8327682614326477
                ],
                [
                    196.7538604736328,
                    613.1246337890625,
                    0.8858503103256226
                ],
                [
                    194.7583465576172,
                    682.9674682617188,
                    0.828925609588623
                ],
                [
                    0.0,
                    0.0,
                    0.0
                ],
                [
                    0.0,
                    0.0,
                    0.0
                ],
                [
                    0.0,
                    0.0,
                    0.0
                ],
                [
                    0.0,
                    0.0,
                    0.0
                ],
                [
                    0.0,
                    0.0,
                    0.0
                ],
                [
                    0.0,
                    0.0,
                    0.0
                ],
                [
                    0.0,
                    0.0,
                    0.0
                ],
                [
                    0.0,
                    0.0,
                    0.0
                ],
                [
                    0.0,
                    0.0,
                    0.0
                ],
                [
                    0.0,
                    0.0,
                    0.0
                ]
            ],
            "isKeyframe": true,
            "area": 146794.68064838648
        }
    ],
    "isKeyframe": false
}