{
    "filename": "images/demo_H2FNV1/000005.jpg",
    "height": 1080,
    "width": 1920,
    "annots": [
        {
            "bbox": [
                777.697265625,
                208.26014709472656,
                954.5355834960938,
                863.5911254882812,
                1.0,
                1.0,
                0.0
            ],
            "personID": 0,
            "keypoints": [
                [
                    847.3439331054688,
                    360.14678955078125,
                    0.9671980142593384
                ],
                [
                    881.4757690429688,
                    407.93133544921875,
                    0.8165543675422668
                ],
                [
                    912.1943969726562,
                    411.3445129394531,
                    0.9248923659324646
                ],
                [
                    895.1284790039062,
                    332.84130859375,
                    0.8205461502075195
                ],
                [
                    871.2362060546875,
                    254.338134765625,
                    0.9901907444000244
                ],
                [
                    850.7571411132812,
                    404.5181579589844,
                    0.8165543675422668
                ],
                [
                    809.7989501953125,
                    329.4281311035156,
                    0.9417357444763184
                ],
                [
                    792.7330322265625,
                    250.92494201660156,
                    0.9424253106117249
                ],
                [
                    881.4757995605469,
                    570.0574645996094,
                    0.7878202199935913
                ],
                [
                    901.9548950195312,
                    564.9376831054688,
                    0.7878202199935913
                ],
                [
                    908.78125,
                    694.6386108398438,
                    0.9071086049079895
                ],
                [
                    922.4339599609375,
                    807.2736206054688,
                    0.8775627613067627
                ],
                [
                    860.9967041015625,
                    575.17724609375,
                    0.8200657963752747
                ],
                [
                    871.2362060546875,
                    704.878173828125,
                    0.900058388710022
                ],
                [
                    888.3021240234375,
                    820.9263916015625,
                    0.9129583835601807
                ],
                [
                    0.0,
                    0.0,
                    0.0
                ],
                [
                    0.0,
                    0.0,
                    0.0
                ],
                [
                    0.0,
                    0.0,
                    0.0
                ],
                [
                    0.0,
                    0.0,
                    0.0
                ],
                [
                    0.0,
                    0.0,
                    0.0
                ],
                [
                    0.0,
                    0.0,
                    0.0
                ],
                [
                    0.0,
                    0.0,
                    0.0
                ],
                [
                    0.0,
                    0.0,
                    0.0
                ],
                [
                    0.0,
                    0.0,
                    0.0
                ],
                [
                    0.0,
                    0.0,
                    0.0
                ]
            ],
            "isKeyframe": true,
            "area": 429458.69124225364
        },
        {
            "bbox": [
                105.9083251953125,
                246.3798828125,
                239.82553100585938,
                727.9353637695312,
                1.0,
                1.0,
                0.0
            ],
            "personID": 1,
            "keypoints": [
                [
                    174.1209716796875,
                    368.0227966308594,
                    0.9961408376693726
                ],
                [
                    164.08856964111328,
                    406.89837646484375,
                    0.886808454990387
                ],
                [
                    133.99134826660156,
                    413.16864013671875,
                    0.886808454990387
                ],
                [
                    136.49945068359375,
                    355.4822998046875,
                    0.8591433763504028
                ],
                [
                    133.99134826660156,
                    300.3040466308594,
                    0.9464765191078186
                ],
                [
                    194.185791015625,
                    400.62811279296875,
                    0.9415623545646667
                ],
                [
                    216.7587127685547,
                    352.97418212890625,
                    0.9191795587539673
                ],
                [
                    219.2667999267578,
                    300.3040466308594,
                    0.9696385264396667
                ],
                [
                    177.8831329345703,
                    528.5413208007812,
                    0.8661445379257202
                ],
                [
                    156.56427001953125,
                    528.5413208007812,
                    0.8661445379257202
                ],
                [
                    156.56427001953125,
                    618.8329467773438,
                    0.9372271299362183
                ],
                [
                    161.58047485351562,
                    689.059814453125,
                    0.9055378437042236
                ],
                [
                    199.20199584960938,
                    528.5413208007812,
                    0.8883925080299377
                ],
                [
                    196.6938934326172,
                    616.3248291015625,
                    0.906225323677063
                ],
                [
                    189.16958618164062,
                    686.5516967773438,
                    0.8969584703445435
                ],
                [
                    0.0,
                    0.0,
                    0.0
                ],
                [
                    0.0,
                    0.0,
                    0.0
                ],
                [
                    0.0,
                    0.0,
                    0.0
                ],
                [
                    0.0,
                    0.0,
                    0.0
                ],
                [
                    0.0,
                    0.0,
                    0.0
                ],
                [
                    0.0,
                    0.0,
                    0.0
                ],
                [
                    0.0,
                    0.0,
                    0.0
                ],
                [
                    0.0,
                    0.0,
                    0.0
                ],
                [
                    0.0,
                    0.0,
                    0.0
                ],
                [
                    0.0,
                    0.0,
                    0.0
                ]
            ],
            "isKeyframe": true,
            "area": 231895.6812397577
        }
    ],
    "isKeyframe": false
}