{
    "filename": "images/demo_H2FNV1/000037.jpg",
    "height": 1080,
    "width": 1920,
    "annots": [
        {
            "bbox": [
                736,
                299.5063171386719,
                950.7542114257812,
                847,
                1.0,
                1.0,
                0.0
            ],
            "personID": 0,
            "keypoints": [
                [
                    835.4407958984375,
                    372.92816162109375,
                    0.9764564633369446
                ],
                [
                    885.8283386230469,
                    413.2381591796875,
                    0.8583047986030579
                ],
                [
                    921.8193969726562,
                    407.4795837402344,
                    0.9267668724060059
                ],
                [
                    918.9401245117188,
                    490.9788818359375,
                    0.5489984750747681
                ],
                [
                    895.9058227539062,
                    554.3231811523438,
                    0.45831552147865295
                ],
                [
                    849.8372802734375,
                    418.9967346191406,
                    0.8583047986030579
                ],
                [
                    812.406494140625,
                    499.61676025390625,
                    0.8617998361587524
                ],
                [
                    772.0964965820312,
                    565.84033203125,
                    0.8958482146263123
                ],
                [
                    911.741943359375,
                    567.2799682617188,
                    0.7949720621109009
                ],
                [
                    936.2158813476562,
                    565.84033203125,
                    0.7949720621109009
                ],
                [
                    924.69873046875,
                    692.5289306640625,
                    0.905110239982605
                ],
                [
                    927.5780029296875,
                    804.8211059570312,
                    0.9012914896011353
                ],
                [
                    887.2680053710938,
                    568.7196044921875,
                    0.8206056952476501
                ],
                [
                    881.5093994140625,
                    701.1668090820312,
                    0.9095093607902527
                ],
                [
                    890.1472778320312,
                    816.3382568359375,
                    0.8732039928436279
                ],
                [
                    0.0,
                    0.0,
                    0.0
                ],
                [
                    0.0,
                    0.0,
                    0.0
                ],
                [
                    0.0,
                    0.0,
                    0.0
                ],
                [
                    0.0,
                    0.0,
                    0.0
                ],
                [
                    0.0,
                    0.0,
                    0.0
                ],
                [
                    0.0,
                    0.0,
                    0.0
                ],
                [
                    0.0,
                    0.0,
                    0.0
                ],
                [
                    0.0,
                    0.0,
                    0.0
                ],
                [
                    0.0,
                    0.0,
                    0.0
                ],
                [
                    0.0,
                    0.0,
                    0.0
                ]
            ],
            "isKeyframe": true,
            "area": 305613.30091117416
        },
        {
            "bbox": [
                114.21829223632812,
                326.6327209472656,
                297.3436279296875,
                721.5298461914062,
                1.0,
                1.0,
                0.0
            ],
            "personID": 1,
            "keypoints": [
                [
                    188.2985382080078,
                    383.1935119628906,
                    0.9470059275627136
                ],
                [
                    171.844482421875,
                    414.04486083984375,
                    0.8827542662620544
                ],
                [
                    138.93638610839844,
                    416.10162353515625,
                    0.8857321739196777
                ],
                [
                    140.99314880371094,
                    471.634033203125,
                    0.9121987819671631
                ],
                [
                    149.2201690673828,
                    514.825927734375,
                    0.8458341956138611
                ],
                [
                    204.75257873535156,
                    411.98809814453125,
                    0.8827542662620544
                ],
                [
                    239.71743774414062,
                    455.1799621582031,
                    0.9076565504074097
                ],
                [
                    276.7390441894531,
                    500.4286193847656,
                    0.8655322194099426
                ],
                [
                    178.01475524902344,
                    530.2515869140625,
                    0.7936295866966248
                ],
                [
                    155.39044189453125,
                    531.2799682617188,
                    0.7936295866966248
                ],
                [
                    157.4471893310547,
                    615.60693359375,
                    0.8853230476379395
                ],
                [
                    163.61746215820312,
                    689.650146484375,
                    0.8590583205223083
                ],
                [
                    200.63906860351562,
                    529.2232055664062,
                    0.8269468545913696
                ],
                [
                    196.5255584716797,
                    615.60693359375,
                    0.9036489725112915
                ],
                [
                    196.5255584716797,
                    685.53662109375,
                    0.855823814868927
                ],
                [
                    0.0,
                    0.0,
                    0.0
                ],
                [
                    0.0,
                    0.0,
                    0.0
                ],
                [
                    0.0,
                    0.0,
                    0.0
                ],
                [
                    0.0,
                    0.0,
                    0.0
                ],
                [
                    0.0,
                    0.0,
                    0.0
                ],
                [
                    0.0,
                    0.0,
                    0.0
                ],
                [
                    0.0,
                    0.0,
                    0.0
                ],
                [
                    0.0,
                    0.0,
                    0.0
                ],
                [
                    0.0,
                    0.0,
                    0.0
                ],
                [
                    0.0,
                    0.0,
                    0.0
                ]
            ],
            "isKeyframe": true,
            "area": 155943.7395260865
        }
    ],
    "isKeyframe": false
}