{
    "filename": "images/demo_H2FNV1/000012.jpg",
    "height": 1080,
    "width": 1920,
    "annots": [
        {
            "bbox": [
                766.0411376953125,
                253.97366333007812,
                953.7653198242188,
                857.7301635742188,
                1.0,
                1.0,
                0.0
            ],
            "personID": 0,
            "keypoints": [
                [
                    848.897216796875,
                    359.3166198730469,
                    0.9319174289703369
                ],
                [
                    888.2042846679688,
                    412.7742004394531,
                    0.8430051803588867
                ],
                [
                    918.07763671875,
                    412.7742004394531,
                    0.8995029330253601
                ],
                [
                    883.4874267578125,
                    340.44921875,
                    0.7672939300537109
                ],
                [
                    852.0418090820312,
                    277.55792236328125,
                    0.9351527094841003
                ],
                [
                    858.3309326171875,
                    412.7742004394531,
                    0.8430051803588867
                ],
                [
                    795.4396362304688,
                    349.8829040527344,
                    0.9592790007591248
                ],
                [
                    763.9939575195312,
                    280.7024841308594,
                    0.9204890131950378
                ],
                [
                    886.6319885253906,
                    571.5747375488281,
                    0.7609363794326782
                ],
                [
                    905.4993896484375,
                    570.00244140625,
                    0.8192968964576721
                ],
                [
                    911.7885131835938,
                    695.7850952148438,
                    0.9480672478675842
                ],
                [
                    924.3667602539062,
                    808.9894409179688,
                    0.9001992344856262
                ],
                [
                    867.7645874023438,
                    573.1470336914062,
                    0.7609363794326782
                ],
                [
                    870.9091796875,
                    702.07421875,
                    0.8991339206695557
                ],
                [
                    886.6320190429688,
                    818.423095703125,
                    0.9014178514480591
                ],
                [
                    0.0,
                    0.0,
                    0.0
                ],
                [
                    0.0,
                    0.0,
                    0.0
                ],
                [
                    0.0,
                    0.0,
                    0.0
                ],
                [
                    0.0,
                    0.0,
                    0.0
                ],
                [
                    0.0,
                    0.0,
                    0.0
                ],
                [
                    0.0,
                    0.0,
                    0.0
                ],
                [
                    0.0,
                    0.0,
                    0.0
                ],
                [
                    0.0,
                    0.0,
                    0.0
                ],
                [
                    0.0,
                    0.0,
                    0.0
                ],
                [
                    0.0,
                    0.0,
                    0.0
                ]
            ],
            "isKeyframe": true,
            "area": 364521.911587053
        },
        {
            "bbox": [
                109.00431060791016,
                265.4436950683594,
                256.14898681640625,
                732.1231689453125,
                1.0,
                1.0,
                0.0
            ],
            "personID": 1,
            "keypoints": [
                [
                    174.06948852539062,
                    368.7451477050781,
                    0.9705625176429749
                ],
                [
                    163.13168334960938,
                    408.85040283203125,
                    0.8883227705955505
                ],
                [
                    132.7489013671875,
                    412.496337890625,
                    0.8883227705955505
                ],
                [
                    144.90200805664062,
                    371.1757507324219,
                    0.8164912462234497
                ],
                [
                    154.62449645996094,
                    320.1326904296875,
                    0.9059939384460449
                ],
                [
                    193.51446533203125,
                    405.2044677734375,
                    0.8897235989570618
                ],
                [
                    225.112548828125,
                    361.4532775878906,
                    0.9542526602745056
                ],
                [
                    237.2656707763672,
                    312.8408203125,
                    0.9512053728103638
                ],
                [
                    181.3613510131836,
                    532.8121643066406,
                    0.8861334919929504
                ],
                [
                    159.48574829101562,
                    534.0274658203125,
                    0.8861334919929504
                ],
                [
                    157.0551300048828,
                    621.5299072265625,
                    0.9200616478919983
                ],
                [
                    161.91636657714844,
                    692.0179443359375,
                    0.8899456858634949
                ],
                [
                    203.23695373535156,
                    531.5968627929688,
                    0.9122430086135864
                ],
                [
                    195.94508361816406,
                    616.6686401367188,
                    0.926994800567627
                ],
                [
                    191.08383178710938,
                    684.72607421875,
                    0.9233497977256775
                ],
                [
                    0.0,
                    0.0,
                    0.0
                ],
                [
                    0.0,
                    0.0,
                    0.0
                ],
                [
                    0.0,
                    0.0,
                    0.0
                ],
                [
                    0.0,
                    0.0,
                    0.0
                ],
                [
                    0.0,
                    0.0,
                    0.0
                ],
                [
                    0.0,
                    0.0,
                    0.0
                ],
                [
                    0.0,
                    0.0,
                    0.0
                ],
                [
                    0.0,
                    0.0,
                    0.0
                ],
                [
                    0.0,
                    0.0,
                    0.0
                ],
                [
                    0.0,
                    0.0,
                    0.0
                ]
            ],
            "isKeyframe": true,
            "area": 217789.73133806977
        }
    ],
    "isKeyframe": false
}