{
    "filename": "images/demo_H2FNV1/000002.jpg",
    "height": 1080,
    "width": 1920,
    "annots": [
        {
            "bbox": [
                778.9409790039062,
                199.4483642578125,
                947.3006591796875,
                864.09619140625,
                1.0,
                1.0,
                0.0
            ],
            "personID": 0,
            "keypoints": [
                [
                    844.0814819335938,
                    353.4943542480469,
                    0.9677433967590332
                ],
                [
                    880.4293823242188,
                    403.6891174316406,
                    0.874621570110321
                ],
                [
                    913.3156127929688,
                    408.8816833496094,
                    0.9500921964645386
                ],
                [
                    899.46875,
                    332.72412109375,
                    0.7939945459365845
                ],
                [
                    885.6219482421875,
                    260.02825927734375,
                    0.9713568687438965
                ],
                [
                    847.5431518554688,
                    398.4965515136719,
                    0.874621570110321
                ],
                [
                    816.3878173828125,
                    329.26239013671875,
                    0.9844692349433899
                ],
                [
                    806.002685546875,
                    253.10484313964844,
                    0.9432942867279053
                ],
                [
                    878.6985168457031,
                    571.5819091796875,
                    0.8021534085273743
                ],
                [
                    899.46875,
                    571.5819091796875,
                    0.8021534085273743
                ],
                [
                    909.8538818359375,
                    692.7416381835938,
                    0.9209161400794983
                ],
                [
                    920.239013671875,
                    806.97802734375,
                    0.873643696308136
                ],
                [
                    857.9282836914062,
                    571.5819091796875,
                    0.834751546382904
                ],
                [
                    868.3134155273438,
                    703.1267700195312,
                    0.8892380595207214
                ],
                [
                    885.6219482421875,
                    820.8248291015625,
                    0.9180634021759033
                ],
                [
                    0.0,
                    0.0,
                    0.0
                ],
                [
                    0.0,
                    0.0,
                    0.0
                ],
                [
                    0.0,
                    0.0,
                    0.0
                ],
                [
                    0.0,
                    0.0,
                    0.0
                ],
                [
                    0.0,
                    0.0,
                    0.0
                ],
                [
                    0.0,
                    0.0,
                    0.0
                ],
                [
                    0.0,
                    0.0,
                    0.0
                ],
                [
                    0.0,
                    0.0,
                    0.0
                ],
                [
                    0.0,
                    0.0,
                    0.0
                ],
                [
                    0.0,
                    0.0,
                    0.0
                ]
            ],
            "isKeyframe": true,
            "area": 441756.73413313925
        },
        {
            "bbox": [
                100.9893569946289,
                246.05763244628906,
                238.147705078125,
                727.73046875,
                1.0,
                1.0,
                0.0
            ],
            "personID": 1,
            "keypoints": [
                [
                    170.82290649414062,
                    367.7301940917969,
                    0.9656078815460205
                ],
                [
                    165.8054656982422,
                    406.615234375,
                    0.8812962770462036
                ],
                [
                    138.20962524414062,
                    412.88702392578125,
                    0.8812962770462036
                ],
                [
                    130.68350219726562,
                    357.6953430175781,
                    0.864223837852478
                ],
                [
                    125.66606903076172,
                    294.9775085449219,
                    0.9399873614311218
                ],
                [
                    193.40130615234375,
                    400.34344482421875,
                    0.9474284052848816
                ],
                [
                    213.47100830078125,
                    350.169189453125,
                    0.9340968728065491
                ],
                [
                    213.47100830078125,
                    297.4862365722656,
                    0.9613202214241028
                ],
                [
                    178.3490447998047,
                    527.033447265625,
                    0.8665674328804016
                ],
                [
                    155.7706298828125,
                    528.2877807617188,
                    0.8665674328804016
                ],
                [
                    155.7706298828125,
                    618.6014404296875,
                    0.9257635474205017
                ],
                [
                    160.78805541992188,
                    688.8453979492188,
                    0.8985222578048706
                ],
                [
                    200.92745971679688,
                    525.7791137695312,
                    0.8883035778999329
                ],
                [
                    195.9100341796875,
                    616.0927734375,
                    0.9036222696304321
                ],
                [
                    185.87518310546875,
                    686.3367309570312,
                    0.8851284980773926
                ],
                [
                    0.0,
                    0.0,
                    0.0
                ],
                [
                    0.0,
                    0.0,
                    0.0
                ],
                [
                    0.0,
                    0.0,
                    0.0
                ],
                [
                    0.0,
                    0.0,
                    0.0
                ],
                [
                    0.0,
                    0.0,
                    0.0
                ],
                [
                    0.0,
                    0.0,
                    0.0
                ],
                [
                    0.0,
                    0.0,
                    0.0
                ],
                [
                    0.0,
                    0.0,
                    0.0
                ],
                [
                    0.0,
                    0.0,
                    0.0
                ],
                [
                    0.0,
                    0.0,
                    0.0
                ]
            ],
            "isKeyframe": true,
            "area": 232008.7212328615
        }
    ],
    "isKeyframe": true
}