{
    "filename": "images/demo_H2FNV1/000062.jpg",
    "height": 1080,
    "width": 1920,
    "annots": [
        {
            "bbox": [
                795.5234985351562,
                412.1764221191406,
                1038.100341796875,
                854.821044921875,
                1.0,
                1.0,
                0.0
            ],
            "personID": 0,
            "keypoints": [
                [
                    802.692626953125,
                    470.96514892578125,
                    0.9041393399238586
                ],
                [
                    875.31396484375,
                    485.9505157470703,
                    0.8411548733711243
                ],
                [
                    915.6591796875,
                    480.1869201660156,
                    0.8411548733711243
                ],
                [
                    964.0734252929688,
                    489.4086608886719,
                    0.9307283163070679
                ],
                [
                    1019.4039916992188,
                    480.1869201660156,
                    0.9179038405418396
                ],
                [
                    834.96875,
                    491.714111328125,
                    0.8716709613800049
                ],
                [
                    887.993896484375,
                    477.8814697265625,
                    0.9296650886535645
                ],
                [
                    947.935302734375,
                    457.13250732421875,
                    0.8969498872756958
                ],
                [
                    954.8516540527344,
                    604.6806945800781,
                    0.7282161712646484
                ],
                [
                    980.2114868164062,
                    602.375244140625,
                    0.7282161712646484
                ],
                [
                    908.7428588867188,
                    696.8983154296875,
                    0.9306711554527283
                ],
                [
                    929.4918212890625,
                    807.5595092773438,
                    0.8635514974594116
                ],
                [
                    929.4918212890625,
                    606.9861450195312,
                    0.7582520842552185
                ],
                [
                    864.939453125,
                    699.2037963867188,
                    0.9392290115356445
                ],
                [
                    894.9102172851562,
                    816.78125,
                    0.8375120759010315
                ],
                [
                    0.0,
                    0.0,
                    0.0
                ],
                [
                    0.0,
                    0.0,
                    0.0
                ],
                [
                    0.0,
                    0.0,
                    0.0
                ],
                [
                    0.0,
                    0.0,
                    0.0
                ],
                [
                    0.0,
                    0.0,
                    0.0
                ],
                [
                    0.0,
                    0.0,
                    0.0
                ],
                [
                    0.0,
                    0.0,
                    0.0
                ],
                [
                    0.0,
                    0.0,
                    0.0
                ],
                [
                    0.0,
                    0.0,
                    0.0
                ],
                [
                    0.0,
                    0.0,
                    0.0
                ]
            ],
            "isKeyframe": true,
            "area": 195934.262096175
        },
        {
            "bbox": [
                78.0846939086914,
                406.3362121582031,
                248.12582397460938,
                721.009521484375,
                1.0,
                1.0,
                0.0
            ],
            "personID": 1,
            "keypoints": [
                [
                    227.84274291992188,
                    456.3233642578125,
                    0.9141145944595337
                ],
                [
                    194.24480438232422,
                    469.4347381591797,
                    0.733765184879303
                ],
                [
                    157.3690185546875,
                    466.1568908691406,
                    0.733765184879303
                ],
                [
                    111.47915649414062,
                    451.4065856933594,
                    0.9212527871131897
                ],
                [
                    81.97853088378906,
                    438.2951965332031,
                    0.8393269181251526
                ],
                [
                    231.12059020996094,
                    472.71258544921875,
                    0.8999045491218567
                ],
                [
                    191.7864227294922,
                    507.1299743652344,
                    0.4508682191371918
                ],
                [
                    159.00794982910156,
                    459.6011962890625,
                    0.31065210700035095
                ],
                [
                    166.3831024169922,
                    553.0198364257812,
                    0.8088809847831726
                ],
                [
                    144.25762939453125,
                    553.0198364257812,
                    0.8088809847831726
                ],
                [
                    175.39718627929688,
                    607.1043090820312,
                    0.8584976196289062
                ],
                [
                    167.2025604248047,
                    685.7726440429688,
                    0.7793228626251221
                ],
                [
                    188.50857543945312,
                    553.0198364257812,
                    0.8612672686576843
                ],
                [
                    211.45350646972656,
                    607.1043090820312,
                    0.8994702696800232
                ],
                [
                    198.3421173095703,
                    680.8558959960938,
                    0.8508061766624451
                ],
                [
                    0.0,
                    0.0,
                    0.0
                ],
                [
                    0.0,
                    0.0,
                    0.0
                ],
                [
                    0.0,
                    0.0,
                    0.0
                ],
                [
                    0.0,
                    0.0,
                    0.0
                ],
                [
                    0.0,
                    0.0,
                    0.0
                ],
                [
                    0.0,
                    0.0,
                    0.0
                ],
                [
                    0.0,
                    0.0,
                    0.0
                ],
                [
                    0.0,
                    0.0,
                    0.0
                ],
                [
                    0.0,
                    0.0,
                    0.0
                ],
                [
                    0.0,
                    0.0,
                    0.0
                ]
            ],
            "isKeyframe": true,
            "area": 99019.29160228465
        }
    ],
    "isKeyframe": false
}