{
    "filename": "images/demo_H2FNV1/000032.jpg",
    "height": 1080,
    "width": 1920,
    "annots": [
        {
            "bbox": [
                687,
                293.7935791015625,
                949.2177734375,
                850,
                1.0,
                1.0,
                0.0
            ],
            "personID": 0,
            "keypoints": [
                [
                    843.9683227539062,
                    366.27008056640625,
                    0.9627885818481445
                ],
                [
                    894.2581481933594,
                    412.12254333496094,
                    0.8378313183784485
                ],
                [
                    929.7568359375,
                    407.6852111816406,
                    0.9051782488822937
                ],
                [
                    894.2581787109375,
                    475.7243957519531,
                    0.41979506611824036
                ],
                [
                    846.9265747070312,
                    475.7243957519531,
                    0.36342352628707886
                ],
                [
                    858.7594604492188,
                    416.55987548828125,
                    0.8378313183784485
                ],
                [
                    790.7202758789062,
                    475.7243957519531,
                    0.901943564414978
                ],
                [
                    728.5975341796875,
                    520.0977783203125,
                    0.9412863850593567
                ],
                [
                    904.6119384765625,
                    568.9084777832031,
                    0.7696216106414795
                ],
                [
                    926.7986450195312,
                    567.4293823242188,
                    0.8088606595993042
                ],
                [
                    920.8822021484375,
                    691.6748046875,
                    0.8953533172607422
                ],
                [
                    926.7986450195312,
                    804.0873413085938,
                    0.9093890190124512
                ],
                [
                    882.4252319335938,
                    570.3875732421875,
                    0.7696216106414795
                ],
                [
                    882.4252319335938,
                    700.5494995117188,
                    0.894616425037384
                ],
                [
                    891.2999267578125,
                    815.9202270507812,
                    0.8753255605697632
                ],
                [
                    0.0,
                    0.0,
                    0.0
                ],
                [
                    0.0,
                    0.0,
                    0.0
                ],
                [
                    0.0,
                    0.0,
                    0.0
                ],
                [
                    0.0,
                    0.0,
                    0.0
                ],
                [
                    0.0,
                    0.0,
                    0.0
                ],
                [
                    0.0,
                    0.0,
                    0.0
                ],
                [
                    0.0,
                    0.0,
                    0.0
                ],
                [
                    0.0,
                    0.0,
                    0.0
                ],
                [
                    0.0,
                    0.0,
                    0.0
                ],
                [
                    0.0,
                    0.0,
                    0.0
                ]
            ],
            "isKeyframe": true,
            "area": 322600.28754509985
        },
        {
            "bbox": [
                114.71438598632812,
                327.6359558105469,
                303.4013366699219,
                724.7655639648438,
                1.0,
                1.0,
                0.0
            ],
            "personID": 1,
            "keypoints": [
                [
                    181.1346893310547,
                    378.31134033203125,
                    0.9521694779396057
                ],
                [
                    166.656005859375,
                    411.4054718017578,
                    0.8778018355369568
                ],
                [
                    133.56187438964844,
                    415.542236328125,
                    0.8778018355369568
                ],
                [
                    150.10894775390625,
                    454.8415222167969,
                    0.9145088791847229
                ],
                [
                    176.9979248046875,
                    490.0040283203125,
                    0.9455170631408691
                ],
                [
                    199.75013732910156,
                    407.2687072753906,
                    0.9099828004837036
                ],
                [
                    243.18618774414062,
                    436.22607421875,
                    0.9105517268180847
                ],
                [
                    286.6222229003906,
                    461.04669189453125,
                    0.902897298336029
                ],
                [
                    174.92953491210938,
                    522.06396484375,
                    0.8236952424049377
                ],
                [
                    152.1773223876953,
                    523.09814453125,
                    0.8453229665756226
                ],
                [
                    158.38247680664062,
                    612.0386352539062,
                    0.8664387464523315
                ],
                [
                    162.5192413330078,
                    690.63720703125,
                    0.8382018208503723
                ],
                [
                    197.68174743652344,
                    521.02978515625,
                    0.8236952424049377
                ],
                [
                    199.75013732910156,
                    609.9702758789062,
                    0.8460714817047119
                ],
                [
                    195.61337280273438,
                    682.3636474609375,
                    0.8517116904258728
                ],
                [
                    0.0,
                    0.0,
                    0.0
                ],
                [
                    0.0,
                    0.0,
                    0.0
                ],
                [
                    0.0,
                    0.0,
                    0.0
                ],
                [
                    0.0,
                    0.0,
                    0.0
                ],
                [
                    0.0,
                    0.0,
                    0.0
                ],
                [
                    0.0,
                    0.0,
                    0.0
                ],
                [
                    0.0,
                    0.0,
                    0.0
                ],
                [
                    0.0,
                    0.0,
                    0.0
                ],
                [
                    0.0,
                    0.0,
                    0.0
                ],
                [
                    0.0,
                    0.0,
                    0.0
                ]
            ],
            "isKeyframe": true,
            "area": 157711.92567278538
        }
    ],
    "isKeyframe": false
}