{
    "filename": "images/demo_H2FNV1/000095.jpg",
    "height": 1080,
    "width": 1920,
    "annots": [
        {
            "bbox": [
                826.2939453125,
                447.2174987792969,
                1015.71875,
                839.8067016601562,
                1.0,
                1.0,
                0.0
            ],
            "personID": 0,
            "keypoints": [
                [
                    842.2840576171875,
                    501.4029846191406,
                    0.9332584738731384
                ],
                [
                    902.6037292480469,
                    559.6779479980469,
                    0.8135825991630554
                ],
                [
                    938.3865966796875,
                    552.5213623046875,
                    0.8135825991630554
                ],
                [
                    971.1023559570312,
                    636.3555297851562,
                    0.6631830930709839
                ],
                [
                    1011.9970703125,
                    703.831787109375,
                    0.5493024587631226
                ],
                [
                    866.8208618164062,
                    566.8345336914062,
                    0.8339800238609314
                ],
                [
                    881.134033203125,
                    660.892333984375,
                    0.9154680371284485
                ],
                [
                    889.3129272460938,
                    748.8159790039062,
                    0.7817543148994446
                ],
                [
                    967.0129089355469,
                    697.6975708007812,
                    0.7409914135932922
                ],
                [
                    991.5497436523438,
                    693.6080932617188,
                    0.7409914135932922
                ],
                [
                    899.53662109375,
                    691.5633544921875,
                    0.533397376537323
                ],
                [
                    934.297119140625,
                    810.1580200195312,
                    0.7800987958908081
                ],
                [
                    942.47607421875,
                    701.7870483398438,
                    0.7532647848129272
                ],
                [
                    846.37353515625,
                    707.9212646484375,
                    0.8400324583053589
                ],
                [
                    897.4918823242188,
                    812.2027587890625,
                    0.7991418838500977
                ],
                [
                    0.0,
                    0.0,
                    0.0
                ],
                [
                    0.0,
                    0.0,
                    0.0
                ],
                [
                    0.0,
                    0.0,
                    0.0
                ],
                [
                    0.0,
                    0.0,
                    0.0
                ],
                [
                    0.0,
                    0.0,
                    0.0
                ],
                [
                    0.0,
                    0.0,
                    0.0
                ],
                [
                    0.0,
                    0.0,
                    0.0
                ],
                [
                    0.0,
                    0.0,
                    0.0
                ],
                [
                    0.0,
                    0.0,
                    0.0
                ],
                [
                    0.0,
                    0.0,
                    0.0
                ]
            ],
            "isKeyframe": true,
            "area": 154126.28221862856
        },
        {
            "bbox": [
                109.94827270507812,
                440.6270751953125,
                252.9608612060547,
                723.580810546875,
                1.0,
                1.0,
                0.0
            ],
            "personID": 1,
            "keypoints": [
                [
                    216.08692932128906,
                    473.78570556640625,
                    0.9485114216804504
                ],
                [
                    193.24430084228516,
                    520.9446716308594,
                    0.7829905152320862
                ],
                [
                    157.13821411132812,
                    522.4183959960938,
                    0.7829905152320862
                ],
                [
                    130.61129760742188,
                    572.5247802734375,
                    0.8341513872146606
                ],
                [
                    118.82156372070312,
                    629.999755859375,
                    0.7965836524963379
                ],
                [
                    229.3503875732422,
                    519.470947265625,
                    0.8570139408111572
                ],
                [
                    229.3503875732422,
                    572.5247802734375,
                    0.8401983976364136
                ],
                [
                    224.92922973632812,
                    606.4202880859375,
                    0.5834674835205078
                ],
                [
                    177.0334014892578,
                    594.6305236816406,
                    0.7263804078102112
                ],
                [
                    157.13821411132812,
                    596.104248046875,
                    0.7263804078102112
                ],
                [
                    199.8760223388672,
                    621.157470703125,
                    0.890322744846344
                ],
                [
                    179.24398803710938,
                    688.948486328125,
                    0.8385358452796936
                ],
                [
                    196.9285888671875,
                    593.1567993164062,
                    0.7762511968612671
                ],
                [
                    242.6138458251953,
                    618.2100219726562,
                    0.8808252215385437
                ],
                [
                    208.7183380126953,
                    683.0535888671875,
                    0.8305473923683167
                ],
                [
                    0.0,
                    0.0,
                    0.0
                ],
                [
                    0.0,
                    0.0,
                    0.0
                ],
                [
                    0.0,
                    0.0,
                    0.0
                ],
                [
                    0.0,
                    0.0,
                    0.0
                ],
                [
                    0.0,
                    0.0,
                    0.0
                ],
                [
                    0.0,
                    0.0,
                    0.0
                ],
                [
                    0.0,
                    0.0,
                    0.0
                ],
                [
                    0.0,
                    0.0,
                    0.0
                ],
                [
                    0.0,
                    0.0,
                    0.0
                ],
                [
                    0.0,
                    0.0,
                    0.0
                ]
            ],
            "isKeyframe": true,
            "area": 80062.81634940207
        }
    ],
    "isKeyframe": false
}