{
    "filename": "images/demo_H2FNV1/000004.jpg",
    "height": 1080,
    "width": 1920,
    "annots": [
        {
            "bbox": [
                778.28515625,
                202.18568420410156,
                951.26025390625,
                865.5511474609375,
                1.0,
                1.0,
                0.0
            ],
            "personID": 0,
            "keypoints": [
                [
                    845.77001953125,
                    355.9344482421875,
                    0.9694457054138184
                ],
                [
                    880.3203430175781,
                    407.75987243652344,
                    0.8661372065544128
                ],
                [
                    911.4155883789062,
                    411.21490478515625,
                    0.9173521995544434
                ],
                [
                    897.595458984375,
                    338.6593017578125,
                    0.8291388154029846
                ],
                [
                    876.8652954101562,
                    255.73861694335938,
                    0.9441294074058533
                ],
                [
                    849.22509765625,
                    404.3048400878906,
                    0.8661372065544128
                ],
                [
                    814.6748046875,
                    331.7492370605469,
                    0.9511138200759888
                ],
                [
                    797.399658203125,
                    248.82855224609375,
                    0.9442576169967651
                ],
                [
                    882.0478515625,
                    571.8737182617188,
                    0.7851216793060303
                ],
                [
                    904.5055541992188,
                    570.1461791992188,
                    0.7851216793060303
                ],
                [
                    911.4155883789062,
                    694.5272216796875,
                    0.9085400700569153
                ],
                [
                    921.7807006835938,
                    808.5431518554688,
                    0.8742175698280334
                ],
                [
                    859.5901489257812,
                    573.6012573242188,
                    0.8392026424407959
                ],
                [
                    869.9552612304688,
                    701.4373168945312,
                    0.8989917039871216
                ],
                [
                    887.2304077148438,
                    822.36328125,
                    0.907900869846344
                ],
                [
                    0.0,
                    0.0,
                    0.0
                ],
                [
                    0.0,
                    0.0,
                    0.0
                ],
                [
                    0.0,
                    0.0,
                    0.0
                ],
                [
                    0.0,
                    0.0,
                    0.0
                ],
                [
                    0.0,
                    0.0,
                    0.0
                ],
                [
                    0.0,
                    0.0,
                    0.0
                ],
                [
                    0.0,
                    0.0,
                    0.0
                ],
                [
                    0.0,
                    0.0,
                    0.0
                ],
                [
                    0.0,
                    0.0,
                    0.0
                ],
                [
                    0.0,
                    0.0,
                    0.0
                ]
            ],
            "isKeyframe": true,
            "area": 440053.73784195655
        },
        {
            "bbox": [
                103.0732650756836,
                252.37901306152344,
                240.31736755371094,
                729.2508544921875,
                1.0,
                1.0,
                0.0
            ],
            "personID": 1,
            "keypoints": [
                [
                    172.93716430664062,
                    367.8714294433594,
                    0.9725725650787354
                ],
                [
                    164.2441864013672,
                    410.0944519042969,
                    0.846600353717804
                ],
                [
                    133.19784545898438,
                    415.0618591308594,
                    0.846600353717804
                ],
                [
                    135.68154907226562,
                    352.96917724609375,
                    0.8535813689231873
                ],
                [
                    133.19784545898438,
                    293.3601989746094,
                    0.9392332434654236
                ],
                [
                    195.29052734375,
                    405.1270446777344,
                    0.8970236778259277
                ],
                [
                    215.16018676757812,
                    352.96917724609375,
                    0.9558943510055542
                ],
                [
                    217.64390563964844,
                    298.3276062011719,
                    0.9676646590232849
                ],
                [
                    179.1464385986328,
                    530.5542602539062,
                    0.8742494583129883
                ],
                [
                    158.03492736816406,
                    531.796142578125,
                    0.8742494583129883
                ],
                [
                    155.55120849609375,
                    618.7258911132812,
                    0.9365704655647278
                ],
                [
                    160.5186309814453,
                    690.75341796875,
                    0.921368420124054
                ],
                [
                    200.25794982910156,
                    529.3123779296875,
                    0.8775202631950378
                ],
                [
                    195.29052734375,
                    616.2421875,
                    0.8999803066253662
                ],
                [
                    187.83941650390625,
                    680.8185424804688,
                    0.881743311882019
                ],
                [
                    0.0,
                    0.0,
                    0.0
                ],
                [
                    0.0,
                    0.0,
                    0.0
                ],
                [
                    0.0,
                    0.0,
                    0.0
                ],
                [
                    0.0,
                    0.0,
                    0.0
                ],
                [
                    0.0,
                    0.0,
                    0.0
                ],
                [
                    0.0,
                    0.0,
                    0.0
                ],
                [
                    0.0,
                    0.0,
                    0.0
                ],
                [
                    0.0,
                    0.0,
                    0.0
                ],
                [
                    0.0,
                    0.0,
                    0.0
                ],
                [
                    0.0,
                    0.0,
                    0.0
                ]
            ],
            "isKeyframe": true,
            "area": 227406.7531494724
        }
    ],
    "isKeyframe": false
}