{
    "filename": "images/demo_H2FNV1/000092.jpg",
    "height": 1080,
    "width": 1920,
    "annots": [
        {
            "bbox": [
                824.4390869140625,
                454.4820861816406,
                1004.0260620117188,
                853.312255859375,
                1.0,
                1.0,
                0.0
            ],
            "personID": 0,
            "keypoints": [
                [
                    834.2587890625,
                    511.606201171875,
                    0.9293383955955505
                ],
                [
                    893.4601440429688,
                    561.4599609375,
                    0.7663658857345581
                ],
                [
                    925.6573486328125,
                    553.1510009765625,
                    0.7663658857345581
                ],
                [
                    985.8973388671875,
                    623.7771606445312,
                    0.7943313717842102
                ],
                [
                    1031.5965576171875,
                    681.9398803710938,
                    0.8355401158332825
                ],
                [
                    861.262939453125,
                    569.7689208984375,
                    0.8463139533996582
                ],
                [
                    884.112548828125,
                    646.6268310546875,
                    0.850744366645813
                ],
                [
                    915.2711791992188,
                    721.407470703125,
                    0.752575159072876
                ],
                [
                    968.2407836914062,
                    691.2874755859375,
                    0.672907292842865
                ],
                [
                    992.1290283203125,
                    686.0943603515625,
                    0.8584017753601074
                ],
                [
                    900.73046875,
                    679.8626708984375,
                    0.5094755291938782
                ],
                [
                    931.8890991210938,
                    804.4970703125,
                    0.8088059425354004
                ],
                [
                    944.3525390625,
                    696.4805908203125,
                    0.672907292842865
                ],
                [
                    846.7222290039062,
                    704.78955078125,
                    0.8814994096755981
                ],
                [
                    896.5759887695312,
                    810.7288208007812,
                    0.7778846025466919
                ],
                [
                    0.0,
                    0.0,
                    0.0
                ],
                [
                    0.0,
                    0.0,
                    0.0
                ],
                [
                    0.0,
                    0.0,
                    0.0
                ],
                [
                    0.0,
                    0.0,
                    0.0
                ],
                [
                    0.0,
                    0.0,
                    0.0
                ],
                [
                    0.0,
                    0.0,
                    0.0
                ],
                [
                    0.0,
                    0.0,
                    0.0
                ],
                [
                    0.0,
                    0.0,
                    0.0
                ],
                [
                    0.0,
                    0.0,
                    0.0
                ],
                [
                    0.0,
                    0.0,
                    0.0
                ]
            ],
            "isKeyframe": true,
            "area": 159065.5042451704
        },
        {
            "bbox": [
                102.80949401855469,
                444.7987060546875,
                253.1474151611328,
                726.9349975585938,
                1.0,
                1.0,
                0.0
            ],
            "personID": 1,
            "keypoints": [
                [
                    221.3275146484375,
                    479.33099365234375,
                    0.9313212633132935
                ],
                [
                    197.816162109375,
                    522.6800537109375,
                    0.7227624654769897
                ],
                [
                    162.54913330078125,
                    523.414794921875,
                    0.7227624654769897
                ],
                [
                    122.87371826171875,
                    566.0291137695312,
                    0.8739413619041443
                ],
                [
                    96.42344665527344,
                    611.5823364257812,
                    0.8195371627807617
                ],
                [
                    233.08319091796875,
                    521.9453125,
                    0.8731918931007385
                ],
                [
                    211.04129028320312,
                    570.4375,
                    0.6080090999603271
                ],
                [
                    139.03778076171875,
                    539.578857421875,
                    0.0
                ],
                [
                    173.57007598876953,
                    593.9488525390625,
                    0.700305700302124
                ],
                [
                    149.32398986816406,
                    595.4183349609375,
                    0.700305700302124
                ],
                [
                    196.34669494628906,
                    620.3991088867188,
                    0.8823879957199097
                ],
                [
                    180.18264770507812,
                    690.9331665039062,
                    0.8050156235694885
                ],
                [
                    197.816162109375,
                    592.4793701171875,
                    0.8042160272598267
                ],
                [
                    238.96102905273438,
                    617.460205078125,
                    0.9330783486366272
                ],
                [
                    206.63291931152344,
                    683.5858764648438,
                    0.7805342078208923
                ],
                [
                    0.0,
                    0.0,
                    0.0
                ],
                [
                    0.0,
                    0.0,
                    0.0
                ],
                [
                    0.0,
                    0.0,
                    0.0
                ],
                [
                    0.0,
                    0.0,
                    0.0
                ],
                [
                    0.0,
                    0.0,
                    0.0
                ],
                [
                    0.0,
                    0.0,
                    0.0
                ],
                [
                    0.0,
                    0.0,
                    0.0
                ],
                [
                    0.0,
                    0.0,
                    0.0
                ],
                [
                    0.0,
                    0.0,
                    0.0
                ],
                [
                    0.0,
                    0.0,
                    0.0
                ]
            ],
            "isKeyframe": true,
            "area": 79600.88698357716
        }
    ],
    "isKeyframe": false
}