{
    "filename": "images/demo_H2FNV1/000036.jpg",
    "height": 1080,
    "width": 1920,
    "annots": [
        {
            "bbox": [
                747,
                302.04681396484375,
                954.739990234375,
                848,
                1.0,
                1.0,
                0.0
            ],
            "personID": 0,
            "keypoints": [
                [
                    833.3677368164062,
                    372.94439697265625,
                    0.9603369832038879
                ],
                [
                    885.4557189941406,
                    416.35105895996094,
                    0.8695769906044006
                ],
                [
                    923.0748291015625,
                    410.5635070800781,
                    0.9249025583267212
                ],
                [
                    911.499755859375,
                    491.58929443359375,
                    0.531256377696991
                ],
                [
                    899.9246215820312,
                    558.146240234375,
                    0.43424493074417114
                ],
                [
                    847.8366088867188,
                    422.13861083984375,
                    0.8695769906044006
                ],
                [
                    810.217529296875,
                    503.1644287109375,
                    0.8651626110076904
                ],
                [
                    772.598388671875,
                    563.9337768554688,
                    0.925058126449585
                ],
                [
                    908.60595703125,
                    569.7213134765625,
                    0.7692478895187378
                ],
                [
                    934.6499633789062,
                    566.8275146484375,
                    0.7692478895187378
                ],
                [
                    923.0748291015625,
                    691.260009765625,
                    0.8921595811843872
                ],
                [
                    925.9686279296875,
                    801.2236328125,
                    0.9126126170158386
                ],
                [
                    882.5619506835938,
                    572.6151123046875,
                    0.7703944444656372
                ],
                [
                    882.5619506835938,
                    702.8351440429688,
                    0.9024530053138733
                ],
                [
                    891.2432861328125,
                    815.6925048828125,
                    0.8670292496681213
                ],
                [
                    0.0,
                    0.0,
                    0.0
                ],
                [
                    0.0,
                    0.0,
                    0.0
                ],
                [
                    0.0,
                    0.0,
                    0.0
                ],
                [
                    0.0,
                    0.0,
                    0.0
                ],
                [
                    0.0,
                    0.0,
                    0.0
                ],
                [
                    0.0,
                    0.0,
                    0.0
                ],
                [
                    0.0,
                    0.0,
                    0.0
                ],
                [
                    0.0,
                    0.0,
                    0.0
                ],
                [
                    0.0,
                    0.0,
                    0.0
                ],
                [
                    0.0,
                    0.0,
                    0.0
                ]
            ],
            "isKeyframe": true,
            "area": 308697.4369049072
        },
        {
            "bbox": [
                114.24051666259766,
                326.7578125,
                297.75531005859375,
                721.3123168945312,
                1.0,
                1.0,
                0.0
            ],
            "personID": 1,
            "keypoints": [
                [
                    188.53067016601562,
                    383.2695007324219,
                    0.9435357451438904
                ],
                [
                    172.0908966064453,
                    414.09405517578125,
                    0.880575954914093
                ],
                [
                    139.2113494873047,
                    416.1490173339844,
                    0.885489284992218
                ],
                [
                    141.26632690429688,
                    471.6332702636719,
                    0.9154094457626343
                ],
                [
                    151.5411834716797,
                    514.7876586914062,
                    0.8477340936660767
                ],
                [
                    204.97044372558594,
                    412.0390930175781,
                    0.880575954914093
                ],
                [
                    239.9049530029297,
                    455.1934814453125,
                    0.9105393886566162
                ],
                [
                    276.8944396972656,
                    500.4028625488281,
                    0.8695402145385742
                ],
                [
                    178.25580596923828,
                    531.2274475097656,
                    0.7929713129997253
                ],
                [
                    155.651123046875,
                    533.2824096679688,
                    0.7929713129997253
                ],
                [
                    157.7061004638672,
                    615.4812622070312,
                    0.8887609839439392
                ],
                [
                    163.87100219726562,
                    689.4602661132812,
                    0.8602599501609802
                ],
                [
                    200.86048889160156,
                    529.1724853515625,
                    0.8274796605110168
                ],
                [
                    196.75054931640625,
                    615.4812622070312,
                    0.9022443294525146
                ],
                [
                    196.75054931640625,
                    683.2953491210938,
                    0.8415088653564453
                ],
                [
                    0.0,
                    0.0,
                    0.0
                ],
                [
                    0.0,
                    0.0,
                    0.0
                ],
                [
                    0.0,
                    0.0,
                    0.0
                ],
                [
                    0.0,
                    0.0,
                    0.0
                ],
                [
                    0.0,
                    0.0,
                    0.0
                ],
                [
                    0.0,
                    0.0,
                    0.0
                ],
                [
                    0.0,
                    0.0,
                    0.0
                ],
                [
                    0.0,
                    0.0,
                    0.0
                ],
                [
                    0.0,
                    0.0,
                    0.0
                ],
                [
                    0.0,
                    0.0,
                    0.0
                ]
            ],
            "isKeyframe": true,
            "area": 155673.25693801418
        }
    ],
    "isKeyframe": false
}