{
    "filename": "images/demo_H2FNV1/000065.jpg",
    "height": 1080,
    "width": 1920,
    "annots": [
        {
            "bbox": [
                798.0908203125,
                412.7255859375,
                1014.2900390625,
                859.2124633789062,
                1.0,
                1.0,
                0.0
            ],
            "personID": 0,
            "keypoints": [
                [
                    800.38232421875,
                    488.3027648925781,
                    0.8771164417266846
                ],
                [
                    880.6104431152344,
                    496.4418487548828,
                    0.8514488935470581
                ],
                [
                    921.3058471679688,
                    492.95367431640625,
                    0.8514488935470581
                ],
                [
                    965.489501953125,
                    488.3027648925781,
                    0.8558090329170227
                ],
                [
                    1011.99853515625,
                    472.02459716796875,
                    0.9126546382904053
                ],
                [
                    839.9150390625,
                    499.9300231933594,
                    0.8700703978538513
                ],
                [
                    886.424072265625,
                    481.3263854980469,
                    0.9116861820220947
                ],
                [
                    939.9094848632812,
                    448.7700500488281,
                    0.7306332588195801
                ],
                [
                    960.8385620117188,
                    622.0162963867188,
                    0.7058463096618652
                ],
                [
                    984.0930786132812,
                    620.8535766601562,
                    0.7058463096618652
                ],
                [
                    905.0277099609375,
                    702.244384765625,
                    0.8988582491874695
                ],
                [
                    928.2822265625,
                    804.5643310546875,
                    0.8582849502563477
                ],
                [
                    937.5840454101562,
                    623.1790161132812,
                    0.7098541259765625
                ],
                [
                    860.8441162109375,
                    699.9189453125,
                    0.9251635670661926
                ],
                [
                    893.4004516601562,
                    813.8660888671875,
                    0.8854188919067383
                ],
                [
                    0.0,
                    0.0,
                    0.0
                ],
                [
                    0.0,
                    0.0,
                    0.0
                ],
                [
                    0.0,
                    0.0,
                    0.0
                ],
                [
                    0.0,
                    0.0,
                    0.0
                ],
                [
                    0.0,
                    0.0,
                    0.0
                ],
                [
                    0.0,
                    0.0,
                    0.0
                ],
                [
                    0.0,
                    0.0,
                    0.0
                ],
                [
                    0.0,
                    0.0,
                    0.0
                ],
                [
                    0.0,
                    0.0,
                    0.0
                ],
                [
                    0.0,
                    0.0,
                    0.0
                ]
            ],
            "isKeyframe": true,
            "area": 199350.53172737733
        },
        {
            "bbox": [
                85.05814361572266,
                411.2696533203125,
                246.52186584472656,
                716.9655151367188,
                1.0,
                1.0,
                0.0
            ],
            "personID": 1,
            "keypoints": [
                [
                    227.08837890625,
                    467.7915344238281,
                    0.9105380773544312
                ],
                [
                    196.83724212646484,
                    477.3445281982422,
                    0.764792799949646
                ],
                [
                    161.80960083007812,
                    475.7523498535156,
                    0.764792799949646
                ],
                [
                    115.63679504394531,
                    450.2777099609375,
                    0.8283031582832336
                ],
                [
                    85.3856430053711,
                    420.02655029296875,
                    0.6811407804489136
                ],
                [
                    231.86488342285156,
                    478.93670654296875,
                    0.8752834796905518
                ],
                [
                    193.6529083251953,
                    475.7523498535156,
                    0.0
                ],
                [
                    157.03309631347656,
                    443.9090576171875,
                    0.7895689010620117
                ],
                [
                    163.4017562866211,
                    559.341064453125,
                    0.7932093143463135
                ],
                [
                    139.51927185058594,
                    560.1371459960938,
                    0.7932093143463135
                ],
                [
                    177.7312469482422,
                    607.902099609375,
                    0.8928266167640686
                ],
                [
                    169.77041625976562,
                    687.5103759765625,
                    0.8179758191108704
                ],
                [
                    187.28424072265625,
                    558.5449829101562,
                    0.8145573139190674
                ],
                [
                    214.35105895996094,
                    609.4942626953125,
                    0.8811187744140625
                ],
                [
                    200.02157592773438,
                    679.549560546875,
                    0.8631189465522766
                ],
                [
                    0.0,
                    0.0,
                    0.0
                ],
                [
                    0.0,
                    0.0,
                    0.0
                ],
                [
                    0.0,
                    0.0,
                    0.0
                ],
                [
                    0.0,
                    0.0,
                    0.0
                ],
                [
                    0.0,
                    0.0,
                    0.0
                ],
                [
                    0.0,
                    0.0,
                    0.0
                ],
                [
                    0.0,
                    0.0,
                    0.0
                ],
                [
                    0.0,
                    0.0,
                    0.0
                ],
                [
                    0.0,
                    0.0,
                    0.0
                ],
                [
                    0.0,
                    0.0,
                    0.0
                ]
            ],
            "isKeyframe": true,
            "area": 93449.95993167534
        }
    ],
    "isKeyframe": false
}