{
    "filename": "images/demo_H2FNV1/000039.jpg",
    "height": 1080,
    "width": 1920,
    "annots": [
        {
            "bbox": [
                778,
                300.78900146484375,
                959.26953125,
                862,
                1.0,
                1.0,
                0.0
            ],
            "personID": 0,
            "keypoints": [
                [
                    829.0282592773438,
                    381.8939208984375,
                    0.9464622735977173
                ],
                [
                    883.5897827148438,
                    417.28517150878906,
                    0.8509240746498108
                ],
                [
                    917.5064086914062,
                    411.3866271972656,
                    0.9135403037071228
                ],
                [
                    917.5064086914062,
                    493.9661865234375,
                    0.6246278285980225
                ],
                [
                    902.7600708007812,
                    561.7994384765625,
                    0.5212153196334839
                ],
                [
                    849.6731567382812,
                    423.1837158203125,
                    0.8509240746498108
                ],
                [
                    820.1804809570312,
                    514.611083984375,
                    0.8913465142250061
                ],
                [
                    799.5355834960938,
                    588.3428344726562,
                    0.913817286491394
                ],
                [
                    914.55712890625,
                    566.2233276367188,
                    0.7364930510520935
                ],
                [
                    938.1513061523438,
                    561.7994384765625,
                    0.7364930510520935
                ],
                [
                    926.3541870117188,
                    694.5166015625,
                    0.9090152382850647
                ],
                [
                    929.303466796875,
                    797.7410278320312,
                    0.8680623769760132
                ],
                [
                    890.9629516601562,
                    570.647216796875,
                    0.7535789012908936
                ],
                [
                    882.1151733398438,
                    700.4151000976562,
                    0.8984128832817078
                ],
                [
                    893.9122314453125,
                    815.4367065429688,
                    0.910149097442627
                ],
                [
                    0.0,
                    0.0,
                    0.0
                ],
                [
                    0.0,
                    0.0,
                    0.0
                ],
                [
                    0.0,
                    0.0,
                    0.0
                ],
                [
                    0.0,
                    0.0,
                    0.0
                ],
                [
                    0.0,
                    0.0,
                    0.0
                ],
                [
                    0.0,
                    0.0,
                    0.0
                ],
                [
                    0.0,
                    0.0,
                    0.0
                ],
                [
                    0.0,
                    0.0,
                    0.0
                ],
                [
                    0.0,
                    0.0,
                    0.0
                ],
                [
                    0.0,
                    0.0,
                    0.0
                ]
            ],
            "isKeyframe": true,
            "area": 320650.2604127079
        },
        {
            "bbox": [
                114.37712860107422,
                326.922119140625,
                285.9981384277344,
                717.3766479492188,
                1.0,
                1.0,
                0.0
            ],
            "personID": 1,
            "keypoints": [
                [
                    193.06996154785156,
                    384.8802490234375,
                    0.9688526391983032
                ],
                [
                    172.7337875366211,
                    418.4349365234375,
                    0.8724645972251892
                ],
                [
                    138.16229248046875,
                    421.4853515625,
                    0.8724645972251892
                ],
                [
                    132.0614471435547,
                    480.46026611328125,
                    0.8393463492393494
                ],
                [
                    138.16229248046875,
                    535.367919921875,
                    0.8401860594749451
                ],
                [
                    207.30528259277344,
                    415.384521484375,
                    0.8960436582565308
                ],
                [
                    239.84315490722656,
                    466.2249450683594,
                    0.9053328633308411
                ],
                [
                    266.2801818847656,
                    508.930908203125,
                    0.88466477394104
                ],
                [
                    178.83464813232422,
                    533.3342895507812,
                    0.7949345707893372
                ],
                [
                    156.46485900878906,
                    533.3342895507812,
                    0.7949345707893372
                ],
                [
                    158.49847412109375,
                    614.6790161132812,
                    0.8495973348617554
                ],
                [
                    164.5993194580078,
                    689.9228515625,
                    0.7986690998077393
                ],
                [
                    201.20443725585938,
                    533.3342895507812,
                    0.9025129079818726
                ],
                [
                    197.13719177246094,
                    614.6790161132812,
                    0.8554487824440002
                ],
                [
                    195.10357666015625,
                    683.8219604492188,
                    0.896696150302887
                ],
                [
                    0.0,
                    0.0,
                    0.0
                ],
                [
                    0.0,
                    0.0,
                    0.0
                ],
                [
                    0.0,
                    0.0,
                    0.0
                ],
                [
                    0.0,
                    0.0,
                    0.0
                ],
                [
                    0.0,
                    0.0,
                    0.0
                ],
                [
                    0.0,
                    0.0,
                    0.0
                ],
                [
                    0.0,
                    0.0,
                    0.0
                ],
                [
                    0.0,
                    0.0,
                    0.0
                ],
                [
                    0.0,
                    0.0,
                    0.0
                ],
                [
                    0.0,
                    0.0,
                    0.0
                ]
            ],
            "isKeyframe": true,
            "area": 152454.73906714097
        }
    ],
    "isKeyframe": false
}