{
    "filename": "images/demo_H2FNV1/000063.jpg",
    "height": 1080,
    "width": 1920,
    "annots": [
        {
            "bbox": [
                798.4412231445312,
                422.92572021484375,
                1032.25927734375,
                852.1717529296875,
                1.0,
                1.0,
                0.0
            ],
            "personID": 0,
            "keypoints": [
                [
                    800.2138671875,
                    475.4635925292969,
                    0.8904164433479309
                ],
                [
                    878.4619140625,
                    489.995361328125,
                    0.8248168230056763
                ],
                [
                    918.7037353515625,
                    488.8775329589844,
                    0.8359076976776123
                ],
                [
                    967.88818359375,
                    488.8775329589844,
                    0.881293773651123
                ],
                [
                    1019.3082275390625,
                    477.6992492675781,
                    0.8860605955123901
                ],
                [
                    838.2200927734375,
                    491.1131896972656,
                    0.8248168230056763
                ],
                [
                    887.404541015625,
                    479.9349060058594,
                    0.8924331665039062
                ],
                [
                    947.7672119140625,
                    450.8713684082031,
                    0.7380441427230835
                ],
                [
                    953.3563842773438,
                    607.3673095703125,
                    0.7009864449501038
                ],
                [
                    979.06640625,
                    607.3673095703125,
                    0.7009864449501038
                ],
                [
                    905.289794921875,
                    699.029296875,
                    0.9283737540245056
                ],
                [
                    927.6463623046875,
                    806.3408203125,
                    0.8505743741989136
                ],
                [
                    927.6463623046875,
                    607.3673095703125,
                    0.7440627813339233
                ],
                [
                    862.812255859375,
                    701.264892578125,
                    0.9064847230911255
                ],
                [
                    894.1114501953125,
                    815.283447265625,
                    0.8414474129676819
                ],
                [
                    0.0,
                    0.0,
                    0.0
                ],
                [
                    0.0,
                    0.0,
                    0.0
                ],
                [
                    0.0,
                    0.0,
                    0.0
                ],
                [
                    0.0,
                    0.0,
                    0.0
                ],
                [
                    0.0,
                    0.0,
                    0.0
                ],
                [
                    0.0,
                    0.0,
                    0.0
                ],
                [
                    0.0,
                    0.0,
                    0.0
                ],
                [
                    0.0,
                    0.0,
                    0.0
                ],
                [
                    0.0,
                    0.0,
                    0.0
                ],
                [
                    0.0,
                    0.0,
                    0.0
                ]
            ],
            "isKeyframe": true,
            "area": 184252.1566014327
        },
        {
            "bbox": [
                80.57262420654297,
                408.17779541015625,
                247.25296020507812,
                719.9644165039062,
                1.0,
                1.0,
                0.0
            ],
            "personID": 1,
            "keypoints": [
                [
                    228.05638122558594,
                    460.95416259765625,
                    0.9270862936973572
                ],
                [
                    195.57860565185547,
                    472.32139587402344,
                    0.7456744313240051
                ],
                [
                    159.85305786132812,
                    470.697509765625,
                    0.7456744313240051
                ],
                [
                    112.76028442382812,
                    449.5869445800781,
                    0.8994171619415283
                ],
                [
                    75.41085052490234,
                    425.2286376953125,
                    0.7392304539680481
                ],
                [
                    231.3041534423828,
                    473.9452819824219,
                    0.9066789150238037
                ],
                [
                    193.95472717285156,
                    508.04693603515625,
                    0.3888366222381592
                ],
                [
                    133.87083435058594,
                    443.0914001464844,
                    0.32178789377212524
                ],
                [
                    166.3486099243164,
                    554.3277587890625,
                    0.8211939334869385
                ],
                [
                    143.61416625976562,
                    553.5158081054688,
                    0.8211939334869385
                ],
                [
                    176.09194946289062,
                    607.1041259765625,
                    0.8844450116157532
                ],
                [
                    167.97250366210938,
                    685.05078125,
                    0.8034496903419495
                ],
                [
                    189.0830535888672,
                    555.1397094726562,
                    0.8430033922195435
                ],
                [
                    211.81748962402344,
                    607.1041259765625,
                    0.9064124822616577
                ],
                [
                    198.82638549804688,
                    681.8030395507812,
                    0.8625321388244629
                ],
                [
                    0.0,
                    0.0,
                    0.0
                ],
                [
                    0.0,
                    0.0,
                    0.0
                ],
                [
                    0.0,
                    0.0,
                    0.0
                ],
                [
                    0.0,
                    0.0,
                    0.0
                ],
                [
                    0.0,
                    0.0,
                    0.0
                ],
                [
                    0.0,
                    0.0,
                    0.0
                ],
                [
                    0.0,
                    0.0,
                    0.0
                ],
                [
                    0.0,
                    0.0,
                    0.0
                ],
                [
                    0.0,
                    0.0,
                    0.0
                ],
                [
                    0.0,
                    0.0,
                    0.0
                ]
            ],
            "isKeyframe": true,
            "area": 97210.89709305763
        }
    ],
    "isKeyframe": false
}