{
    "filename": "images/demo_H2FNV1/000011.jpg",
    "height": 1080,
    "width": 1920,
    "annots": [
        {
            "bbox": [
                764.2230224609375,
                229.06724548339844,
                957.4014892578125,
                860.9456176757812,
                1.0,
                1.0,
                0.0
            ],
            "personID": 0,
            "keypoints": [
                [
                    849.2936401367188,
                    355.7720031738281,
                    0.9241470098495483
                ],
                [
                    885.4949951171875,
                    413.36509704589844,
                    0.8609787821769714
                ],
                [
                    918.4053344726562,
                    415.0106201171875,
                    0.8968482613563538
                ],
                [
                    878.9129638671875,
                    336.02581787109375,
                    0.7561582922935486
                ],
                [
                    852.5846557617188,
                    273.4961853027344,
                    0.9342418313026428
                ],
                [
                    852.5846557617188,
                    411.7195739746094,
                    0.8609787821769714
                ],
                [
                    796.6371459960938,
                    342.6078796386719,
                    0.9889005422592163
                ],
                [
                    770.308837890625,
                    273.4961853027344,
                    0.9429346323013306
                ],
                [
                    885.4949951171875,
                    569.6891479492188,
                    0.7786357402801514
                ],
                [
                    905.2412109375,
                    566.3981323242188,
                    0.826924741268158
                ],
                [
                    911.8232421875,
                    694.7484130859375,
                    0.9430924654006958
                ],
                [
                    921.6963500976562,
                    806.6435546875,
                    0.893432080745697
                ],
                [
                    865.748779296875,
                    572.9801635742188,
                    0.7786357402801514
                ],
                [
                    872.3308715820312,
                    698.0394287109375,
                    0.8882085084915161
                ],
                [
                    885.4949951171875,
                    819.8076782226562,
                    0.9218245148658752
                ],
                [
                    0.0,
                    0.0,
                    0.0
                ],
                [
                    0.0,
                    0.0,
                    0.0
                ],
                [
                    0.0,
                    0.0,
                    0.0
                ],
                [
                    0.0,
                    0.0,
                    0.0
                ],
                [
                    0.0,
                    0.0,
                    0.0
                ],
                [
                    0.0,
                    0.0,
                    0.0
                ],
                [
                    0.0,
                    0.0,
                    0.0
                ],
                [
                    0.0,
                    0.0,
                    0.0
                ],
                [
                    0.0,
                    0.0,
                    0.0
                ],
                [
                    0.0,
                    0.0,
                    0.0
                ]
            ],
            "isKeyframe": true,
            "area": 399270.27724449546
        },
        {
            "bbox": [
                107.54290008544922,
                260.7874755859375,
                254.33497619628906,
                730.6710205078125,
                1.0,
                1.0,
                0.0
            ],
            "personID": 1,
            "keypoints": [
                [
                    172.37335205078125,
                    369.6927795410156,
                    0.9811893701553345
                ],
                [
                    163.8077621459961,
                    406.4024353027344,
                    0.8908680081367493
                ],
                [
                    133.2163848876953,
                    411.29705810546875,
                    0.8908680081367493
                ],
                [
                    143.00563049316406,
                    359.9035339355469,
                    0.8456752300262451
                ],
                [
                    150.34756469726562,
                    313.4046325683594,
                    0.9290058612823486
                ],
                [
                    194.39913940429688,
                    401.5078125,
                    0.9171851277351379
                ],
                [
                    223.76686096191406,
                    359.9035339355469,
                    0.9560240507125854
                ],
                [
                    233.5561065673828,
                    310.95733642578125,
                    0.9508470892906189
                ],
                [
                    179.71527862548828,
                    529.9916076660156,
                    0.8732945919036865
                ],
                [
                    157.68948364257812,
                    531.2152709960938,
                    0.8732945919036865
                ],
                [
                    157.68948364257812,
                    619.3184204101562,
                    0.9085288047790527
                ],
                [
                    162.5841064453125,
                    692.7377319335938,
                    0.8998187780380249
                ],
                [
                    201.74107360839844,
                    528.7679443359375,
                    0.9247814416885376
                ],
                [
                    196.84645080566406,
                    616.87109375,
                    0.9200246334075928
                ],
                [
                    191.9518280029297,
                    682.948486328125,
                    0.9189795851707458
                ],
                [
                    0.0,
                    0.0,
                    0.0
                ],
                [
                    0.0,
                    0.0,
                    0.0
                ],
                [
                    0.0,
                    0.0,
                    0.0
                ],
                [
                    0.0,
                    0.0,
                    0.0
                ],
                [
                    0.0,
                    0.0,
                    0.0
                ],
                [
                    0.0,
                    0.0,
                    0.0
                ],
                [
                    0.0,
                    0.0,
                    0.0
                ],
                [
                    0.0,
                    0.0,
                    0.0
                ],
                [
                    0.0,
                    0.0,
                    0.0
                ],
                [
                    0.0,
                    0.0,
                    0.0
                ]
            ],
            "isKeyframe": true,
            "area": 220790.54578834772
        }
    ],
    "isKeyframe": false
}