{
    "filename": "images/demo_H2FNV1/000035.jpg",
    "height": 1080,
    "width": 1920,
    "annots": [
        {
            "bbox": [
                728,
                299.2233581542969,
                952.517822265625,
                854,
                1.0,
                1.0,
                0.0
            ],
            "personID": 0,
            "keypoints": [
                [
                    836.3329467773438,
                    372.05950927734375,
                    0.9828207492828369
                ],
                [
                    889.84521484375,
                    413.68017578125,
                    0.8401364088058472
                ],
                [
                    925.5200805664062,
                    407.734375,
                    0.9187972545623779
                ],
                [
                    913.6284790039062,
                    488.0027770996094,
                    0.5230154991149902
                ],
                [
                    874.980712890625,
                    535.5692749023438,
                    0.4152663052082062
                ],
                [
                    854.1703491210938,
                    419.6259765625,
                    0.8401364088058472
                ],
                [
                    806.6038818359375,
                    496.9215087890625,
                    0.730589747428894
                ],
                [
                    764.9832153320312,
                    556.3795776367188,
                    0.8475040197372437
                ],
                [
                    904.7097473144531,
                    562.3254089355469,
                    0.7775527834892273
                ],
                [
                    931.4658813476562,
                    556.3795776367188,
                    0.8013821840286255
                ],
                [
                    925.5200805664062,
                    693.1332397460938,
                    0.886867344379425
                ],
                [
                    925.5200805664062,
                    800.1577758789062,
                    0.9043645262718201
                ],
                [
                    877.95361328125,
                    568.271240234375,
                    0.7775527834892273
                ],
                [
                    880.926513671875,
                    702.0519409179688,
                    0.90547114610672
                ],
                [
                    892.818115234375,
                    817.9951782226562,
                    0.8818821907043457
                ],
                [
                    0.0,
                    0.0,
                    0.0
                ],
                [
                    0.0,
                    0.0,
                    0.0
                ],
                [
                    0.0,
                    0.0,
                    0.0
                ],
                [
                    0.0,
                    0.0,
                    0.0
                ],
                [
                    0.0,
                    0.0,
                    0.0
                ],
                [
                    0.0,
                    0.0,
                    0.0
                ],
                [
                    0.0,
                    0.0,
                    0.0
                ],
                [
                    0.0,
                    0.0,
                    0.0
                ],
                [
                    0.0,
                    0.0,
                    0.0
                ],
                [
                    0.0,
                    0.0,
                    0.0
                ]
            ],
            "isKeyframe": true,
            "area": 325810.0131547088
        },
        {
            "bbox": [
                114.49237060546875,
                327.0266418457031,
                302.6673889160156,
                720.3153076171875,
                1.0,
                1.0,
                0.0
            ],
            "personID": 1,
            "keypoints": [
                [
                    187.0718994140625,
                    381.30865478515625,
                    0.9630873203277588
                ],
                [
                    170.68488311767578,
                    412.0343475341797,
                    0.8847196102142334
                ],
                [
                    137.91082763671875,
                    416.131103515625,
                    0.8856222033500671
                ],
                [
                    144.0559539794922,
                    471.43731689453125,
                    0.9394497871398926
                ],
                [
                    156.3462371826172,
                    514.4532470703125,
                    0.9072499871253967
                ],
                [
                    203.4589385986328,
                    407.9375915527344,
                    0.8847196102142334
                ],
                [
                    240.32974243164062,
                    450.9535217285156,
                    0.9127212166786194
                ],
                [
                    281.29730224609375,
                    491.92108154296875,
                    0.8838933110237122
                ],
                [
                    178.8783950805664,
                    530.8403015136719,
                    0.7998350858688354
                ],
                [
                    156.3462371826172,
                    532.888671875,
                    0.7998350858688354
                ],
                [
                    158.3946075439453,
                    614.8237915039062,
                    0.8867301344871521
                ],
                [
                    162.49136352539062,
                    688.5654296875,
                    0.8722673058509827
                ],
                [
                    201.41055297851562,
                    528.7919311523438,
                    0.8099623322486877
                ],
                [
                    199.3621826171875,
                    612.775390625,
                    0.8733527660369873
                ],
                [
                    197.3137969970703,
                    682.4202880859375,
                    0.8573535680770874
                ],
                [
                    0.0,
                    0.0,
                    0.0
                ],
                [
                    0.0,
                    0.0,
                    0.0
                ],
                [
                    0.0,
                    0.0,
                    0.0
                ],
                [
                    0.0,
                    0.0,
                    0.0
                ],
                [
                    0.0,
                    0.0,
                    0.0
                ],
                [
                    0.0,
                    0.0,
                    0.0
                ],
                [
                    0.0,
                    0.0,
                    0.0
                ],
                [
                    0.0,
                    0.0,
                    0.0
                ],
                [
                    0.0,
                    0.0,
                    0.0
                ],
                [
                    0.0,
                    0.0,
                    0.0
                ]
            ],
            "isKeyframe": true,
            "area": 154675.97462431435
        }
    ],
    "isKeyframe": false
}