{
    "filename": "images/demo_H2FNV1/000093.jpg",
    "height": 1080,
    "width": 1920,
    "annots": [
        {
            "bbox": [
                824.4462280273438,
                454.41998291015625,
                1004.0926513671875,
                853.1307373046875,
                1.0,
                1.0,
                0.0
            ],
            "personID": 0,
            "keypoints": [
                [
                    834.319580078125,
                    511.5270080566406,
                    0.9303500056266785
                ],
                [
                    893.5032043457031,
                    561.3658752441406,
                    0.7643799781799316
                ],
                [
                    925.6907958984375,
                    553.0593872070312,
                    0.7643799781799316
                ],
                [
                    985.9127807617188,
                    625.7410278320312,
                    0.7956772446632385
                ],
                [
                    1031.598388671875,
                    681.8097534179688,
                    0.8344178199768066
                ],
                [
                    861.3156127929688,
                    569.67236328125,
                    0.8457449078559875
                ],
                [
                    884.158447265625,
                    646.5072021484375,
                    0.8450601696968079
                ],
                [
                    915.3077392578125,
                    721.2655029296875,
                    0.7529852986335754
                ],
                [
                    968.261474609375,
                    691.1545104980469,
                    0.6664382219314575
                ],
                [
                    992.142578125,
                    685.9629516601562,
                    0.8569433689117432
                ],
                [
                    900.7713623046875,
                    679.7330932617188,
                    0.49909648299217224
                ],
                [
                    931.920654296875,
                    804.3302612304688,
                    0.8128642439842224
                ],
                [
                    944.38037109375,
                    696.3460693359375,
                    0.6664382219314575
                ],
                [
                    846.779296875,
                    704.6525268554688,
                    0.8767633438110352
                ],
                [
                    896.6181640625,
                    812.63671875,
                    0.7719966173171997
                ],
                [
                    0.0,
                    0.0,
                    0.0
                ],
                [
                    0.0,
                    0.0,
                    0.0
                ],
                [
                    0.0,
                    0.0,
                    0.0
                ],
                [
                    0.0,
                    0.0,
                    0.0
                ],
                [
                    0.0,
                    0.0,
                    0.0
                ],
                [
                    0.0,
                    0.0,
                    0.0
                ],
                [
                    0.0,
                    0.0,
                    0.0
                ],
                [
                    0.0,
                    0.0,
                    0.0
                ],
                [
                    0.0,
                    0.0,
                    0.0
                ],
                [
                    0.0,
                    0.0,
                    0.0
                ]
            ],
            "isKeyframe": true,
            "area": 158970.26566985622
        },
        {
            "bbox": [
                102.36231231689453,
                444.7686767578125,
                253.00990295410156,
                726.5362548828125,
                1.0,
                1.0,
                0.0
            ],
            "personID": 1,
            "keypoints": [
                [
                    220.978515625,
                    479.255859375,
                    0.9401975274085999
                ],
                [
                    198.23165130615234,
                    523.2820434570312,
                    0.7244744896888733
                ],
                [
                    162.2769317626953,
                    523.2820434570312,
                    0.7244744896888733
                ],
                [
                    122.65336608886719,
                    565.8406982421875,
                    0.8695341944694519
                ],
                [
                    96.23765563964844,
                    611.3344116210938,
                    0.816485583782196
                ],
                [
                    234.18637084960938,
                    523.2820434570312,
                    0.872547447681427
                ],
                [
                    210.7057342529297,
                    570.2432861328125,
                    0.6123496890068054
                ],
                [
                    138.79629516601562,
                    539.4249877929688,
                    0.3029620051383972
                ],
                [
                    174.7510223388672,
                    593.7239379882812,
                    0.708011269569397
                ],
                [
                    150.53662109375,
                    595.1914672851562,
                    0.708011269569397
                ],
                [
                    196.03033447265625,
                    620.1396484375,
                    0.8831910490989685
                ],
                [
                    179.8874053955078,
                    690.58154296875,
                    0.8109860420227051
                ],
                [
                    198.96542358398438,
                    592.2564086914062,
                    0.8070946335792542
                ],
                [
                    240.0565185546875,
                    617.20458984375,
                    0.9353654980659485
                ],
                [
                    207.77066040039062,
                    683.2438354492188,
                    0.7854562997817993
                ],
                [
                    0.0,
                    0.0,
                    0.0
                ],
                [
                    0.0,
                    0.0,
                    0.0
                ],
                [
                    0.0,
                    0.0,
                    0.0
                ],
                [
                    0.0,
                    0.0,
                    0.0
                ],
                [
                    0.0,
                    0.0,
                    0.0
                ],
                [
                    0.0,
                    0.0,
                    0.0
                ],
                [
                    0.0,
                    0.0,
                    0.0
                ],
                [
                    0.0,
                    0.0,
                    0.0
                ],
                [
                    0.0,
                    0.0,
                    0.0
                ],
                [
                    0.0,
                    0.0,
                    0.0
                ]
            ],
            "isKeyframe": true,
            "area": 79392.96808242798
        }
    ],
    "isKeyframe": false
}