{
    "filename": "images/demo_H2FNV1/000097.jpg",
    "height": 1080,
    "width": 1920,
    "annots": [
        {
            "bbox": [
                825.8317260742188,
                440.1868896484375,
                1002.9262084960938,
                847.2076416015625,
                1.0,
                1.0,
                0.0
            ],
            "personID": 0,
            "keypoints": [
                [
                    849.7220458984375,
                    492.1244201660156,
                    0.952995777130127
                ],
                [
                    906.9593200683594,
                    553.6015319824219,
                    0.8210789561271667
                ],
                [
                    942.9976196289062,
                    545.1219482421875,
                    0.8210789561271667
                ],
                [
                    934.5180053710938,
                    627.7980346679688,
                    0.4649370014667511
                ],
                [
                    915.4389038085938,
                    678.6755981445312,
                    0.5193610191345215
                ],
                [
                    870.9210205078125,
                    562.0811157226562,
                    0.840126633644104
                ],
                [
                    868.8011474609375,
                    659.5964965820312,
                    0.7767308354377747
                ],
                [
                    853.9618530273438,
                    748.63232421875,
                    0.5585340857505798
                ],
                [
                    964.1965942382812,
                    694.5748596191406,
                    0.7219185829162598
                ],
                [
                    987.5155029296875,
                    693.514892578125,
                    0.7219185829162598
                ],
                [
                    887.8802490234375,
                    689.2750854492188,
                    0.7838614583015442
                ],
                [
                    930.2781982421875,
                    803.7496948242188,
                    0.7856371402740479
                ],
                [
                    940.877685546875,
                    695.6348266601562,
                    0.7830630540847778
                ],
                [
                    843.3623657226562,
                    708.3541870117188,
                    0.8548219799995422
                ],
                [
                    896.3598022460938,
                    812.2293090820312,
                    0.8088019490242004
                ],
                [
                    0.0,
                    0.0,
                    0.0
                ],
                [
                    0.0,
                    0.0,
                    0.0
                ],
                [
                    0.0,
                    0.0,
                    0.0
                ],
                [
                    0.0,
                    0.0,
                    0.0
                ],
                [
                    0.0,
                    0.0,
                    0.0
                ],
                [
                    0.0,
                    0.0,
                    0.0
                ],
                [
                    0.0,
                    0.0,
                    0.0
                ],
                [
                    0.0,
                    0.0,
                    0.0
                ],
                [
                    0.0,
                    0.0,
                    0.0
                ],
                [
                    0.0,
                    0.0,
                    0.0
                ]
            ],
            "isKeyframe": true,
            "area": 165665.8925204873
        },
        {
            "bbox": [
                123.39058685302734,
                431.6448974609375,
                257.4532775878906,
                719.5257568359375,
                1.0,
                1.0,
                0.0
            ],
            "personID": 1,
            "keypoints": [
                [
                    210.66355895996094,
                    466.88031005859375,
                    0.9421824216842651
                ],
                [
                    189.6722412109375,
                    516.3598327636719,
                    0.767397940158844
                ],
                [
                    153.6871337890625,
                    517.8591918945312,
                    0.767397940158844
                ],
                [
                    140.19271850585938,
                    589.8294067382812,
                    0.5238144993782043
                ],
                [
                    138.69334411621094,
                    622.8157958984375,
                    0.41874778270721436
                ],
                [
                    225.6573486328125,
                    514.8604736328125,
                    0.868881344795227
                ],
                [
                    236.15301513671875,
                    567.3387451171875,
                    0.8258723020553589
                ],
                [
                    243.64990234375,
                    612.3201293945312,
                    0.5420361757278442
                ],
                [
                    180.67597198486328,
                    592.8281860351562,
                    0.7170412540435791
                ],
                [
                    159.68466186523438,
                    595.8269653320312,
                    0.7170412540435791
                ],
                [
                    201.6672821044922,
                    621.31640625,
                    0.9330422282218933
                ],
                [
                    182.17535400390625,
                    690.287841796875,
                    0.8158539533615112
                ],
                [
                    201.6672821044922,
                    589.8294067382812,
                    0.7720412015914917
                ],
                [
                    242.15052795410156,
                    619.8170166015625,
                    0.9022154808044434
                ],
                [
                    210.66355895996094,
                    682.7909545898438,
                    0.8524109125137329
                ],
                [
                    0.0,
                    0.0,
                    0.0
                ],
                [
                    0.0,
                    0.0,
                    0.0
                ],
                [
                    0.0,
                    0.0,
                    0.0
                ],
                [
                    0.0,
                    0.0,
                    0.0
                ],
                [
                    0.0,
                    0.0,
                    0.0
                ],
                [
                    0.0,
                    0.0,
                    0.0
                ],
                [
                    0.0,
                    0.0,
                    0.0
                ],
                [
                    0.0,
                    0.0,
                    0.0
                ],
                [
                    0.0,
                    0.0,
                    0.0
                ],
                [
                    0.0,
                    0.0,
                    0.0
                ]
            ],
            "isKeyframe": true,
            "area": 82875.38919448853
        }
    ],
    "isKeyframe": false
}