{
    "filename": "images/demo_H2FNV1/000001.jpg",
    "height": 1080,
    "width": 1920,
    "annots": [
        {
            "bbox": [
                782.0529174804688,
                211.02940368652344,
                947.3071899414062,
                855.121826171875,
                1.0,
                1.0,
                0.0
            ],
            "personID": 0,
            "keypoints": [
                [
                    845.5034790039062,
                    354.383544921875,
                    0.9281600117683411
                ],
                [
                    879.7532043457031,
                    402.33314514160156,
                    0.832359254360199
                ],
                [
                    910.5779418945312,
                    409.1830749511719,
                    0.9503586292266846
                ],
                [
                    896.8780517578125,
                    333.833740234375,
                    0.821469247341156
                ],
                [
                    886.6031494140625,
                    258.484375,
                    0.9427773952484131
                ],
                [
                    848.928466796875,
                    395.48321533203125,
                    0.832359254360199
                ],
                [
                    818.1036987304688,
                    326.9837951660156,
                    0.940624475479126
                ],
                [
                    807.8287963867188,
                    248.20945739746094,
                    0.9339960217475891
                ],
                [
                    879.7532043457031,
                    570.1567077636719,
                    0.7939189076423645
                ],
                [
                    900.3030395507812,
                    566.7317504882812,
                    0.7939189076423645
                ],
                [
                    910.5779418945312,
                    693.4556884765625,
                    0.9077073335647583
                ],
                [
                    920.8528442382812,
                    806.4796752929688,
                    0.8857911825180054
                ],
                [
                    859.203369140625,
                    573.5816650390625,
                    0.8176119923591614
                ],
                [
                    869.478271484375,
                    703.7305908203125,
                    0.8974003791809082
                ],
                [
                    886.6031494140625,
                    820.1795654296875,
                    0.9237349033355713
                ],
                [
                    845.5034790039062,
                    344.108642578125,
                    0.0
                ],
                [
                    852.3533935546875,
                    344.108642578125,
                    0.0
                ],
                [
                    900.3030395507812,
                    361.2334899902344,
                    0.0
                ],
                [
                    855.7783813476562,
                    350.9585876464844,
                    0.0
                ],
                [
                    0.0,
                    0.0,
                    0.0
                ],
                [
                    0.0,
                    0.0,
                    0.0
                ],
                [
                    0.0,
                    0.0,
                    0.0
                ],
                [
                    0.0,
                    0.0,
                    0.0
                ],
                [
                    0.0,
                    0.0,
                    0.0
                ],
                [
                    0.0,
                    0.0,
                    0.0
                ]
            ],
            "isKeyframe": true,
            "area": 414855.0487030486
        },
        {
            "bbox": [
                98.65022277832031,
                244.22389221191406,
                238.0651092529297,
                728.7470703125,
                1.0,
                1.0,
                0.0
            ],
            "personID": 1,
            "keypoints": [
                [
                    172.626220703125,
                    367.40234375,
                    0.9634175300598145
                ],
                [
                    166.33133697509766,
                    406.4306335449219,
                    0.8669591546058655
                ],
                [
                    137.37486267089844,
                    412.72552490234375,
                    0.8669591546058655
                ],
                [
                    129.8209991455078,
                    354.81256103515625,
                    0.8655194044113159
                ],
                [
                    124.78509521484375,
                    294.3816833496094,
                    0.9427382349967957
                ],
                [
                    195.28781127929688,
                    400.1357421875,
                    0.9513041377067566
                ],
                [
                    212.91348266601562,
                    352.29461669921875,
                    0.9375526309013367
                ],
                [
                    212.91348266601562,
                    296.8996276855469,
                    0.9574739336967468
                ],
                [
                    178.92110443115234,
                    527.2924194335938,
                    0.8586809635162354
                ],
                [
                    157.51849365234375,
                    528.5513916015625,
                    0.8586809635162354
                ],
                [
                    155.0005340576172,
                    619.19775390625,
                    0.9228242039680481
                ],
                [
                    160.0364532470703,
                    689.700439453125,
                    0.8996631503105164
                ],
                [
                    200.32371520996094,
                    526.033447265625,
                    0.8816140294075012
                ],
                [
                    195.28781127929688,
                    616.6798095703125,
                    0.9008873701095581
                ],
                [
                    187.73394775390625,
                    682.1466064453125,
                    0.8679268956184387
                ],
                [
                    160.0364532470703,
                    362.3664245605469,
                    0.0
                ],
                [
                    175.14418029785156,
                    359.8484802246094,
                    0.0
                ],
                [
                    144.92872619628906,
                    372.438232421875,
                    0.0
                ],
                [
                    182.6980438232422,
                    364.8843994140625,
                    0.0
                ],
                [
                    0.0,
                    0.0,
                    0.0
                ],
                [
                    0.0,
                    0.0,
                    0.0
                ],
                [
                    0.0,
                    0.0,
                    0.0
                ],
                [
                    0.0,
                    0.0,
                    0.0
                ],
                [
                    0.0,
                    0.0,
                    0.0
                ],
                [
                    0.0,
                    0.0,
                    0.0
                ]
            ],
            "isKeyframe": true,
            "area": 234762.71011669212
        }
    ],
    "isKeyframe": false
}