{
    "filename": "images/demo_H2FNV1/000068.jpg",
    "height": 1080,
    "width": 1920,
    "annots": [
        {
            "bbox": [
                804.3623046875,
                414.8943786621094,
                1017.4336547851562,
                859.3265380859375,
                1.0,
                1.0,
                0.0
            ],
            "personID": 0,
            "keypoints": [
                [
                    805.5767822265625,
                    504.0122985839844,
                    0.9089791774749756
                ],
                [
                    883.1209411621094,
                    509.7991943359375,
                    0.8305634260177612
                ],
                [
                    923.6290893554688,
                    508.6418151855469,
                    0.9401175379753113
                ],
                [
                    965.2946166992188,
                    494.7532958984375,
                    0.8636443614959717
                ],
                [
                    1006.9600830078125,
                    473.9205627441406,
                    0.9586517810821533
                ],
                [
                    842.61279296875,
                    510.9565734863281,
                    0.8305634260177612
                ],
                [
                    881.9635620117188,
                    483.1795654296875,
                    1.0172486305236816
                ],
                [
                    937.517578125,
                    453.0877990722656,
                    0.8509260416030884
                ],
                [
                    962.9798278808594,
                    635.953125,
                    0.7043810486793518
                ],
                [
                    986.1273193359375,
                    635.953125,
                    0.7353305816650391
                ],
                [
                    900.4815673828125,
                    703.0808715820312,
                    0.8481738567352295
                ],
                [
                    928.2586059570312,
                    804.9298706054688,
                    0.8912535309791565
                ],
                [
                    939.8323364257812,
                    635.953125,
                    0.7043810486793518
                ],
                [
                    856.5012817382812,
                    700.76611328125,
                    0.9174783825874329
                ],
                [
                    895.85205078125,
                    814.1889038085938,
                    0.846895694732666
                ],
                [
                    0.0,
                    0.0,
                    0.0
                ],
                [
                    0.0,
                    0.0,
                    0.0
                ],
                [
                    0.0,
                    0.0,
                    0.0
                ],
                [
                    0.0,
                    0.0,
                    0.0
                ],
                [
                    0.0,
                    0.0,
                    0.0
                ],
                [
                    0.0,
                    0.0,
                    0.0
                ],
                [
                    0.0,
                    0.0,
                    0.0
                ],
                [
                    0.0,
                    0.0,
                    0.0
                ],
                [
                    0.0,
                    0.0,
                    0.0
                ],
                [
                    0.0,
                    0.0,
                    0.0
                ]
            ],
            "isKeyframe": true,
            "area": 197519.94433012698
        },
        {
            "bbox": [
                84.14740753173828,
                415.64404296875,
                248.52833557128906,
                721.2426147460938,
                1.0,
                1.0,
                0.0
            ],
            "personID": 1,
            "keypoints": [
                [
                    227.61672973632812,
                    476.9229736328125,
                    0.9014701843261719
                ],
                [
                    196.57938385009766,
                    488.8603973388672,
                    0.7949545383453369
                ],
                [
                    160.76705932617188,
                    486.472900390625,
                    0.7949545383453369
                ],
                [
                    122.5672378540039,
                    456.23138427734375,
                    0.872771680355072
                ],
                [
                    90.73405456542969,
                    425.9898681640625,
                    0.7568483948707581
                ],
                [
                    232.39170837402344,
                    491.2478942871094,
                    0.8892645835876465
                ],
                [
                    200.55853271484375,
                    468.96466064453125,
                    0.6058327555656433
                ],
                [
                    162.3587188720703,
                    448.2731018066406,
                    0.9441452026367188
                ],
                [
                    164.74620056152344,
                    564.4642333984375,
                    0.820137083530426
                ],
                [
                    141.66714477539062,
                    564.4642333984375,
                    0.820137083530426
                ],
                [
                    179.86695861816406,
                    609.0306396484375,
                    0.9080841541290283
                ],
                [
                    170.31700134277344,
                    688.6136474609375,
                    0.787718653678894
                ],
                [
                    187.82525634765625,
                    564.4642333984375,
                    0.8290243744850159
                ],
                [
                    218.06678771972656,
                    610.622314453125,
                    0.8880380392074585
                ],
                [
                    200.55853271484375,
                    682.2470092773438,
                    0.8377189040184021
                ],
                [
                    0.0,
                    0.0,
                    0.0
                ],
                [
                    0.0,
                    0.0,
                    0.0
                ],
                [
                    0.0,
                    0.0,
                    0.0
                ],
                [
                    0.0,
                    0.0,
                    0.0
                ],
                [
                    0.0,
                    0.0,
                    0.0
                ],
                [
                    0.0,
                    0.0,
                    0.0
                ],
                [
                    0.0,
                    0.0,
                    0.0
                ],
                [
                    0.0,
                    0.0,
                    0.0
                ],
                [
                    0.0,
                    0.0,
                    0.0
                ],
                [
                    0.0,
                    0.0,
                    0.0
                ]
            ],
            "isKeyframe": true,
            "area": 93390.48707235232
        }
    ],
    "isKeyframe": false
}