{
    "filename": "images/demo_H2FNV1/000070.jpg",
    "height": 1080,
    "width": 1920,
    "annots": [
        {
            "bbox": [
                805.130859375,
                414.1158142089844,
                1017.3492431640625,
                858.52880859375,
                1.0,
                1.0,
                0.0
            ],
            "personID": 0,
            "keypoints": [
                [
                    805.9234619140625,
                    505.5445556640625,
                    0.916068434715271
                ],
                [
                    879.9922790527344,
                    515.96044921875,
                    0.807248055934906
                ],
                [
                    917.0266723632812,
                    512.4884643554688,
                    0.9395462274551392
                ],
                [
                    967.948974609375,
                    500.9152526855469,
                    0.8996950387954712
                ],
                [
                    1009.6127319335938,
                    475.4540710449219,
                    0.918782114982605
                ],
                [
                    842.9578857421875,
                    519.4324340820312,
                    0.807248055934906
                ],
                [
                    884.62158203125,
                    484.7126770019531,
                    0.9593009352684021
                ],
                [
                    937.8585205078125,
                    452.30755615234375,
                    0.9052731394767761
                ],
                [
                    964.4770202636719,
                    639.7943115234375,
                    0.7299636006355286
                ],
                [
                    986.4661865234375,
                    639.7943115234375,
                    0.7683300971984863
                ],
                [
                    898.5094604492188,
                    702.2898559570312,
                    0.8122498393058777
                ],
                [
                    928.5999145507812,
                    804.134521484375,
                    0.8848206996917725
                ],
                [
                    942.4878540039062,
                    639.7943115234375,
                    0.7299636006355286
                ],
                [
                    856.8457641601562,
                    699.9752197265625,
                    0.9315844774246216
                ],
                [
                    896.19482421875,
                    813.3931274414062,
                    0.8387649059295654
                ],
                [
                    0.0,
                    0.0,
                    0.0
                ],
                [
                    0.0,
                    0.0,
                    0.0
                ],
                [
                    0.0,
                    0.0,
                    0.0
                ],
                [
                    0.0,
                    0.0,
                    0.0
                ],
                [
                    0.0,
                    0.0,
                    0.0
                ],
                [
                    0.0,
                    0.0,
                    0.0
                ],
                [
                    0.0,
                    0.0,
                    0.0
                ],
                [
                    0.0,
                    0.0,
                    0.0
                ],
                [
                    0.0,
                    0.0,
                    0.0
                ],
                [
                    0.0,
                    0.0,
                    0.0
                ]
            ],
            "isKeyframe": true,
            "area": 197502.90957803372
        },
        {
            "bbox": [
                83.21900939941406,
                417.4574890136719,
                248.7507781982422,
                719.2904052734375,
                1.0,
                1.0,
                0.0
            ],
            "personID": 1,
            "keypoints": [
                [
                    229.65277099609375,
                    482.6974182128906,
                    0.9016804099082947
                ],
                [
                    197.4258270263672,
                    492.9157257080078,
                    0.7735350728034973
                ],
                [
                    162.05477905273438,
                    492.12969970703125,
                    0.7735350728034973
                ],
                [
                    122.75361633300781,
                    460.68878173828125,
                    0.8379185199737549
                ],
                [
                    91.31268310546875,
                    432.3919372558594,
                    0.7059489488601685
                ],
                [
                    232.796875,
                    493.7017517089844,
                    0.8918283581733704
                ],
                [
                    199.7838897705078,
                    470.1210632324219,
                    0.6160644292831421
                ],
                [
                    163.6268310546875,
                    448.1123962402344,
                    0.950435996055603
                ],
                [
                    164.41284942626953,
                    566.8019104003906,
                    0.8049113750457764
                ],
                [
                    141.61817932128906,
                    566.015869140625,
                    0.8177335262298584
                ],
                [
                    179.3472900390625,
                    610.033203125,
                    0.8837838172912598
                ],
                [
                    171.487060546875,
                    688.635498046875,
                    0.7985517978668213
                ],
                [
                    187.20751953125,
                    567.5879516601562,
                    0.8049113750457764
                ],
                [
                    220.2205047607422,
                    611.605224609375,
                    0.8924793004989624
                ],
                [
                    201.35594177246094,
                    680.7752685546875,
                    0.8780296444892883
                ],
                [
                    0.0,
                    0.0,
                    0.0
                ],
                [
                    0.0,
                    0.0,
                    0.0
                ],
                [
                    0.0,
                    0.0,
                    0.0
                ],
                [
                    0.0,
                    0.0,
                    0.0
                ],
                [
                    0.0,
                    0.0,
                    0.0
                ],
                [
                    0.0,
                    0.0,
                    0.0
                ],
                [
                    0.0,
                    0.0,
                    0.0
                ],
                [
                    0.0,
                    0.0,
                    0.0
                ],
                [
                    0.0,
                    0.0,
                    0.0
                ],
                [
                    0.0,
                    0.0,
                    0.0
                ]
            ],
            "isKeyframe": true,
            "area": 91103.10933787469
        }
    ],
    "isKeyframe": false
}