{
    "filename": "images/demo_H2FNV1/000083.jpg",
    "height": 1080,
    "width": 1920,
    "annots": [
        {
            "bbox": [
                808.6749877929688,
                473.61712646484375,
                1011.0545043945312,
                851.2989501953125,
                1.0,
                1.0,
                0.0
            ],
            "personID": 0,
            "keypoints": [
                [
                    818.3949584960938,
                    531.6463623046875,
                    0.9009076952934265
                ],
                [
                    887.2431945800781,
                    560.169189453125,
                    0.7859337329864502
                ],
                [
                    920.6837768554688,
                    553.2843627929688,
                    0.7859337329864502
                ],
                [
                    977.7294311523438,
                    563.1198120117188,
                    0.6043746471405029
                ],
                [
                    1042.6435546875,
                    567.0540161132812,
                    0.6823017001152039
                ],
                [
                    853.8026123046875,
                    567.0540161132812,
                    0.7872812151908875
                ],
                [
                    887.2431640625,
                    576.8894653320312,
                    0.4632429778575897
                ],
                [
                    942.32177734375,
                    578.8565673828125,
                    0.5426973104476929
                ],
                [
                    969.8610534667969,
                    681.1453857421875,
                    0.65903639793396
                ],
                [
                    989.531982421875,
                    677.211181640625,
                    0.65903639793396
                ],
                [
                    897.07861328125,
                    689.0137329101562,
                    0.6241710782051086
                ],
                [
                    928.5521240234375,
                    805.0722045898438,
                    0.7609570026397705
                ],
                [
                    950.1901245117188,
                    685.07958984375,
                    0.676469624042511
                ],
                [
                    847.9013061523438,
                    702.7833862304688,
                    0.9479762315750122
                ],
                [
                    891.1773681640625,
                    812.9406127929688,
                    0.7822497487068176
                ],
                [
                    0.0,
                    0.0,
                    0.0
                ],
                [
                    0.0,
                    0.0,
                    0.0
                ],
                [
                    0.0,
                    0.0,
                    0.0
                ],
                [
                    0.0,
                    0.0,
                    0.0
                ],
                [
                    0.0,
                    0.0,
                    0.0
                ],
                [
                    0.0,
                    0.0,
                    0.0
                ],
                [
                    0.0,
                    0.0,
                    0.0
                ],
                [
                    0.0,
                    0.0,
                    0.0
                ],
                [
                    0.0,
                    0.0,
                    0.0
                ],
                [
                    0.0,
                    0.0,
                    0.0
                ]
            ],
            "isKeyframe": true,
            "area": 142643.55997637287
        },
        {
            "bbox": [
                106.90669250488281,
                457.5491638183594,
                251.1198272705078,
                726.9534301757812,
                1.0,
                1.0,
                0.0
            ],
            "personID": 1,
            "keypoints": [
                [
                    230.22813415527344,
                    493.32940673828125,
                    0.9700253009796143
                ],
                [
                    196.55260467529297,
                    522.7955017089844,
                    0.7146730422973633
                ],
                [
                    157.2644805908203,
                    525.601806640625,
                    0.7146730422973633
                ],
                [
                    110.96060943603516,
                    521.392333984375,
                    0.786665678024292
                ],
                [
                    77.98664855957031,
                    516.4813232421875,
                    0.40714138746261597
                ],
                [
                    235.84072875976562,
                    519.9891967773438,
                    0.8685402870178223
                ],
                [
                    186.73057556152344,
                    543.8427124023438,
                    0.0
                ],
                [
                    204.9714813232422,
                    604.1780395507812,
                    0.0
                ],
                [
                    162.87706756591797,
                    588.743408203125,
                    0.7777080535888672
                ],
                [
                    139.0235595703125,
                    590.1465454101562,
                    0.7777080535888672
                ],
                [
                    188.1337127685547,
                    616.8063354492188,
                    0.9049387574195862
                ],
                [
                    175.50538635253906,
                    688.3668823242188,
                    0.7812212109565735
                ],
                [
                    186.73057556152344,
                    587.3402709960938,
                    0.800261378288269
                ],
                [
                    231.63128662109375,
                    612.596923828125,
                    0.8947200179100037
                ],
                [
                    203.56834411621094,
                    682.7542724609375,
                    0.818749189376831
                ],
                [
                    0.0,
                    0.0,
                    0.0
                ],
                [
                    0.0,
                    0.0,
                    0.0
                ],
                [
                    0.0,
                    0.0,
                    0.0
                ],
                [
                    0.0,
                    0.0,
                    0.0
                ],
                [
                    0.0,
                    0.0,
                    0.0
                ],
                [
                    0.0,
                    0.0,
                    0.0
                ],
                [
                    0.0,
                    0.0,
                    0.0
                ],
                [
                    0.0,
                    0.0,
                    0.0
                ],
                [
                    0.0,
                    0.0,
                    0.0
                ],
                [
                    0.0,
                    0.0,
                    0.0
                ]
            ],
            "isKeyframe": true,
            "area": 72578.65873158071
        }
    ],
    "isKeyframe": false
}