{
    "filename": "images/demo_H2FNV1/000028.jpg",
    "height": 1080,
    "width": 1920,
    "annots": [
        {
            "bbox": [
                680.6974487304688,
                309.6189270019531,
                956.7129516601562,
                873.46923828125,
                1.0,
                1.0,
                0.0
            ],
            "personID": 0,
            "keypoints": [
                [
                    846.6040649414062,
                    363.9482116699219,
                    0.9406431913375854
                ],
                [
                    896.5282897949219,
                    412.40411376953125,
                    0.8588564395904541
                ],
                [
                    928.8322143554688,
                    407.9990234375,
                    0.9344936609268188
                ],
                [
                    796.6798095703125,
                    443.23968505859375,
                    0.5663330554962158
                ],
                [
                    720.3250732421875,
                    460.8600158691406,
                    0.555742084980011
                ],
                [
                    864.224365234375,
                    416.8092041015625,
                    0.8588564395904541
                ],
                [
                    784.9329223632812,
                    449.1131286621094,
                    0.9288883805274963
                ],
                [
                    717.3883666992188,
                    463.7967224121094,
                    0.9569241404533386
                ],
                [
                    902.4017333984375,
                    569.5186462402344,
                    0.7556570768356323
                ],
                [
                    925.8955078125,
                    563.6452026367188,
                    0.7935155034065247
                ],
                [
                    920.0220336914062,
                    695.7976684570312,
                    0.900909960269928
                ],
                [
                    922.958740234375,
                    804.456298828125,
                    0.8946430683135986
                ],
                [
                    878.907958984375,
                    575.39208984375,
                    0.7556570768356323
                ],
                [
                    878.907958984375,
                    704.6077880859375,
                    0.927201509475708
                ],
                [
                    887.7181396484375,
                    816.2031860351562,
                    0.8927420377731323
                ],
                [
                    0.0,
                    0.0,
                    0.0
                ],
                [
                    0.0,
                    0.0,
                    0.0
                ],
                [
                    0.0,
                    0.0,
                    0.0
                ],
                [
                    0.0,
                    0.0,
                    0.0
                ],
                [
                    0.0,
                    0.0,
                    0.0
                ],
                [
                    0.0,
                    0.0,
                    0.0
                ],
                [
                    0.0,
                    0.0,
                    0.0
                ],
                [
                    0.0,
                    0.0,
                    0.0
                ],
                [
                    0.0,
                    0.0,
                    0.0
                ],
                [
                    0.0,
                    0.0,
                    0.0
                ]
            ],
            "isKeyframe": true,
            "area": 317927.17352976
        },
        {
            "bbox": [
                110.66460418701172,
                330.8045654296875,
                307.6263732910156,
                716.7239379882812,
                1.0,
                1.0,
                0.0
            ],
            "personID": 1,
            "keypoints": [
                [
                    177.9905242919922,
                    374.0195007324219,
                    0.9707172513008118
                ],
                [
                    163.92054748535156,
                    410.19944763183594,
                    0.8796802759170532
                ],
                [
                    129.75059509277344,
                    414.2194519042969,
                    0.8796802759170532
                ],
                [
                    139.8005828857422,
                    434.3194274902344,
                    0.41637447476387024
                ],
                [
                    188.04051208496094,
                    438.33941650390625,
                    0.5239608883857727
                ],
                [
                    198.0904998779297,
                    406.179443359375,
                    0.8859776854515076
                ],
                [
                    234.27044677734375,
                    416.22943115234375,
                    0.9046595096588135
                ],
                [
                    284.5203552246094,
                    424.2694396972656,
                    0.9371533393859863
                ],
                [
                    176.98552703857422,
                    527.7842712402344,
                    0.8206591010093689
                ],
                [
                    155.88055419921875,
                    528.7892456054688,
                    0.8206591010093689
                ],
                [
                    157.8905487060547,
                    617.2291259765625,
                    0.8763468265533447
                ],
                [
                    161.91055297851562,
                    685.5690307617188,
                    0.8186461925506592
                ],
                [
                    198.0904998779297,
                    526.779296875,
                    0.8505433201789856
                ],
                [
                    198.0904998779297,
                    613.2091674804688,
                    0.8703848123550415
                ],
                [
                    194.07049560546875,
                    683.5590209960938,
                    0.833889901638031
                ],
                [
                    0.0,
                    0.0,
                    0.0
                ],
                [
                    0.0,
                    0.0,
                    0.0
                ],
                [
                    0.0,
                    0.0,
                    0.0
                ],
                [
                    0.0,
                    0.0,
                    0.0
                ],
                [
                    0.0,
                    0.0,
                    0.0
                ],
                [
                    0.0,
                    0.0,
                    0.0
                ],
                [
                    0.0,
                    0.0,
                    0.0
                ],
                [
                    0.0,
                    0.0,
                    0.0
                ],
                [
                    0.0,
                    0.0,
                    0.0
                ],
                [
                    0.0,
                    0.0,
                    0.0
                ]
            ],
            "isKeyframe": true,
            "area": 148933.76211601868
        }
    ],
    "isKeyframe": false
}