{
    "filename": "images/demo_H2FNV1/000008.jpg",
    "height": 1080,
    "width": 1920,
    "annots": [
        {
            "bbox": [
                769.3650512695312,
                214.99119567871094,
                953.6722412109375,
                863.8087768554688,
                1.0,
                1.0,
                0.0
            ],
            "personID": 0,
            "keypoints": [
                [
                    849.6912841796875,
                    355.23040771484375,
                    0.9300529956817627
                ],
                [
                    883.4838562011719,
                    414.36741638183594,
                    0.8604781031608582
                ],
                [
                    913.8971557617188,
                    416.0570373535156,
                    0.9098042249679565
                ],
                [
                    890.2423706054688,
                    338.3341064453125,
                    0.8159058094024658
                ],
                [
                    863.2083129882812,
                    267.36968994140625,
                    0.9106298089027405
                ],
                [
                    853.070556640625,
                    412.67779541015625,
                    0.8604781031608582
                ],
                [
                    802.3816528320312,
                    341.71337890625,
                    0.9361687898635864
                ],
                [
                    782.1061401367188,
                    267.36968994140625,
                    0.9277021884918213
                ],
                [
                    885.1734924316406,
                    569.8132934570312,
                    0.7653087973594666
                ],
                [
                    907.138671875,
                    564.744384765625,
                    0.8069286346435547
                ],
                [
                    910.5179443359375,
                    693.1561889648438,
                    0.9344648718833923
                ],
                [
                    920.6557006835938,
                    808.0509643554688,
                    0.8727211356163025
                ],
                [
                    863.2083129882812,
                    574.8822021484375,
                    0.7653087973594666
                ],
                [
                    873.3460693359375,
                    703.2940063476562,
                    0.8800397515296936
                ],
                [
                    886.8630981445312,
                    821.5679931640625,
                    0.9133636355400085
                ],
                [
                    0.0,
                    0.0,
                    0.0
                ],
                [
                    0.0,
                    0.0,
                    0.0
                ],
                [
                    0.0,
                    0.0,
                    0.0
                ],
                [
                    0.0,
                    0.0,
                    0.0
                ],
                [
                    0.0,
                    0.0,
                    0.0
                ],
                [
                    0.0,
                    0.0,
                    0.0
                ],
                [
                    0.0,
                    0.0,
                    0.0
                ],
                [
                    0.0,
                    0.0,
                    0.0
                ],
                [
                    0.0,
                    0.0,
                    0.0
                ],
                [
                    0.0,
                    0.0,
                    0.0
                ]
            ],
            "isKeyframe": true,
            "area": 420964.2536440587
        },
        {
            "bbox": [
                106.09822845458984,
                258.7982482910156,
                250.61366271972656,
                727.0413208007812,
                1.0,
                1.0,
                0.0
            ],
            "personID": 1,
            "keypoints": [
                [
                    169.82028198242188,
                    367.3233642578125,
                    0.9303514957427979
                ],
                [
                    163.7233657836914,
                    407.56300354003906,
                    0.8809630274772644
                ],
                [
                    133.23880004882812,
                    413.659912109375,
                    0.8809630274772644
                ],
                [
                    138.11631774902344,
                    360.007080078125,
                    0.9096181988716125
                ],
                [
                    142.9938507080078,
                    308.7929992675781,
                    0.9507212042808533
                ],
                [
                    194.2079315185547,
                    401.4660949707031,
                    0.9085035920143127
                ],
                [
                    221.03436279296875,
                    357.56829833984375,
                    0.9415475130081177
                ],
                [
                    228.35064697265625,
                    303.91546630859375,
                    0.9576385617256165
                ],
                [
                    178.35595703125,
                    530.7206726074219,
                    0.8008307218551636
                ],
                [
                    157.62644958496094,
                    533.159423828125,
                    0.8008307218551636
                ],
                [
                    157.62644958496094,
                    620.9550170898438,
                    0.9393623471260071
                ],
                [
                    162.5039825439453,
                    691.67919921875,
                    0.8489744067192078
                ],
                [
                    199.08546447753906,
                    528.2819213867188,
                    0.8799735307693481
                ],
                [
                    196.64669799804688,
                    618.5162353515625,
                    0.9124982953071594
                ],
                [
                    189.3303985595703,
                    686.8016967773438,
                    0.8804863095283508
                ],
                [
                    0.0,
                    0.0,
                    0.0
                ],
                [
                    0.0,
                    0.0,
                    0.0
                ],
                [
                    0.0,
                    0.0,
                    0.0
                ],
                [
                    0.0,
                    0.0,
                    0.0
                ],
                [
                    0.0,
                    0.0,
                    0.0
                ],
                [
                    0.0,
                    0.0,
                    0.0
                ],
                [
                    0.0,
                    0.0,
                    0.0
                ],
                [
                    0.0,
                    0.0,
                    0.0
                ],
                [
                    0.0,
                    0.0,
                    0.0
                ],
                [
                    0.0,
                    0.0,
                    0.0
                ]
            ],
            "isKeyframe": true,
            "area": 219251.57495338563
        }
    ],
    "isKeyframe": false
}