{
    "filename": "images/demo_H2FNV1/000007.jpg",
    "height": 1080,
    "width": 1920,
    "annots": [
        {
            "bbox": [
                771.7457275390625,
                221.56089782714844,
                951.883544921875,
                860.47412109375,
                1.0,
                1.0,
                0.0
            ],
            "personID": 0,
            "keypoints": [
                [
                    846.840087890625,
                    356.3316650390625,
                    0.9125232100486755
                ],
                [
                    881.7806701660156,
                    409.5744323730469,
                    0.832743227481842
                ],
                [
                    913.3935546875,
                    412.902099609375,
                    0.8866925239562988
                ],
                [
                    893.4275512695312,
                    339.69329833984375,
                    0.775296151638031
                ],
                [
                    866.80615234375,
                    263.15679931640625,
                    0.971498966217041
                ],
                [
                    850.1677856445312,
                    406.24676513671875,
                    0.832743227481842
                ],
                [
                    803.5803833007812,
                    333.0379333496094,
                    0.9661368131637573
                ],
                [
                    783.6143188476562,
                    259.8291320800781,
                    0.9162085056304932
                ],
                [
                    881.7806701660156,
                    567.638916015625,
                    0.7748856544494629
                ],
                [
                    903.4105224609375,
                    562.6473999023438,
                    0.8071199059486389
                ],
                [
                    910.06591796875,
                    692.4266357421875,
                    0.9309154748916626
                ],
                [
                    923.3765869140625,
                    805.5675048828125,
                    0.883516788482666
                ],
                [
                    860.1508178710938,
                    572.6304321289062,
                    0.7748856544494629
                ],
                [
                    870.1337890625,
                    705.7373657226562,
                    0.8799220323562622
                ],
                [
                    886.7721557617188,
                    818.8782348632812,
                    0.9245570302009583
                ],
                [
                    0.0,
                    0.0,
                    0.0
                ],
                [
                    0.0,
                    0.0,
                    0.0
                ],
                [
                    0.0,
                    0.0,
                    0.0
                ],
                [
                    0.0,
                    0.0,
                    0.0
                ],
                [
                    0.0,
                    0.0,
                    0.0
                ],
                [
                    0.0,
                    0.0,
                    0.0
                ],
                [
                    0.0,
                    0.0,
                    0.0
                ],
                [
                    0.0,
                    0.0,
                    0.0
                ],
                [
                    0.0,
                    0.0,
                    0.0
                ],
                [
                    0.0,
                    0.0,
                    0.0
                ]
            ],
            "isKeyframe": true,
            "area": 408210.10686491826
        },
        {
            "bbox": [
                104.76944732666016,
                254.48687744140625,
                248.29022216796875,
                727.2647705078125,
                1.0,
                1.0,
                0.0
            ],
            "personID": 1,
            "keypoints": [
                [
                    170.37388610839844,
                    368.9877624511719,
                    0.9175602197647095
                ],
                [
                    164.2179183959961,
                    408.38592529296875,
                    0.8877713084220886
                ],
                [
                    133.4381103515625,
                    413.3106994628906,
                    0.8877713084220886
                ],
                [
                    138.36288452148438,
                    359.1382141113281,
                    0.8916628956794739
                ],
                [
                    140.8252716064453,
                    304.96575927734375,
                    0.9186763763427734
                ],
                [
                    194.9977264404297,
                    403.4611511230469,
                    0.9056360721588135
                ],
                [
                    219.62158203125,
                    356.67584228515625,
                    0.9364169239997864
                ],
                [
                    224.54635620117188,
                    302.5033874511719,
                    0.9521567821502686
                ],
                [
                    180.22341918945312,
                    527.8115844726562,
                    0.8242149949073792
                ],
                [
                    160.5243377685547,
                    529.0427856445312,
                    0.8242149949073792
                ],
                [
                    158.0619659423828,
                    620.1510620117188,
                    0.9419443011283875
                ],
                [
                    160.5243377685547,
                    691.5601806640625,
                    0.8494254946708679
                ],
                [
                    199.92250061035156,
                    526.5803833007812,
                    0.8744400143623352
                ],
                [
                    194.9977264404297,
                    617.6886596679688,
                    0.9171884059906006
                ],
                [
                    190.07296752929688,
                    686.6354370117188,
                    0.8631609082221985
                ],
                [
                    0.0,
                    0.0,
                    0.0
                ],
                [
                    0.0,
                    0.0,
                    0.0
                ],
                [
                    0.0,
                    0.0,
                    0.0
                ],
                [
                    0.0,
                    0.0,
                    0.0
                ],
                [
                    0.0,
                    0.0,
                    0.0
                ],
                [
                    0.0,
                    0.0,
                    0.0
                ],
                [
                    0.0,
                    0.0,
                    0.0
                ],
                [
                    0.0,
                    0.0,
                    0.0
                ],
                [
                    0.0,
                    0.0,
                    0.0
                ],
                [
                    0.0,
                    0.0,
                    0.0
                ]
            ],
            "isKeyframe": true,
            "area": 223518.93617231026
        }
    ],
    "isKeyframe": false
}