{
    "filename": "images/demo_H2FNV1/000067.jpg",
    "height": 1080,
    "width": 1920,
    "annots": [
        {
            "bbox": [
                803.1486206054688,
                416.090576171875,
                1020.4629516601562,
                855.5264282226562,
                1.0,
                1.0,
                0.0
            ],
            "personID": 0,
            "keypoints": [
                [
                    803.0911865234375,
                    495.0516662597656,
                    0.961620032787323
                ],
                [
                    878.6192016601562,
                    507.63966369628906,
                    0.8388513326644897
                ],
                [
                    917.527587890625,
                    504.2065734863281,
                    0.9225389361381531
                ],
                [
                    963.3021850585938,
                    492.762939453125,
                    0.8720674514770508
                ],
                [
                    1009.0767211914062,
                    474.453125,
                    0.9271049499511719
                ],
                [
                    839.7108154296875,
                    511.07275390625,
                    0.8388513326644897
                ],
                [
                    883.1966552734375,
                    483.6080322265625,
                    0.9721425771713257
                ],
                [
                    938.1261596679688,
                    451.5658264160156,
                    0.7842104434967041
                ],
                [
                    963.3021850585938,
                    628.9422912597656,
                    0.710057258605957
                ],
                [
                    986.189453125,
                    630.086669921875,
                    0.7326623201370239
                ],
                [
                    901.5065307617188,
                    701.0372314453125,
                    0.8338906764984131
                ],
                [
                    928.9712524414062,
                    804.030029296875,
                    0.8482253551483154
                ],
                [
                    940.4149169921875,
                    627.7979125976562,
                    0.710057258605957
                ],
                [
                    858.0206909179688,
                    701.0372314453125,
                    0.9366220831871033
                ],
                [
                    896.9290771484375,
                    813.1849365234375,
                    0.8431865572929382
                ],
                [
                    0.0,
                    0.0,
                    0.0
                ],
                [
                    0.0,
                    0.0,
                    0.0
                ],
                [
                    0.0,
                    0.0,
                    0.0
                ],
                [
                    0.0,
                    0.0,
                    0.0
                ],
                [
                    0.0,
                    0.0,
                    0.0
                ],
                [
                    0.0,
                    0.0,
                    0.0
                ],
                [
                    0.0,
                    0.0,
                    0.0
                ],
                [
                    0.0,
                    0.0,
                    0.0
                ],
                [
                    0.0,
                    0.0,
                    0.0
                ],
                [
                    0.0,
                    0.0,
                    0.0
                ]
            ],
            "isKeyframe": true,
            "area": 193103.8680675961
        },
        {
            "bbox": [
                85.53523254394531,
                415.6634826660156,
                247.3259735107422,
                719.839111328125,
                1.0,
                1.0,
                0.0
            ],
            "personID": 1,
            "keypoints": [
                [
                    229.00839233398438,
                    475.0727844238281,
                    0.9058495163917542
                ],
                [
                    197.3234405517578,
                    484.57826232910156,
                    0.7642070055007935
                ],
                [
                    160.8857421875,
                    482.9940185546875,
                    0.7642070055007935
                ],
                [
                    122.86378479003906,
                    454.4775390625,
                    0.8748552799224854
                ],
                [
                    91.17882537841797,
                    425.9610900878906,
                    0.7645536065101624
                ],
                [
                    233.76113891601562,
                    486.1625061035156,
                    0.8637174367904663
                ],
                [
                    195.73919677734375,
                    468.73577880859375,
                    0.5808855295181274
                ],
                [
                    162.46998596191406,
                    446.5563049316406,
                    0.934904932975769
                ],
                [
                    164.84635162353516,
                    562.99853515625,
                    0.8077970743179321
                ],
                [
                    141.874755859375,
                    563.7906494140625,
                    0.8077970743179321
                ],
                [
                    179.89671325683594,
                    609.7338256835938,
                    0.9080158472061157
                ],
                [
                    170.39122009277344,
                    687.3619995117188,
                    0.8183862566947937
                ],
                [
                    187.8179473876953,
                    562.2064208984375,
                    0.8197563290596008
                ],
                [
                    216.33441162109375,
                    609.7338256835938,
                    0.8997737765312195
                ],
                [
                    200.49192810058594,
                    681.0250244140625,
                    0.8523344993591309
                ],
                [
                    0.0,
                    0.0,
                    0.0
                ],
                [
                    0.0,
                    0.0,
                    0.0
                ],
                [
                    0.0,
                    0.0,
                    0.0
                ],
                [
                    0.0,
                    0.0,
                    0.0
                ],
                [
                    0.0,
                    0.0,
                    0.0
                ],
                [
                    0.0,
                    0.0,
                    0.0
                ],
                [
                    0.0,
                    0.0,
                    0.0
                ],
                [
                    0.0,
                    0.0,
                    0.0
                ],
                [
                    0.0,
                    0.0,
                    0.0
                ],
                [
                    0.0,
                    0.0,
                    0.0
                ]
            ],
            "isKeyframe": true,
            "area": 92522.81307198945
        }
    ],
    "isKeyframe": false
}