{
    "filename": "images/demo_H2FNV1/000099.jpg",
    "height": 1080,
    "width": 1920,
    "annots": [
        {
            "bbox": [
                816.6046752929688,
                440.4180908203125,
                1003.0184326171875,
                843.7199096679688,
                1.0,
                1.0,
                0.0
            ],
            "personID": 0,
            "keypoints": [
                [
                    854.1474609375,
                    489.7805480957031,
                    0.931961178779602
                ],
                [
                    910.8617858886719,
                    552.7964477539062,
                    0.8220744132995605
                ],
                [
                    946.57080078125,
                    544.3943481445312,
                    0.828532338142395
                ],
                [
                    894.0575561523438,
                    647.3203125,
                    0.4904923737049103
                ],
                [
                    910.86181640625,
                    678.8282470703125,
                    0.4946656823158264
                ],
                [
                    875.1527709960938,
                    561.1985473632812,
                    0.8220744132995605
                ],
                [
                    856.2479858398438,
                    655.722412109375,
                    0.8156257271766663
                ],
                [
                    841.5443115234375,
                    729.240966796875,
                    0.7308417558670044
                ],
                [
                    964.4253234863281,
                    694.5822448730469,
                    0.7049447894096375
                ],
                [
                    988.5814208984375,
                    693.531982421875,
                    0.738560140132904
                ],
                [
                    883.5548706054688,
                    689.3308715820312,
                    0.6335561871528625
                ],
                [
                    933.9675903320312,
                    804.8600463867188,
                    0.779717743396759
                ],
                [
                    940.2692260742188,
                    695.6325073242188,
                    0.7049447894096375
                ],
                [
                    839.4437866210938,
                    706.1351318359375,
                    0.8993089199066162
                ],
                [
                    896.1580810546875,
                    811.16162109375,
                    0.8774173855781555
                ],
                [
                    0.0,
                    0.0,
                    0.0
                ],
                [
                    0.0,
                    0.0,
                    0.0
                ],
                [
                    0.0,
                    0.0,
                    0.0
                ],
                [
                    0.0,
                    0.0,
                    0.0
                ],
                [
                    0.0,
                    0.0,
                    0.0
                ],
                [
                    0.0,
                    0.0,
                    0.0
                ],
                [
                    0.0,
                    0.0,
                    0.0
                ],
                [
                    0.0,
                    0.0,
                    0.0
                ],
                [
                    0.0,
                    0.0,
                    0.0
                ],
                [
                    0.0,
                    0.0,
                    0.0
                ]
            ],
            "isKeyframe": true,
            "area": 162652.35708582774
        },
        {
            "bbox": [
                126.37347412109375,
                430.6695861816406,
                258.36761474609375,
                716.494140625,
                1.0,
                1.0,
                0.0
            ],
            "personID": 1,
            "keypoints": [
                [
                    206.51290893554688,
                    464.1646423339844,
                    0.9365039467811584
                ],
                [
                    188.64887237548828,
                    513.2907409667969,
                    0.840858519077301
                ],
                [
                    152.92080688476562,
                    514.7794189453125,
                    0.840858519077301
                ],
                [
                    142.5001220703125,
                    584.7468872070312,
                    0.7957249283790588
                ],
                [
                    157.38681030273438,
                    638.3389892578125,
                    0.6722336411476135
                ],
                [
                    224.37693786621094,
                    511.80206298828125,
                    0.8538175821304321
                ],
                [
                    240.75230407714844,
                    565.3941650390625,
                    0.8724299669265747
                ],
                [
                    248.19564819335938,
                    598.1448974609375,
                    0.6829445362091064
                ],
                [
                    183.43852996826172,
                    593.6788940429688,
                    0.7126834392547607
                ],
                [
                    163.34149169921875,
                    596.65625,
                    0.7126834392547607
                ],
                [
                    202.04689025878906,
                    623.4522705078125,
                    0.8901728391647339
                ],
                [
                    182.69419860839844,
                    690.4423828125,
                    0.7967661619186401
                ],
                [
                    203.5355682373047,
                    590.7015380859375,
                    0.7674877047538757
                ],
                [
                    243.72964477539062,
                    618.9862670898438,
                    0.9086791276931763
                ],
                [
                    212.46759033203125,
                    681.5103759765625,
                    0.7993983626365662
                ],
                [
                    0.0,
                    0.0,
                    0.0
                ],
                [
                    0.0,
                    0.0,
                    0.0
                ],
                [
                    0.0,
                    0.0,
                    0.0
                ],
                [
                    0.0,
                    0.0,
                    0.0
                ],
                [
                    0.0,
                    0.0,
                    0.0
                ],
                [
                    0.0,
                    0.0,
                    0.0
                ],
                [
                    0.0,
                    0.0,
                    0.0
                ],
                [
                    0.0,
                    0.0,
                    0.0
                ],
                [
                    0.0,
                    0.0,
                    0.0
                ],
                [
                    0.0,
                    0.0,
                    0.0
                ]
            ],
            "isKeyframe": true,
            "area": 81695.67592274491
        }
    ],
    "isKeyframe": false
}