{
    "filename": "images/demo_H2FNV1/000077.jpg",
    "height": 1080,
    "width": 1920,
    "annots": [
        {
            "bbox": [
                810.5406494140625,
                476.2503356933594,
                1033.9874267578125,
                851.1873779296875,
                1.0,
                1.0,
                0.0
            ],
            "personID": 0,
            "keypoints": [
                [
                    813.8837890625,
                    526.0466918945312,
                    0.9169490933418274
                ],
                [
                    882.231689453125,
                    540.6926574707031,
                    0.7746399641036987
                ],
                [
                    917.3820190429688,
                    533.8578491210938,
                    0.8475232124328613
                ],
                [
                    974.01318359375,
                    535.8106689453125,
                    0.8067909479141235
                ],
                [
                    1028.6915283203125,
                    520.1882934570312,
                    0.8307273387908936
                ],
                [
                    847.0813598632812,
                    547.5274658203125,
                    0.7746399641036987
                ],
                [
                    891.9956665039062,
                    533.8578491210938,
                    0.7928765416145325
                ],
                [
                    934.9572143554688,
                    522.14111328125,
                    0.7344027161598206
                ],
                [
                    970.1075744628906,
                    668.6008605957031,
                    0.6276772618293762
                ],
                [
                    993.5411376953125,
                    666.6480712890625,
                    0.7134825587272644
                ],
                [
                    901.7596435546875,
                    699.8456420898438,
                    0.6778224110603333
                ],
                [
                    931.0516357421875,
                    807.2494506835938,
                    0.8014096617698669
                ],
                [
                    946.6740112304688,
                    670.5536499023438,
                    0.6276772618293762
                ],
                [
                    850.9869384765625,
                    703.751220703125,
                    0.9183667302131653
                ],
                [
                    893.948486328125,
                    813.1078491210938,
                    0.8507874608039856
                ],
                [
                    0.0,
                    0.0,
                    0.0
                ],
                [
                    0.0,
                    0.0,
                    0.0
                ],
                [
                    0.0,
                    0.0,
                    0.0
                ],
                [
                    0.0,
                    0.0,
                    0.0
                ],
                [
                    0.0,
                    0.0,
                    0.0
                ],
                [
                    0.0,
                    0.0,
                    0.0
                ],
                [
                    0.0,
                    0.0,
                    0.0
                ],
                [
                    0.0,
                    0.0,
                    0.0
                ],
                [
                    0.0,
                    0.0,
                    0.0
                ],
                [
                    0.0,
                    0.0,
                    0.0
                ]
            ],
            "isKeyframe": true,
            "area": 140577.7856409261
        },
        {
            "bbox": [
                89.6806869506836,
                446.20977783203125,
                251.6140899658203,
                722.5387573242188,
                1.0,
                1.0,
                0.0
            ],
            "personID": 1,
            "keypoints": [
                [
                    231.81396484375,
                    494.4234313964844,
                    0.9541218280792236
                ],
                [
                    200.8708724975586,
                    512.4136199951172,
                    0.6989138722419739
                ],
                [
                    167.0493621826172,
                    514.5724487304688,
                    0.6989138722419739
                ],
                [
                    113.79847717285156,
                    495.8626403808594,
                    0.6825814843177795
                ],
                [
                    74.9397201538086,
                    477.15289306640625,
                    0.5580828785896301
                ],
                [
                    234.6923828125,
                    510.2547912597656,
                    0.8222222328186035
                ],
                [
                    185.75914001464844,
                    504.4979248046875,
                    0.5092898011207581
                ],
                [
                    169.92779541015625,
                    481.47052001953125,
                    0.8155491352081299
                ],
                [
                    162.73172760009766,
                    580.7762451171875,
                    0.7963141202926636
                ],
                [
                    141.14352416992188,
                    582.2154541015625,
                    0.7963141202926636
                ],
                [
                    184.31993103027344,
                    613.8781127929688,
                    0.9105303287506104
                ],
                [
                    172.80621337890625,
                    688.7172241210938,
                    0.809872567653656
                ],
                [
                    184.31993103027344,
                    579.3370361328125,
                    0.8190202116966248
                ],
                [
                    226.05711364746094,
                    612.4389038085938,
                    0.9103984832763672
                ],
                [
                    203.02969360351562,
                    681.5211791992188,
                    0.7931241989135742
                ],
                [
                    0.0,
                    0.0,
                    0.0
                ],
                [
                    0.0,
                    0.0,
                    0.0
                ],
                [
                    0.0,
                    0.0,
                    0.0
                ],
                [
                    0.0,
                    0.0,
                    0.0
                ],
                [
                    0.0,
                    0.0,
                    0.0
                ],
                [
                    0.0,
                    0.0,
                    0.0
                ],
                [
                    0.0,
                    0.0,
                    0.0
                ],
                [
                    0.0,
                    0.0,
                    0.0
                ],
                [
                    0.0,
                    0.0,
                    0.0
                ],
                [
                    0.0,
                    0.0,
                    0.0
                ]
            ],
            "isKeyframe": true,
            "area": 76357.70490719378
        }
    ],
    "isKeyframe": false
}