{
    "filename": "images/demo_H2FNV1/000079.jpg",
    "height": 1080,
    "width": 1920,
    "annots": [
        {
            "bbox": [
                811.0545043945312,
                472.4787902832031,
                1018.6279296875,
                852.44482421875,
                1.0,
                1.0,
                0.0
            ],
            "personID": 0,
            "keypoints": [
                [
                    814.9022216796875,
                    528.8800048828125,
                    0.8972582817077637
                ],
                [
                    883.1773681640625,
                    546.69091796875,
                    0.7114986777305603
                ],
                [
                    917.8096923828125,
                    538.7749633789062,
                    0.7114986777305603
                ],
                [
                    971.2423706054688,
                    542.73291015625,
                    0.8179184198379517
                ],
                [
                    1028.633056640625,
                    532.8379516601562,
                    0.8617765307426453
                ],
                [
                    848.5450439453125,
                    554.6068725585938,
                    0.815785825252533
                ],
                [
                    892.0828247070312,
                    546.69091796875,
                    0.6274557709693909
                ],
                [
                    939.5785522460938,
                    526.9010009765625,
                    0.7971634268760681
                ],
                [
                    967.2843933105469,
                    671.3672180175781,
                    0.622526228427887
                ],
                [
                    989.0532836914062,
                    667.4092407226562,
                    0.7044076919555664
                ],
                [
                    894.061767578125,
                    691.1571655273438,
                    0.6849055290222168
                ],
                [
                    931.66259765625,
                    807.9175415039062,
                    0.7952967882156372
                ],
                [
                    945.5155029296875,
                    675.3251953125,
                    0.622526228427887
                ],
                [
                    850.5240478515625,
                    703.0310668945312,
                    0.9508922696113586
                ],
                [
                    894.061767578125,
                    813.8544921875,
                    0.8378194570541382
                ],
                [
                    0.0,
                    0.0,
                    0.0
                ],
                [
                    0.0,
                    0.0,
                    0.0
                ],
                [
                    0.0,
                    0.0,
                    0.0
                ],
                [
                    0.0,
                    0.0,
                    0.0
                ],
                [
                    0.0,
                    0.0,
                    0.0
                ],
                [
                    0.0,
                    0.0,
                    0.0
                ],
                [
                    0.0,
                    0.0,
                    0.0
                ],
                [
                    0.0,
                    0.0,
                    0.0
                ],
                [
                    0.0,
                    0.0,
                    0.0
                ],
                [
                    0.0,
                    0.0,
                    0.0
                ]
            ],
            "isKeyframe": true,
            "area": 144374.18694470916
        },
        {
            "bbox": [
                91.83477020263672,
                448.3492736816406,
                252.13648986816406,
                722.0892944335938,
                1.0,
                1.0,
                0.0
            ],
            "personID": 1,
            "keypoints": [
                [
                    231.15338134765625,
                    493.259765625,
                    0.9280739426612854
                ],
                [
                    201.92594146728516,
                    516.0714111328125,
                    0.7011717557907104
                ],
                [
                    168.4213104248047,
                    516.0714111328125,
                    0.7011717557907104
                ],
                [
                    115.66932678222656,
                    503.2398681640625,
                    0.8356859683990479
                ],
                [
                    72.18458557128906,
                    485.41827392578125,
                    0.6945653557777405
                ],
                [
                    235.43057250976562,
                    516.0714111328125,
                    0.8556269407272339
                ],
                [
                    191.23297119140625,
                    517.4971923828125,
                    0.48758694529533386
                ],
                [
                    172.698486328125,
                    488.9825744628906,
                    0.8738791942596436
                ],
                [
                    162.71839141845703,
                    582.3678283691406,
                    0.745079517364502
                ],
                [
                    139.90672302246094,
                    583.0806884765625,
                    0.745079517364502
                ],
                [
                    184.1043243408203,
                    614.4467163085938,
                    0.9012342095375061
                ],
                [
                    172.698486328125,
                    687.158935546875,
                    0.8033096790313721
                ],
                [
                    185.53005981445312,
                    581.6549682617188,
                    0.8274649381637573
                ],
                [
                    228.3019256591797,
                    611.5952758789062,
                    0.9059633016586304
                ],
                [
                    202.63880920410156,
                    681.4559936523438,
                    0.7640504240989685
                ],
                [
                    0.0,
                    0.0,
                    0.0
                ],
                [
                    0.0,
                    0.0,
                    0.0
                ],
                [
                    0.0,
                    0.0,
                    0.0
                ],
                [
                    0.0,
                    0.0,
                    0.0
                ],
                [
                    0.0,
                    0.0,
                    0.0
                ],
                [
                    0.0,
                    0.0,
                    0.0
                ],
                [
                    0.0,
                    0.0,
                    0.0
                ],
                [
                    0.0,
                    0.0,
                    0.0
                ],
                [
                    0.0,
                    0.0,
                    0.0
                ],
                [
                    0.0,
                    0.0,
                    0.0
                ]
            ],
            "isKeyframe": true,
            "area": 74933.59896127973
        }
    ],
    "isKeyframe": false
}