{
    "filename": "images/demo_H2FNV1/000022.jpg",
    "height": 1080,
    "width": 1920,
    "annots": [
        {
            "bbox": [
                683.0110473632812,
                292.82421875,
                949.4627685546875,
                883.2352294921875,
                1.0,
                1.0,
                0.0
            ],
            "personID": 0,
            "keypoints": [
                [
                    851.60009765625,
                    362.0130310058594,
                    0.960029661655426
                ],
                [
                    894.6509094238281,
                    411.2139434814453,
                    0.822823166847229
                ],
                [
                    925.4014892578125,
                    408.1388854980469,
                    0.9044142961502075
                ],
                [
                    866.9754028320312,
                    392.76361083984375,
                    0.8555125594139099
                ],
                [
                    817.7744750976562,
                    365.08807373046875,
                    0.9704384803771973
                ],
                [
                    863.9003295898438,
                    414.28900146484375,
                    0.822823166847229
                ],
                [
                    783.9488525390625,
                    408.1388854980469,
                    0.9145154356956482
                ],
                [
                    722.4476928710938,
                    380.46337890625,
                    0.930837094783783
                ],
                [
                    894.65087890625,
                    574.1919555664062,
                    0.7536231279373169
                ],
                [
                    916.17626953125,
                    571.1168823242188,
                    0.7536231279373169
                ],
                [
                    916.17626953125,
                    694.1192016601562,
                    0.9320318102836609
                ],
                [
                    922.326416015625,
                    807.8963012695312,
                    0.8995107412338257
                ],
                [
                    873.12548828125,
                    577.2670288085938,
                    0.8015528321266174
                ],
                [
                    876.2005615234375,
                    703.3443603515625,
                    0.9251708984375
                ],
                [
                    888.5007934570312,
                    817.1214599609375,
                    0.9147897362709045
                ],
                [
                    0.0,
                    0.0,
                    0.0
                ],
                [
                    0.0,
                    0.0,
                    0.0
                ],
                [
                    0.0,
                    0.0,
                    0.0
                ],
                [
                    0.0,
                    0.0,
                    0.0
                ],
                [
                    0.0,
                    0.0,
                    0.0
                ],
                [
                    0.0,
                    0.0,
                    0.0
                ],
                [
                    0.0,
                    0.0,
                    0.0
                ],
                [
                    0.0,
                    0.0,
                    0.0
                ],
                [
                    0.0,
                    0.0,
                    0.0
                ],
                [
                    0.0,
                    0.0,
                    0.0
                ]
            ],
            "isKeyframe": true,
            "area": 348585.16160561144
        },
        {
            "bbox": [
                112.91068267822266,
                324.3449401855469,
                289.38983154296875,
                729.931396484375,
                1.0,
                1.0,
                0.0
            ],
            "personID": 1,
            "keypoints": [
                [
                    174.74490356445312,
                    373.987060546875,
                    0.9893609285354614
                ],
                [
                    162.07032775878906,
                    408.84214782714844,
                    0.837692141532898
                ],
                [
                    128.27145385742188,
                    414.12322998046875,
                    0.837692141532898
                ],
                [
                    140.94602966308594,
                    412.0107727050781,
                    0.8592233657836914
                ],
                [
                    185.3070526123047,
                    390.8865051269531,
                    0.8699405789375305
                ],
                [
                    195.86920166015625,
                    403.5610656738281,
                    0.926839292049408
                ],
                [
                    233.89292907714844,
                    395.1113586425781,
                    0.8967788815498352
                ],
                [
                    271.9166564941406,
                    373.987060546875,
                    0.9447886347770691
                ],
                [
                    177.91354370117188,
                    527.13818359375,
                    0.8149582743644714
                ],
                [
                    155.7330322265625,
                    530.3068237304688,
                    0.8149582743644714
                ],
                [
                    155.7330322265625,
                    619.0288696289062,
                    0.8837429285049438
                ],
                [
                    164.18275451660156,
                    688.739013671875,
                    0.8380227088928223
                ],
                [
                    200.09405517578125,
                    523.9695434570312,
                    0.8857680559158325
                ],
                [
                    197.98162841796875,
                    614.8040161132812,
                    0.8846964240074158
                ],
                [
                    191.6443328857422,
                    682.4017333984375,
                    0.8483492732048035
                ],
                [
                    0.0,
                    0.0,
                    0.0
                ],
                [
                    0.0,
                    0.0,
                    0.0
                ],
                [
                    0.0,
                    0.0,
                    0.0
                ],
                [
                    0.0,
                    0.0,
                    0.0
                ],
                [
                    0.0,
                    0.0,
                    0.0
                ],
                [
                    0.0,
                    0.0,
                    0.0
                ],
                [
                    0.0,
                    0.0,
                    0.0
                ],
                [
                    0.0,
                    0.0,
                    0.0
                ],
                [
                    0.0,
                    0.0,
                    0.0
                ],
                [
                    0.0,
                    0.0,
                    0.0
                ]
            ],
            "isKeyframe": true,
            "area": 164500.37353304122
        }
    ],
    "isKeyframe": false
}