{
    "filename": "images/demo_H2FNV1/000017.jpg",
    "height": 1080,
    "width": 1920,
    "annots": [
        {
            "bbox": [
                709.8591918945312,
                262.63262939453125,
                958.1148681640625,
                869.0313110351562,
                1.0,
                1.0,
                0.0
            ],
            "personID": 0,
            "keypoints": [
                [
                    851.3578491210938,
                    365.2781982421875,
                    0.9364647269248962
                ],
                [
                    892.4161071777344,
                    414.2322692871094,
                    0.8300608396530151
                ],
                [
                    920.841064453125,
                    409.4947814941406,
                    0.8607311248779297
                ],
                [
                    863.9911499023438,
                    355.80322265625,
                    0.8576880693435669
                ],
                [
                    826.0912475585938,
                    314.7449951171875,
                    0.9530835747718811
                ],
                [
                    863.9911499023438,
                    418.9697570800781,
                    0.8300608396530151
                ],
                [
                    781.8746948242188,
                    371.5948791503906,
                    0.9543336629867554
                ],
                [
                    734.499755859375,
                    330.53662109375,
                    0.9358862638473511
                ],
                [
                    892.4161071777344,
                    567.4111328125,
                    0.7641918063163757
                ],
                [
                    914.5244140625,
                    561.094482421875,
                    0.7980474233627319
                ],
                [
                    911.3660888671875,
                    693.7442016601562,
                    0.906247615814209
                ],
                [
                    920.841064453125,
                    807.4439697265625,
                    0.9091593623161316
                ],
                [
                    870.3078002929688,
                    573.727783203125,
                    0.7641918063163757
                ],
                [
                    876.6244506835938,
                    706.3775024414062,
                    0.8979406952857971
                ],
                [
                    886.0994262695312,
                    816.9189453125,
                    0.8982511758804321
                ],
                [
                    0.0,
                    0.0,
                    0.0
                ],
                [
                    0.0,
                    0.0,
                    0.0
                ],
                [
                    0.0,
                    0.0,
                    0.0
                ],
                [
                    0.0,
                    0.0,
                    0.0
                ],
                [
                    0.0,
                    0.0,
                    0.0
                ],
                [
                    0.0,
                    0.0,
                    0.0
                ],
                [
                    0.0,
                    0.0,
                    0.0
                ],
                [
                    0.0,
                    0.0,
                    0.0
                ],
                [
                    0.0,
                    0.0,
                    0.0
                ],
                [
                    0.0,
                    0.0,
                    0.0
                ]
            ],
            "isKeyframe": true,
            "area": 367719.3610954881
        },
        {
            "bbox": [
                109.70829010009766,
                310.01025390625,
                274.73162841796875,
                730.323486328125,
                1.0,
                1.0,
                0.0
            ],
            "personID": 1,
            "keypoints": [
                [
                    173.6123504638672,
                    370.21136474609375,
                    0.9851698279380798
                ],
                [
                    160.47756958007812,
                    409.61572265625,
                    0.8833220601081848
                ],
                [
                    132.01885986328125,
                    413.9939880371094,
                    0.8833220601081848
                ],
                [
                    145.1536407470703,
                    385.5352783203125,
                    0.6709485054016113
                ],
                [
                    188.936279296875,
                    328.61785888671875,
                    0.6395849585533142
                ],
                [
                    188.936279296875,
                    405.2374572753906,
                    0.8861660957336426
                ],
                [
                    230.52976989746094,
                    378.9678955078125,
                    0.9275614023208618
                ],
                [
                    256.7993469238281,
                    343.9418029785156,
                    0.8955906629562378
                ],
                [
                    179.0851821899414,
                    527.8288269042969,
                    0.8247619271278381
                ],
                [
                    158.28843688964844,
                    532.2070922851562,
                    0.8247619271278381
                ],
                [
                    156.09930419921875,
                    619.7723388671875,
                    0.8969172239303589
                ],
                [
                    162.6667022705078,
                    692.013671875,
                    0.8507668375968933
                ],
                [
                    199.88192749023438,
                    523.4505615234375,
                    0.8606037497520447
                ],
                [
                    197.6927947998047,
                    613.2049560546875,
                    0.8788267970085144
                ],
                [
                    191.1254119873047,
                    685.4462890625,
                    0.8594092130661011
                ],
                [
                    0.0,
                    0.0,
                    0.0
                ],
                [
                    0.0,
                    0.0,
                    0.0
                ],
                [
                    0.0,
                    0.0,
                    0.0
                ],
                [
                    0.0,
                    0.0,
                    0.0
                ],
                [
                    0.0,
                    0.0,
                    0.0
                ],
                [
                    0.0,
                    0.0,
                    0.0
                ],
                [
                    0.0,
                    0.0,
                    0.0
                ],
                [
                    0.0,
                    0.0,
                    0.0
                ],
                [
                    0.0,
                    0.0,
                    0.0
                ],
                [
                    0.0,
                    0.0,
                    0.0
                ]
            ],
            "isKeyframe": true,
            "area": 176663.2133489251
        }
    ],
    "isKeyframe": false
}