{
    "filename": "images/demo_H2FNV1/000053.jpg",
    "height": 1080,
    "width": 1920,
    "annots": [
        {
            "bbox": [
                790.594970703125,
                361.8465270996094,
                1005.6414794921875,
                857.1847534179688,
                1.0,
                1.0,
                0.0
            ],
            "personID": 0,
            "keypoints": [
                [
                    798.7926025390625,
                    435.373291015625,
                    0.9375867247581482
                ],
                [
                    872.3193664550781,
                    458.59226989746094,
                    0.8537952303886414
                ],
                [
                    909.7277221679688,
                    456.01239013671875,
                    0.8537952303886414
                ],
                [
                    961.325439453125,
                    492.13079833984375,
                    0.9462721347808838
                ],
                [
                    1028.4024658203125,
                    528.2492065429688,
                    0.8858510255813599
                ],
                [
                    834.9110107421875,
                    461.1721496582031,
                    0.8989490270614624
                ],
                [
                    881.3489379882812,
                    494.7106628417969,
                    0.9238964915275574
                ],
                [
                    940.6863403320312,
                    530.8291015625,
                    0.898813009262085
                ],
                [
                    939.3964233398438,
                    578.5569763183594,
                    0.7297441959381104
                ],
                [
                    963.9053344726562,
                    574.6871337890625,
                    0.7904841303825378
                ],
                [
                    917.4673461914062,
                    693.3619384765625,
                    0.9222477078437805
                ],
                [
                    930.3668212890625,
                    806.876953125,
                    0.9172213077545166
                ],
                [
                    914.8875122070312,
                    582.4268188476562,
                    0.7297441959381104
                ],
                [
                    871.0294189453125,
                    693.3619384765625,
                    0.9345461130142212
                ],
                [
                    891.6685180664062,
                    814.6165771484375,
                    0.8824045062065125
                ],
                [
                    0.0,
                    0.0,
                    0.0
                ],
                [
                    0.0,
                    0.0,
                    0.0
                ],
                [
                    0.0,
                    0.0,
                    0.0
                ],
                [
                    0.0,
                    0.0,
                    0.0
                ],
                [
                    0.0,
                    0.0,
                    0.0
                ],
                [
                    0.0,
                    0.0,
                    0.0
                ],
                [
                    0.0,
                    0.0,
                    0.0
                ],
                [
                    0.0,
                    0.0,
                    0.0
                ],
                [
                    0.0,
                    0.0,
                    0.0
                ],
                [
                    0.0,
                    0.0,
                    0.0
                ]
            ],
            "isKeyframe": true,
            "area": 245359.9584522182
        },
        {
            "bbox": [
                52.550010681152344,
                370.3872985839844,
                245.14089965820312,
                720.05810546875,
                1.0,
                1.0,
                0.0
            ],
            "personID": 1,
            "keypoints": [
                [
                    218.96173095703125,
                    425.9339904785156,
                    0.9456528425216675
                ],
                [
                    191.6436996459961,
                    448.6990203857422,
                    0.8010430932044983
                ],
                [
                    157.04086303710938,
                    447.7884216308594,
                    0.8010430932044983
                ],
                [
                    111.51082611083984,
                    466.00042724609375,
                    0.8927546143531799
                ],
                [
                    78.72919464111328,
                    484.21246337890625,
                    0.918752908706665
                ],
                [
                    226.2465362548828,
                    449.609619140625,
                    0.8816014528274536
                ],
                [
                    188.0012969970703,
                    484.21246337890625,
                    0.6167173981666565
                ],
                [
                    188.0012969970703,
                    535.2061157226562,
                    0.0
                ],
                [
                    164.32567596435547,
                    534.2955017089844,
                    0.7859384417533875
                ],
                [
                    142.47125244140625,
                    535.2061157226562,
                    0.7859384417533875
                ],
                [
                    166.14688110351562,
                    609.8753662109375,
                    0.8573309779167175
                ],
                [
                    166.14688110351562,
                    688.1870727539062,
                    0.7969781160354614
                ],
                [
                    186.1800994873047,
                    533.3848876953125,
                    0.8288089036941528
                ],
                [
                    206.21331787109375,
                    606.2329711914062,
                    0.8689885139465332
                ],
                [
                    198.9285125732422,
                    679.0810546875,
                    0.8227904438972473
                ],
                [
                    0.0,
                    0.0,
                    0.0
                ],
                [
                    0.0,
                    0.0,
                    0.0
                ],
                [
                    0.0,
                    0.0,
                    0.0
                ],
                [
                    0.0,
                    0.0,
                    0.0
                ],
                [
                    0.0,
                    0.0,
                    0.0
                ],
                [
                    0.0,
                    0.0,
                    0.0
                ],
                [
                    0.0,
                    0.0,
                    0.0
                ],
                [
                    0.0,
                    0.0,
                    0.0
                ],
                [
                    0.0,
                    0.0,
                    0.0
                ],
                [
                    0.0,
                    0.0,
                    0.0
                ]
            ],
            "isKeyframe": true,
            "area": 122269.67318744306
        }
    ],
    "isKeyframe": false
}