{
    "filename": "images/demo_H2FNV1/000069.jpg",
    "height": 1080,
    "width": 1920,
    "annots": [
        {
            "bbox": [
                801.687744140625,
                425.64306640625,
                1018.3883056640625,
                847.37744140625,
                1.0,
                1.0,
                0.0
            ],
            "personID": 0,
            "keypoints": [
                [
                    805.7026977539062,
                    501.4234619140625,
                    0.9703078866004944
                ],
                [
                    881.4830932617188,
                    509.111328125,
                    0.7926216125488281
                ],
                [
                    922.1189575195312,
                    508.0130615234375,
                    0.9305844306945801
                ],
                [
                    963.8530883789062,
                    492.6373291015625,
                    0.8737441301345825
                ],
                [
                    1009.9802856445312,
                    472.8685302734375,
                    0.9415591359138489
                ],
                [
                    840.8472290039062,
                    510.2095947265625,
                    0.7926216125488281
                ],
                [
                    882.5813598632812,
                    486.0477294921875,
                    0.9756275415420532
                ],
                [
                    937.4946899414062,
                    446.5101318359375,
                    0.8610373139381409
                ],
                [
                    963.8530883789062,
                    635.4119873046875,
                    0.6802104711532593
                ],
                [
                    988.0149536132812,
                    635.4119873046875,
                    0.7480630874633789
                ],
                [
                    900.1536254882812,
                    705.7010498046875,
                    0.7881710529327393
                ],
                [
                    928.7085571289062,
                    804.5450439453125,
                    0.8299919366836548
                ],
                [
                    939.6912231445312,
                    635.4119873046875,
                    0.6802104711532593
                ],
                [
                    856.2229614257812,
                    699.1114501953125,
                    0.9224157929420471
                ],
                [
                    895.7605590820312,
                    813.3311767578125,
                    0.8576861023902893
                ],
                [
                    0.0,
                    0.0,
                    0.0
                ],
                [
                    0.0,
                    0.0,
                    0.0
                ],
                [
                    0.0,
                    0.0,
                    0.0
                ],
                [
                    0.0,
                    0.0,
                    0.0
                ],
                [
                    0.0,
                    0.0,
                    0.0
                ],
                [
                    0.0,
                    0.0,
                    0.0
                ],
                [
                    0.0,
                    0.0,
                    0.0
                ],
                [
                    0.0,
                    0.0,
                    0.0
                ],
                [
                    0.0,
                    0.0,
                    0.0
                ],
                [
                    0.0,
                    0.0,
                    0.0
                ]
            ],
            "isKeyframe": true,
            "area": 177859.88305664062
        },
        {
            "bbox": [
                84.30277252197266,
                415.89569091796875,
                248.65260314941406,
                721.1807861328125,
                1.0,
                1.0,
                0.0
            ],
            "personID": 1,
            "keypoints": [
                [
                    227.69371032714844,
                    477.1116943359375,
                    0.9163729548454285
                ],
                [
                    195.89318084716797,
                    489.0368957519531,
                    0.7930247783660889
                ],
                [
                    159.32257080078125,
                    486.65185546875,
                    0.7930247783660889
                ],
                [
                    122.75196838378906,
                    456.44134521484375,
                    0.8716080188751221
                ],
                [
                    90.9514389038086,
                    426.2308349609375,
                    0.7601572871208191
                ],
                [
                    232.4637908935547,
                    491.42193603515625,
                    0.8864144682884216
                ],
                [
                    200.6632537841797,
                    469.16156005859375,
                    0.5975961089134216
                ],
                [
                    162.50262451171875,
                    446.90118408203125,
                    0.9392874836921692
                ],
                [
                    164.88766479492188,
                    564.5631713867188,
                    0.8236045241355896
                ],
                [
                    141.832275390625,
                    564.5631713867188,
                    0.8236045241355896
                ],
                [
                    179.992919921875,
                    609.0838623046875,
                    0.9110124111175537
                ],
                [
                    170.4527587890625,
                    688.585205078125,
                    0.7990739941596985
                ],
                [
                    187.94305419921875,
                    564.5631713867188,
                    0.8300125598907471
                ],
                [
                    218.15354919433594,
                    610.6738891601562,
                    0.8886407613754272
                ],
                [
                    200.6632537841797,
                    682.22509765625,
                    0.8367909789085388
                ],
                [
                    0.0,
                    0.0,
                    0.0
                ],
                [
                    0.0,
                    0.0,
                    0.0
                ],
                [
                    0.0,
                    0.0,
                    0.0
                ],
                [
                    0.0,
                    0.0,
                    0.0
                ],
                [
                    0.0,
                    0.0,
                    0.0
                ],
                [
                    0.0,
                    0.0,
                    0.0
                ],
                [
                    0.0,
                    0.0,
                    0.0
                ],
                [
                    0.0,
                    0.0,
                    0.0
                ],
                [
                    0.0,
                    0.0,
                    0.0
                ],
                [
                    0.0,
                    0.0,
                    0.0
                ]
            ],
            "isKeyframe": true,
            "area": 93198.98936033621
        }
    ],
    "isKeyframe": false
}