{
    "filename": "images/demo_H2FNV1/000056.jpg",
    "height": 1080,
    "width": 1920,
    "annots": [
        {
            "bbox": [
                786.9880981445312,
                377.3755187988281,
                1017.1001586914062,
                857.5008544921875,
                1.0,
                1.0,
                0.0
            ],
            "personID": 0,
            "keypoints": [
                [
                    798.2670288085938,
                    443.6427917480469,
                    0.8969703912734985
                ],
                [
                    869.53564453125,
                    467.3990173339844,
                    0.7898015975952148
                ],
                [
                    905.7951049804688,
                    463.6480407714844,
                    0.7898015975952148
                ],
                [
                    963.3101196289062,
                    493.6558532714844,
                    0.7422548532485962
                ],
                [
                    1033.328369140625,
                    513.6610717773438,
                    0.9088242053985596
                ],
                [
                    833.2761840820312,
                    471.1499938964844,
                    0.9047762155532837
                ],
                [
                    883.2892456054688,
                    488.654541015625,
                    0.8953489065170288
                ],
                [
                    945.8055419921875,
                    501.1578063964844,
                    0.8709515929222107
                ],
                [
                    943.3049011230469,
                    587.4303283691406,
                    0.718995988368988
                ],
                [
                    968.3114013671875,
                    586.1799926757812,
                    0.7313231229782104
                ],
                [
                    913.2970581054688,
                    696.208740234375,
                    0.8828409314155579
                ],
                [
                    930.8016357421875,
                    806.2374267578125,
                    0.873706042766571
                ],
                [
                    918.2984008789062,
                    588.6806640625,
                    0.718995988368988
                ],
                [
                    868.2853393554688,
                    691.2073974609375,
                    0.9186880588531494
                ],
                [
                    895.79248046875,
                    816.2400512695312,
                    0.8397430181503296
                ],
                [
                    0.0,
                    0.0,
                    0.0
                ],
                [
                    0.0,
                    0.0,
                    0.0
                ],
                [
                    0.0,
                    0.0,
                    0.0
                ],
                [
                    0.0,
                    0.0,
                    0.0
                ],
                [
                    0.0,
                    0.0,
                    0.0
                ],
                [
                    0.0,
                    0.0,
                    0.0
                ],
                [
                    0.0,
                    0.0,
                    0.0
                ],
                [
                    0.0,
                    0.0,
                    0.0
                ],
                [
                    0.0,
                    0.0,
                    0.0
                ],
                [
                    0.0,
                    0.0,
                    0.0
                ]
            ],
            "isKeyframe": true,
            "area": 230520.33797466103
        },
        {
            "bbox": [
                59.093135833740234,
                382.3672790527344,
                246.84266662597656,
                719.7573852539062,
                1.0,
                1.0,
                0.0
            ],
            "personID": 1,
            "keypoints": [
                [
                    220.62164306640625,
                    435.96307373046875,
                    0.9427315592765808
                ],
                [
                    192.50580596923828,
                    454.4141082763672,
                    0.8019407391548157
                ],
                [
                    159.1182403564453,
                    453.5354919433594,
                    0.8019407391548157
                ],
                [
                    111.67274475097656,
                    462.3216857910156,
                    0.8971429467201233
                ],
                [
                    78.28518676757812,
                    471.1078796386719,
                    0.9308234453201294
                ],
                [
                    225.89337158203125,
                    455.292724609375,
                    0.8952025175094604
                ],
                [
                    190.74856567382812,
                    492.19476318359375,
                    0.6578598618507385
                ],
                [
                    190.74856567382812,
                    546.669189453125,
                    0.0
                ],
                [
                    165.2685775756836,
                    539.6402587890625,
                    0.8060705065727234
                ],
                [
                    143.30307006835938,
                    541.3975219726562,
                    0.8060705065727234
                ],
                [
                    169.66168212890625,
                    609.9298706054688,
                    0.873974621295929
                ],
                [
                    166.14720153808594,
                    687.2484130859375,
                    0.7716717720031738
                ],
                [
                    187.2340850830078,
                    537.8829956054688,
                    0.8392098546028137
                ],
                [
                    204.80648803710938,
                    606.4154052734375,
                    0.8519312143325806
                ],
                [
                    197.77752685546875,
                    680.219482421875,
                    0.8335731029510498
                ],
                [
                    0.0,
                    0.0,
                    0.0
                ],
                [
                    0.0,
                    0.0,
                    0.0
                ],
                [
                    0.0,
                    0.0,
                    0.0
                ],
                [
                    0.0,
                    0.0,
                    0.0
                ],
                [
                    0.0,
                    0.0,
                    0.0
                ],
                [
                    0.0,
                    0.0,
                    0.0
                ],
                [
                    0.0,
                    0.0,
                    0.0
                ],
                [
                    0.0,
                    0.0,
                    0.0
                ],
                [
                    0.0,
                    0.0,
                    0.0
                ],
                [
                    0.0,
                    0.0,
                    0.0
                ]
            ],
            "isKeyframe": true,
            "area": 113832.08376243804
        }
    ],
    "isKeyframe": false
}