{
    "filename": "images/demo_H2FNV1/000071.jpg",
    "height": 1080,
    "width": 1920,
    "annots": [
        {
            "bbox": [
                806.1531372070312,
                413.7433166503906,
                1013.6633911132812,
                859.143310546875,
                1.0,
                1.0,
                0.0
            ],
            "personID": 0,
            "keypoints": [
                [
                    808.9973754882812,
                    512.33447265625,
                    0.9124948978424072
                ],
                [
                    885.5504455566406,
                    519.2938232421875,
                    0.8353018760681152
                ],
                [
                    922.6671142578125,
                    519.2938232421875,
                    0.9087238311767578
                ],
                [
                    964.42333984375,
                    503.0552673339844,
                    0.9123548269271851
                ],
                [
                    1010.8191528320312,
                    479.85736083984375,
                    0.8977439999580383
                ],
                [
                    848.4337768554688,
                    519.2938232421875,
                    0.8353018760681152
                ],
                [
                    883.2306518554688,
                    496.0959167480469,
                    0.9769577383995056
                ],
                [
                    934.2660522460938,
                    456.6594543457031,
                    0.911690354347229
                ],
                [
                    966.7431640625,
                    644.5625915527344,
                    0.7476058602333069
                ],
                [
                    992.2608642578125,
                    642.2427978515625,
                    0.7618968486785889
                ],
                [
                    899.4691772460938,
                    702.557373046875,
                    0.7803005576133728
                ],
                [
                    929.62646484375,
                    804.628173828125,
                    0.8983268737792969
                ],
                [
                    941.2254638671875,
                    646.8823852539062,
                    0.7476058602333069
                ],
                [
                    855.3931884765625,
                    702.557373046875,
                    0.9341121912002563
                ],
                [
                    894.8296508789062,
                    813.9073486328125,
                    0.850405752658844
                ],
                [
                    0.0,
                    0.0,
                    0.0
                ],
                [
                    0.0,
                    0.0,
                    0.0
                ],
                [
                    0.0,
                    0.0,
                    0.0
                ],
                [
                    0.0,
                    0.0,
                    0.0
                ],
                [
                    0.0,
                    0.0,
                    0.0
                ],
                [
                    0.0,
                    0.0,
                    0.0
                ],
                [
                    0.0,
                    0.0,
                    0.0
                ],
                [
                    0.0,
                    0.0,
                    0.0
                ],
                [
                    0.0,
                    0.0,
                    0.0
                ],
                [
                    0.0,
                    0.0,
                    0.0
                ]
            ],
            "isKeyframe": true,
            "area": 198381.15456298832
        },
        {
            "bbox": [
                81.2442398071289,
                416.470458984375,
                247.0614471435547,
                721.8751831054688,
                1.0,
                1.0,
                0.0
            ],
            "personID": 1,
            "keypoints": [
                [
                    230.16477966308594,
                    484.0730895996094,
                    0.9435566067695618
                ],
                [
                    195.9658203125,
                    493.61700439453125,
                    0.837473452091217
                ],
                [
                    158.58555603027344,
                    493.61700439453125,
                    0.837473452091217
                ],
                [
                    122.00061798095703,
                    461.80401611328125,
                    0.8513787984848022
                ],
                [
                    90.18762969970703,
                    437.94427490234375,
                    0.7870678305625916
                ],
                [
                    233.34608459472656,
                    493.61700439453125,
                    0.9028026461601257
                ],
                [
                    198.35179138183594,
                    476.1198425292969,
                    0.6457989811897278
                ],
                [
                    164.94815063476562,
                    450.6694641113281,
                    0.9357922673225403
                ],
                [
                    164.15283203125,
                    567.5821838378906,
                    0.7947855591773987
                ],
                [
                    141.08840942382812,
                    566.786865234375,
                    0.7995575666427612
                ],
                [
                    180.85464477539062,
                    611.3250732421875,
                    0.8797104954719543
                ],
                [
                    171.31076049804688,
                    687.67626953125,
                    0.8007680773735046
                ],
                [
                    187.21725463867188,
                    568.3775024414062,
                    0.7947855591773987
                ],
                [
                    219.03024291992188,
                    611.3250732421875,
                    0.8849601745605469
                ],
                [
                    199.94244384765625,
                    681.3136596679688,
                    0.8188827633857727
                ],
                [
                    0.0,
                    0.0,
                    0.0
                ],
                [
                    0.0,
                    0.0,
                    0.0
                ],
                [
                    0.0,
                    0.0,
                    0.0
                ],
                [
                    0.0,
                    0.0,
                    0.0
                ],
                [
                    0.0,
                    0.0,
                    0.0
                ],
                [
                    0.0,
                    0.0,
                    0.0
                ],
                [
                    0.0,
                    0.0,
                    0.0
                ],
                [
                    0.0,
                    0.0,
                    0.0
                ],
                [
                    0.0,
                    0.0,
                    0.0
                ],
                [
                    0.0,
                    0.0,
                    0.0
                ]
            ],
            "isKeyframe": true,
            "area": 93272.04551548138
        }
    ],
    "isKeyframe": false
}