{
    "filename": "images/demo_H2FNV1/000061.jpg",
    "height": 1080,
    "width": 1920,
    "annots": [
        {
            "bbox": [
                794.4767456054688,
                402.719970703125,
                1018.6542358398438,
                857.429443359375,
                1.0,
                1.0,
                0.0
            ],
            "personID": 0,
            "keypoints": [
                [
                    801.1771240234375,
                    465.4793395996094,
                    0.8829609751701355
                ],
                [
                    873.4096069335938,
                    479.68902587890625,
                    0.8571318984031677
                ],
                [
                    912.4862060546875,
                    472.5841979980469,
                    0.8571318984031677
                ],
                [
                    959.8517456054688,
                    491.5304260253906,
                    0.9024694561958313
                ],
                [
                    1021.427001953125,
                    484.4255676269531,
                    0.912577748298645
                ],
                [
                    834.3330078125,
                    486.7938537597656,
                    0.8595949411392212
                ],
                [
                    888.8034057617188,
                    474.95245361328125,
                    0.9661266803741455
                ],
                [
                    955.1151733398438,
                    463.111083984375,
                    0.8678078055381775
                ],
                [
                    950.3786315917969,
                    600.4712219238281,
                    0.7316957712173462
                ],
                [
                    974.0614013671875,
                    598.1029663085938,
                    0.7316957712173462
                ],
                [
                    907.7496337890625,
                    697.5706176757812,
                    0.92240971326828
                ],
                [
                    929.0641479492188,
                    808.8797607421875,
                    0.8352830410003662
                ],
                [
                    926.6958618164062,
                    602.8394775390625,
                    0.746495246887207
                ],
                [
                    865.12060546875,
                    697.5706176757812,
                    0.9458866119384766
                ],
                [
                    893.5399780273438,
                    815.9845581054688,
                    0.8684419393539429
                ],
                [
                    0.0,
                    0.0,
                    0.0
                ],
                [
                    0.0,
                    0.0,
                    0.0
                ],
                [
                    0.0,
                    0.0,
                    0.0
                ],
                [
                    0.0,
                    0.0,
                    0.0
                ],
                [
                    0.0,
                    0.0,
                    0.0
                ],
                [
                    0.0,
                    0.0,
                    0.0
                ],
                [
                    0.0,
                    0.0,
                    0.0
                ],
                [
                    0.0,
                    0.0,
                    0.0
                ],
                [
                    0.0,
                    0.0,
                    0.0
                ],
                [
                    0.0,
                    0.0,
                    0.0
                ]
            ],
            "isKeyframe": true,
            "area": 206760.70452332497
        },
        {
            "bbox": [
                72.39268493652344,
                400.6527099609375,
                245.85333251953125,
                722.9464111328125,
                1.0,
                1.0,
                0.0
            ],
            "personID": 1,
            "keypoints": [
                [
                    227.10684204101562,
                    451.85040283203125,
                    0.9138129353523254
                ],
                [
                    194.37389373779297,
                    465.27931213378906,
                    0.7710433602333069
                ],
                [
                    159.9623260498047,
                    461.9220886230469,
                    0.7710433602333069
                ],
                [
                    107.9253158569336,
                    455.2076416015625,
                    0.8638216257095337
                ],
                [
                    79.38890075683594,
                    443.45733642578125,
                    0.8616841435432434
                ],
                [
                    228.78546142578125,
                    468.63653564453125,
                    0.9133890867233276
                ],
                [
                    195.21319580078125,
                    503.8874206542969,
                    0.5440184473991394
                ],
                [
                    168.3553924560547,
                    530.7452392578125,
                    0.0
                ],
                [
                    164.15885162353516,
                    550.0492553710938,
                    0.8097826242446899
                ],
                [
                    141.49757385253906,
                    550.8885498046875,
                    0.8097826242446899
                ],
                [
                    173.39122009277344,
                    607.96142578125,
                    0.8570056557655334
                ],
                [
                    166.67677307128906,
                    685.1776123046875,
                    0.7543922066688538
                ],
                [
                    186.82012939453125,
                    549.2099609375,
                    0.8434284329414368
                ],
                [
                    210.32070922851562,
                    606.2827758789062,
                    0.8888932466506958
                ],
                [
                    196.89181518554688,
                    681.8203735351562,
                    0.8666969537734985
                ],
                [
                    0.0,
                    0.0,
                    0.0
                ],
                [
                    0.0,
                    0.0,
                    0.0
                ],
                [
                    0.0,
                    0.0,
                    0.0
                ],
                [
                    0.0,
                    0.0,
                    0.0
                ],
                [
                    0.0,
                    0.0,
                    0.0
                ],
                [
                    0.0,
                    0.0,
                    0.0
                ],
                [
                    0.0,
                    0.0,
                    0.0
                ],
                [
                    0.0,
                    0.0,
                    0.0
                ],
                [
                    0.0,
                    0.0,
                    0.0
                ],
                [
                    0.0,
                    0.0,
                    0.0
                ]
            ],
            "isKeyframe": true,
            "area": 103873.22981506586
        }
    ],
    "isKeyframe": false
}