{
    "filename": "images/demo_H2FNV1/000010.jpg",
    "height": 1080,
    "width": 1920,
    "annots": [
        {
            "bbox": [
                761.4067993164062,
                217.37362670898438,
                950.5235595703125,
                867.1033325195312,
                1.0,
                1.0,
                0.0
            ],
            "personID": 0,
            "keypoints": [
                [
                    847.5051879882812,
                    354.426025390625,
                    0.9228373169898987
                ],
                [
                    884.7292785644531,
                    410.2621612548828,
                    0.8123922348022461
                ],
                [
                    915.1853637695312,
                    411.95416259765625,
                    0.890165388584137
                ],
                [
                    884.7293090820312,
                    340.8899841308594,
                    0.8078608512878418
                ],
                [
                    861.0411987304688,
                    276.59381103515625,
                    0.9192264676094055
                ],
                [
                    854.273193359375,
                    408.5701599121094,
                    0.8123922348022461
                ],
                [
                    803.5130615234375,
                    344.27398681640625,
                    0.9039064645767212
                ],
                [
                    776.4409790039062,
                    273.2098083496094,
                    0.958436131477356
                ],
                [
                    886.4212951660156,
                    569.3105773925781,
                    0.7988729476928711
                ],
                [
                    905.0333251953125,
                    564.2345581054688,
                    0.825570285320282
                ],
                [
                    908.4173583984375,
                    692.826904296875,
                    0.9299260377883911
                ],
                [
                    918.5693969726562,
                    811.2672729492188,
                    0.8658024072647095
                ],
                [
                    867.8092651367188,
                    574.3865966796875,
                    0.7988729476928711
                ],
                [
                    871.1932373046875,
                    699.594970703125,
                    0.9069309234619141
                ],
                [
                    888.11328125,
                    818.0352783203125,
                    0.920569896697998
                ],
                [
                    0.0,
                    0.0,
                    0.0
                ],
                [
                    0.0,
                    0.0,
                    0.0
                ],
                [
                    0.0,
                    0.0,
                    0.0
                ],
                [
                    0.0,
                    0.0,
                    0.0
                ],
                [
                    0.0,
                    0.0,
                    0.0
                ],
                [
                    0.0,
                    0.0,
                    0.0
                ],
                [
                    0.0,
                    0.0,
                    0.0
                ],
                [
                    0.0,
                    0.0,
                    0.0
                ],
                [
                    0.0,
                    0.0,
                    0.0
                ],
                [
                    0.0,
                    0.0,
                    0.0
                ]
            ],
            "isKeyframe": true,
            "area": 422148.6906126598
        },
        {
            "bbox": [
                107.09400177001953,
                260.8065490722656,
                254.00271606445312,
                728.5484008789062,
                1.0,
                1.0,
                0.0
            ],
            "personID": 1,
            "keypoints": [
                [
                    172.02182006835938,
                    366.7793273925781,
                    0.9463734030723572
                ],
                [
                    163.49527740478516,
                    408.1939697265625,
                    0.8920590281486511
                ],
                [
                    133.0433349609375,
                    413.0662841796875,
                    0.8920590281486511
                ],
                [
                    140.351806640625,
                    359.4708557128906,
                    0.9578543901443481
                ],
                [
                    147.6602783203125,
                    310.74774169921875,
                    0.9498232007026672
                ],
                [
                    193.9472198486328,
                    403.3216552734375,
                    0.9204958081245422
                ],
                [
                    223.18109130859375,
                    354.5985412597656,
                    0.9184550046920776
                ],
                [
                    230.48956298828125,
                    305.87542724609375,
                    0.9435583353042603
                ],
                [
                    179.33029174804688,
                    528.78369140625,
                    0.8456464409828186
                ],
                [
                    157.40489196777344,
                    530.0017700195312,
                    0.8456464409828186
                ],
                [
                    157.40489196777344,
                    620.1395263671875,
                    0.9110350012779236
                ],
                [
                    162.27720642089844,
                    690.7880249023438,
                    0.8747768402099609
                ],
                [
                    201.2556915283203,
                    527.5656127929688,
                    0.9016584753990173
                ],
                [
                    196.3833770751953,
                    617.703369140625,
                    0.9306129813194275
                ],
                [
                    191.5110626220703,
                    685.9157104492188,
                    0.8866099119186401
                ],
                [
                    0.0,
                    0.0,
                    0.0
                ],
                [
                    0.0,
                    0.0,
                    0.0
                ],
                [
                    0.0,
                    0.0,
                    0.0
                ],
                [
                    0.0,
                    0.0,
                    0.0
                ],
                [
                    0.0,
                    0.0,
                    0.0
                ],
                [
                    0.0,
                    0.0,
                    0.0
                ],
                [
                    0.0,
                    0.0,
                    0.0
                ],
                [
                    0.0,
                    0.0,
                    0.0
                ],
                [
                    0.0,
                    0.0,
                    0.0
                ],
                [
                    0.0,
                    0.0,
                    0.0
                ]
            ],
            "isKeyframe": true,
            "area": 218782.43993150536
        }
    ],
    "isKeyframe": true
}