{
    "filename": "images/demo_H2FNV1/000046.jpg",
    "height": 1080,
    "width": 1920,
    "annots": [
        {
            "bbox": [
                802.2871704101562,
                330.2996826171875,
                966.5880737304688,
                860.5326538085938,
                1.0,
                1.0,
                0.0
            ],
            "personID": 0,
            "keypoints": [
                [
                    808.4927978515625,
                    397.9596252441406,
                    0.9255003333091736
                ],
                [
                    877.5335693359375,
                    429.7183532714844,
                    0.8732632398605347
                ],
                [
                    913.4347534179688,
                    425.5758972167969,
                    0.9064781069755554
                ],
                [
                    916.1963500976562,
                    508.4248046875,
                    0.5564063191413879
                ],
                [
                    921.7196044921875,
                    566.4190063476562,
                    0.39982885122299194
                ],
                [
                    841.6323852539062,
                    433.8608093261719,
                    0.8732632398605347
                ],
                [
                    855.4404907226562,
                    516.709716796875,
                    0.8801090717315674
                ],
                [
                    880.295166015625,
                    588.5120849609375,
                    0.9003005623817444
                ],
                [
                    925.8620910644531,
                    565.0382080078125,
                    0.7622599005699158
                ],
                [
                    949.3359375,
                    560.895751953125,
                    0.7622599005699158
                ],
                [
                    921.7196044921875,
                    696.2156372070312,
                    0.9310604929924011
                ],
                [
                    927.2428588867188,
                    803.919189453125,
                    0.912094235420227
                ],
                [
                    902.3882446289062,
                    569.1806640625,
                    0.7657399773597717
                ],
                [
                    880.295166015625,
                    701.7388916015625,
                    0.9196140170097351
                ],
                [
                    891.3416748046875,
                    814.9656982421875,
                    0.8959104418754578
                ],
                [
                    0.0,
                    0.0,
                    0.0
                ],
                [
                    0.0,
                    0.0,
                    0.0
                ],
                [
                    0.0,
                    0.0,
                    0.0
                ],
                [
                    0.0,
                    0.0,
                    0.0
                ],
                [
                    0.0,
                    0.0,
                    0.0
                ],
                [
                    0.0,
                    0.0,
                    0.0
                ],
                [
                    0.0,
                    0.0,
                    0.0
                ],
                [
                    0.0,
                    0.0,
                    0.0
                ],
                [
                    0.0,
                    0.0,
                    0.0
                ],
                [
                    0.0,
                    0.0,
                    0.0
                ]
            ],
            "isKeyframe": true,
            "area": 281147.00373846665
        },
        {
            "bbox": [
                81.55574798583984,
                349.06256103515625,
                239.07937622070312,
                716.09716796875,
                1.0,
                1.0,
                0.0
            ],
            "personID": 1,
            "keypoints": [
                [
                    207.1527099609375,
                    399.720947265625,
                    0.9712569713592529
                ],
                [
                    183.25723266601562,
                    427.43971252441406,
                    0.8552911281585693
                ],
                [
                    149.80355834960938,
                    426.48388671875,
                    0.8552911281585693
                ],
                [
                    115.39405822753906,
                    480.009765625,
                    0.9087971448898315
                ],
                [
                    96.27767944335938,
                    531.6240234375,
                    0.9036457538604736
                ],
                [
                    216.71090698242188,
                    428.3955383300781,
                    0.8743224740028381
                ],
                [
                    224.35745239257812,
                    476.1864929199219,
                    0.9218230247497559
                ],
                [
                    228.18072509765625,
                    518.2425537109375,
                    0.909972608089447
                ],
                [
                    171.7873992919922,
                    529.71240234375,
                    0.8105212450027466
                ],
                [
                    149.80355834960938,
                    529.71240234375,
                    0.8105212450027466
                ],
                [
                    161.2733917236328,
                    611.912841796875,
                    0.8728826642036438
                ],
                [
                    165.09666442871094,
                    692.20166015625,
                    0.8151495456695557
                ],
                [
                    193.771240234375,
                    529.71240234375,
                    0.8528519868850708
                ],
                [
                    199.5061492919922,
                    611.912841796875,
                    0.892305314540863
                ],
                [
                    197.59451293945312,
                    684.5551147460938,
                    0.8266198635101318
                ],
                [
                    0.0,
                    0.0,
                    0.0
                ],
                [
                    0.0,
                    0.0,
                    0.0
                ],
                [
                    0.0,
                    0.0,
                    0.0
                ],
                [
                    0.0,
                    0.0,
                    0.0
                ],
                [
                    0.0,
                    0.0,
                    0.0
                ],
                [
                    0.0,
                    0.0,
                    0.0
                ],
                [
                    0.0,
                    0.0,
                    0.0
                ],
                [
                    0.0,
                    0.0,
                    0.0
                ],
                [
                    0.0,
                    0.0,
                    0.0
                ],
                [
                    0.0,
                    0.0,
                    0.0
                ]
            ],
            "isKeyframe": true,
            "area": 134714.40268689767
        }
    ],
    "isKeyframe": false
}