{
    "filename": "images/demo_H2FNV1/000003.jpg",
    "height": 1080,
    "width": 1920,
    "annots": [
        {
            "bbox": [
                778.6494750976562,
                202.91561889648438,
                947.3319702148438,
                863.9270629882812,
                1.0,
                1.0,
                0.0
            ],
            "personID": 0,
            "keypoints": [
                [
                    844.0554809570312,
                    356.1188049316406,
                    0.9818384647369385
                ],
                [
                    878.4831848144531,
                    406.0389404296875,
                    0.8723167181015015
                ],
                [
                    909.4680786132812,
                    411.2030944824219,
                    0.916569173336029
                ],
                [
                    895.697021484375,
                    338.90496826171875,
                    0.836170494556427
                ],
                [
                    881.9259643554688,
                    259.7212829589844,
                    0.9571337699890137
                ],
                [
                    847.498291015625,
                    400.8747863769531,
                    0.8723167181015015
                ],
                [
                    816.5133666992188,
                    332.0194396972656,
                    0.9634756445884705
                ],
                [
                    802.7422485351562,
                    249.3929901123047,
                    0.9338715672492981
                ],
                [
                    880.20458984375,
                    571.2918395996094,
                    0.7995851039886475
                ],
                [
                    902.5825805664062,
                    569.5704345703125,
                    0.7995851039886475
                ],
                [
                    909.4680786132812,
                    693.5101318359375,
                    0.9278453588485718
                ],
                [
                    919.79638671875,
                    807.1214599609375,
                    0.8664946556091309
                ],
                [
                    857.8265991210938,
                    573.0132446289062,
                    0.8421472907066345
                ],
                [
                    871.59765625,
                    703.8384399414062,
                    0.8804419040679932
                ],
                [
                    885.3687133789062,
                    820.892578125,
                    0.9173187613487244
                ],
                [
                    0.0,
                    0.0,
                    0.0
                ],
                [
                    0.0,
                    0.0,
                    0.0
                ],
                [
                    0.0,
                    0.0,
                    0.0
                ],
                [
                    0.0,
                    0.0,
                    0.0
                ],
                [
                    0.0,
                    0.0,
                    0.0
                ],
                [
                    0.0,
                    0.0,
                    0.0
                ],
                [
                    0.0,
                    0.0,
                    0.0
                ],
                [
                    0.0,
                    0.0,
                    0.0
                ],
                [
                    0.0,
                    0.0,
                    0.0
                ],
                [
                    0.0,
                    0.0,
                    0.0
                ]
            ],
            "isKeyframe": true,
            "area": 436936.1292203227
        },
        {
            "bbox": [
                101.29586791992188,
                249.17152404785156,
                239.63267517089844,
                729.78955078125,
                1.0,
                1.0,
                0.0
            ],
            "personID": 1,
            "keypoints": [
                [
                    171.7158660888672,
                    368.0744323730469,
                    0.9598987102508545
                ],
                [
                    165.45782470703125,
                    408.12591552734375,
                    0.8481235504150391
                ],
                [
                    136.67080688476562,
                    413.1323547363281,
                    0.8481235504150391
                ],
                [
                    131.66436767578125,
                    358.0615539550781,
                    0.8737622499465942
                ],
                [
                    129.16114807128906,
                    292.97784423828125,
                    0.9534404873847961
                ],
                [
                    194.24484252929688,
                    403.1194763183594,
                    0.9359339475631714
                ],
                [
                    214.27059936523438,
                    353.05511474609375,
                    0.9407538175582886
                ],
                [
                    214.27059936523438,
                    297.9842834472656,
                    0.9486294388771057
                ],
                [
                    179.22553253173828,
                    529.5320129394531,
                    0.87276291847229
                ],
                [
                    156.69656372070312,
                    530.7836303710938,
                    0.8755348324775696
                ],
                [
                    156.69656372070312,
                    618.3963012695312,
                    0.9356674551963806
                ],
                [
                    161.7030029296875,
                    690.9896240234375,
                    0.914662778377533
                ],
                [
                    201.75450134277344,
                    528.2803955078125,
                    0.87276291847229
                ],
                [
                    194.24484252929688,
                    615.89306640625,
                    0.8963798880577087
                ],
                [
                    186.7351837158203,
                    680.9767456054688,
                    0.8929617404937744
                ],
                [
                    0.0,
                    0.0,
                    0.0
                ],
                [
                    0.0,
                    0.0,
                    0.0
                ],
                [
                    0.0,
                    0.0,
                    0.0
                ],
                [
                    0.0,
                    0.0,
                    0.0
                ],
                [
                    0.0,
                    0.0,
                    0.0
                ],
                [
                    0.0,
                    0.0,
                    0.0
                ],
                [
                    0.0,
                    0.0,
                    0.0
                ],
                [
                    0.0,
                    0.0,
                    0.0
                ],
                [
                    0.0,
                    0.0,
                    0.0
                ],
                [
                    0.0,
                    0.0,
                    0.0
                ]
            ],
            "isKeyframe": true,
            "area": 230993.6876211057
        }
    ],
    "isKeyframe": false
}