{
    "filename": "images/demo_H2FNV1/000090.jpg",
    "height": 1080,
    "width": 1920,
    "annots": [
        {
            "bbox": [
                820.9978637695312,
                466.28680419921875,
                1006.1453247070312,
                843.63037109375,
                1.0,
                1.0,
                0.0
            ],
            "personID": 0,
            "keypoints": [
                [
                    828.0797119140625,
                    518.3681030273438,
                    0.901030421257019
                ],
                [
                    888.0222778320312,
                    564.5534057617188,
                    0.7118825316429138
                ],
                [
                    922.4155883789062,
                    555.7094116210938,
                    0.7118825316429138
                ],
                [
                    985.30615234375,
                    612.7039794921875,
                    0.8108016848564148
                ],
                [
                    1042.30078125,
                    655.9412841796875,
                    0.6846744418144226
                ],
                [
                    853.6289672851562,
                    573.3973999023438,
                    0.8624681234359741
                ],
                [
                    889.0049438476562,
                    626.4613037109375,
                    0.9043991565704346
                ],
                [
                    920.4502563476562,
                    679.5252685546875,
                    0.8646540641784668
                ],
                [
                    966.6355285644531,
                    694.2652587890625,
                    0.6535016298294067
                ],
                [
                    987.271484375,
                    687.3865966796875,
                    0.8035696744918823
                ],
                [
                    892.9356079101562,
                    697.2132568359375,
                    0.6650978326797485
                ],
                [
                    934.2075805664062,
                    809.2371215820312,
                    0.7239784598350525
                ],
                [
                    945.9995727539062,
                    701.1439208984375,
                    0.6535016298294067
                ],
                [
                    843.8023071289062,
                    707.0399169921875,
                    0.8611487150192261
                ],
                [
                    894.9009399414062,
                    811.2024536132812,
                    0.8281009793281555
                ],
                [
                    0.0,
                    0.0,
                    0.0
                ],
                [
                    0.0,
                    0.0,
                    0.0
                ],
                [
                    0.0,
                    0.0,
                    0.0
                ],
                [
                    0.0,
                    0.0,
                    0.0
                ],
                [
                    0.0,
                    0.0,
                    0.0
                ],
                [
                    0.0,
                    0.0,
                    0.0
                ],
                [
                    0.0,
                    0.0,
                    0.0
                ],
                [
                    0.0,
                    0.0,
                    0.0
                ],
                [
                    0.0,
                    0.0,
                    0.0
                ],
                [
                    0.0,
                    0.0,
                    0.0
                ]
            ],
            "isKeyframe": true,
            "area": 142388.16747668758
        },
        {
            "bbox": [
                99.86721801757812,
                449.8699035644531,
                254.47337341308594,
                737.336669921875,
                1.0,
                1.0,
                0.0
            ],
            "personID": 1,
            "keypoints": [
                [
                    224.3328094482422,
                    485.05462646484375,
                    0.948205828666687
                ],
                [
                    197.38279724121094,
                    526.2282409667969,
                    0.7351239323616028
                ],
                [
                    159.9522247314453,
                    528.4740600585938,
                    0.7351239323616028
                ],
                [
                    119.52720642089844,
                    558.4185180664062,
                    0.9007313847541809
                ],
                [
                    82.09663391113281,
                    592.8546752929688,
                    0.8554489016532898
                ],
                [
                    234.81336975097656,
                    523.982421875,
                    0.9162065982818604
                ],
                [
                    192.89112854003906,
                    565.9046630859375,
                    0.39059263467788696
                ],
                [
                    141.9855499267578,
                    534.4629516601562,
                    0.3157782554626465
                ],
                [
                    169.68417358398438,
                    595.84912109375,
                    0.7638552784919739
                ],
                [
                    146.4772186279297,
                    598.8435668945312,
                    0.7638552784919739
                ],
                [
                    195.8855743408203,
                    619.8046875,
                    0.8968949913978577
                ],
                [
                    177.9188995361328,
                    690.1741333007812,
                    0.8420597910881042
                ],
                [
                    192.89112854003906,
                    592.8546752929688,
                    0.8384334444999695
                ],
                [
                    237.8078155517578,
                    615.31298828125,
                    0.9066375494003296
                ],
                [
                    204.86891174316406,
                    682.6880493164062,
                    0.8343501091003418
                ],
                [
                    0.0,
                    0.0,
                    0.0
                ],
                [
                    0.0,
                    0.0,
                    0.0
                ],
                [
                    0.0,
                    0.0,
                    0.0
                ],
                [
                    0.0,
                    0.0,
                    0.0
                ],
                [
                    0.0,
                    0.0,
                    0.0
                ],
                [
                    0.0,
                    0.0,
                    0.0
                ],
                [
                    0.0,
                    0.0,
                    0.0
                ],
                [
                    0.0,
                    0.0,
                    0.0
                ],
                [
                    0.0,
                    0.0,
                    0.0
                ],
                [
                    0.0,
                    0.0,
                    0.0
                ]
            ],
            "isKeyframe": true,
            "area": 82637.14175999258
        }
    ],
    "isKeyframe": false
}