{
    "filename": "images/demo_H2FNV1/000087.jpg",
    "height": 1080,
    "width": 1920,
    "annots": [
        {
            "bbox": [
                815.9378051757812,
                467.8971862792969,
                1028.94580078125,
                847.5908203125,
                1.0,
                1.0,
                0.0
            ],
            "personID": 0,
            "keypoints": [
                [
                    824.552001953125,
                    524.2579345703125,
                    0.8948315382003784
                ],
                [
                    885.856689453125,
                    568.7532958984375,
                    0.663345217704773
                ],
                [
                    923.4305419921875,
                    561.831787109375,
                    0.663345217704773
                ],
                [
                    986.7128295898438,
                    601.3832397460938,
                    0.7541053295135498
                ],
                [
                    1051.97265625,
                    629.0692138671875,
                    0.8290548324584961
                ],
                [
                    848.2828369140625,
                    575.6748046875,
                    0.8505858182907104
                ],
                [
                    891.7894287109375,
                    613.2486572265625,
                    0.9414207339286804
                ],
                [
                    935.2959594726562,
                    650.822509765625,
                    0.7824130654335022
                ],
                [
                    966.9371337890625,
                    687.4075927734375,
                    0.6999014019966125
                ],
                [
                    986.7128295898438,
                    684.4412231445312,
                    0.746040403842926
                ],
                [
                    895.7445678710938,
                    700.2617797851562,
                    0.6598615050315857
                ],
                [
                    933.3184204101562,
                    811.0057983398438,
                    0.7890108823776245
                ],
                [
                    947.1614379882812,
                    690.3739624023438,
                    0.6999014019966125
                ],
                [
                    844.3276977539062,
                    704.2169189453125,
                    0.878738522529602
                ],
                [
                    893.7669677734375,
                    812.9833374023438,
                    0.858183741569519
                ],
                [
                    0.0,
                    0.0,
                    0.0
                ],
                [
                    0.0,
                    0.0,
                    0.0
                ],
                [
                    0.0,
                    0.0,
                    0.0
                ],
                [
                    0.0,
                    0.0,
                    0.0
                ],
                [
                    0.0,
                    0.0,
                    0.0
                ],
                [
                    0.0,
                    0.0,
                    0.0
                ],
                [
                    0.0,
                    0.0,
                    0.0
                ],
                [
                    0.0,
                    0.0,
                    0.0
                ],
                [
                    0.0,
                    0.0,
                    0.0
                ],
                [
                    0.0,
                    0.0,
                    0.0
                ]
            ],
            "isKeyframe": true,
            "area": 144167.25572534
        },
        {
            "bbox": [
                114.0889892578125,
                455.4137268066406,
                252.71559143066406,
                732.00244140625,
                1.0,
                1.0,
                0.0
            ],
            "personID": 1,
            "keypoints": [
                [
                    227.3395538330078,
                    489.26702880859375,
                    0.9453460574150085
                ],
                [
                    197.08765411376953,
                    527.4420166015625,
                    0.7069025039672852
                ],
                [
                    158.19236755371094,
                    529.6028442382812,
                    0.7069025039672852
                ],
                [
                    119.29708862304688,
                    546.8896484375,
                    0.8080474734306335
                ],
                [
                    79.6815185546875,
                    567.7778930664062,
                    0.5362400412559509
                ],
                [
                    235.98294067382812,
                    525.2811889648438,
                    0.9332562685012817
                ],
                [
                    197.08766174316406,
                    561.2953491210938,
                    0.3984476625919342
                ],
                [
                    138.02444458007812,
                    533.924560546875,
                    0.0
                ],
                [
                    166.8357696533203,
                    592.9877624511719,
                    0.7515603303909302
                ],
                [
                    142.3461456298828,
                    595.868896484375,
                    0.8033549785614014
                ],
                [
                    192.76596069335938,
                    618.91796875,
                    0.9048082232475281
                ],
                [
                    178.3603057861328,
                    690.9462890625,
                    0.7789037227630615
                ],
                [
                    191.3253936767578,
                    590.1066284179688,
                    0.7515603303909302
                ],
                [
                    234.54238891601562,
                    614.5962524414062,
                    0.8930025100708008
                ],
                [
                    204.29049682617188,
                    683.7434692382812,
                    0.8258316516876221
                ],
                [
                    0.0,
                    0.0,
                    0.0
                ],
                [
                    0.0,
                    0.0,
                    0.0
                ],
                [
                    0.0,
                    0.0,
                    0.0
                ],
                [
                    0.0,
                    0.0,
                    0.0
                ],
                [
                    0.0,
                    0.0,
                    0.0
                ],
                [
                    0.0,
                    0.0,
                    0.0
                ],
                [
                    0.0,
                    0.0,
                    0.0
                ],
                [
                    0.0,
                    0.0,
                    0.0
                ],
                [
                    0.0,
                    0.0,
                    0.0
                ],
                [
                    0.0,
                    0.0,
                    0.0
                ]
            ],
            "isKeyframe": true,
            "area": 76501.31704386417
        }
    ],
    "isKeyframe": false
}