{
    "filename": "images/demo_H2FNV1/000054.jpg",
    "height": 1080,
    "width": 1920,
    "annots": [
        {
            "bbox": [
                786.7098999023438,
                362.8677673339844,
                1016.3875732421875,
                858.357666015625,
                1.0,
                1.0,
                0.0
            ],
            "personID": 0,
            "keypoints": [
                [
                    799.6119995117188,
                    438.99774169921875,
                    0.9412791132926941
                ],
                [
                    869.2902526855469,
                    460.93348693847656,
                    0.7947642207145691
                ],
                [
                    905.4197387695312,
                    457.0624694824219,
                    0.7947642207145691
                ],
                [
                    969.9366455078125,
                    498.3533020019531,
                    0.8144332766532898
                ],
                [
                    1029.292236328125,
                    521.5794067382812,
                    0.9133214354515076
                ],
                [
                    833.1607666015625,
                    464.80450439453125,
                    0.8590507507324219
                ],
                [
                    884.7742919921875,
                    493.19195556640625,
                    0.9204089641571045
                ],
                [
                    944.1298828125,
                    516.4180297851562,
                    0.994421124458313
                ],
                [
                    942.8395385742188,
                    583.515625,
                    0.7355510592460632
                ],
                [
                    967.35595703125,
                    583.515625,
                    0.776822030544281
                ],
                [
                    913.1617431640625,
                    694.4847412109375,
                    0.8922205567359924
                ],
                [
                    931.2265014648438,
                    805.4537963867188,
                    0.8587188124656677
                ],
                [
                    918.3231201171875,
                    583.515625,
                    0.7355510592460632
                ],
                [
                    869.2902221679688,
                    694.4847412109375,
                    0.9098732471466064
                ],
                [
                    895.0969848632812,
                    815.7765502929688,
                    0.8494155406951904
                ],
                [
                    0.0,
                    0.0,
                    0.0
                ],
                [
                    0.0,
                    0.0,
                    0.0
                ],
                [
                    0.0,
                    0.0,
                    0.0
                ],
                [
                    0.0,
                    0.0,
                    0.0
                ],
                [
                    0.0,
                    0.0,
                    0.0
                ],
                [
                    0.0,
                    0.0,
                    0.0
                ],
                [
                    0.0,
                    0.0,
                    0.0
                ],
                [
                    0.0,
                    0.0,
                    0.0
                ],
                [
                    0.0,
                    0.0,
                    0.0
                ],
                [
                    0.0,
                    0.0,
                    0.0
                ]
            ],
            "isKeyframe": true,
            "area": 245510.2396955425
        },
        {
            "bbox": [
                56.08527374267578,
                377.12469482421875,
                246.01075744628906,
                719.8285522460938,
                1.0,
                1.0,
                0.0
            ],
            "personID": 1,
            "keypoints": [
                [
                    219.76727294921875,
                    431.56463623046875,
                    0.9485292434692383
                ],
                [
                    192.10107421875,
                    450.3062438964844,
                    0.7872581481933594
                ],
                [
                    157.2952117919922,
                    449.4137878417969,
                    0.7872581481933594
                ],
                [
                    109.10247802734375,
                    465.47802734375,
                    0.9067514538764954
                ],
                [
                    75.18907928466797,
                    479.7573547363281,
                    0.9353692531585693
                ],
                [
                    226.9069366455078,
                    451.1986999511719,
                    0.8944637179374695
                ],
                [
                    189.42369079589844,
                    488.68194580078125,
                    0.6780598163604736
                ],
                [
                    189.42369079589844,
                    538.6596069335938,
                    0.0
                ],
                [
                    165.32733154296875,
                    536.8746948242188,
                    0.8043981790542603
                ],
                [
                    143.01588439941406,
                    538.6596069335938,
                    0.8043981790542603
                ],
                [
                    168.00469970703125,
                    610.0562133789062,
                    0.8889376521110535
                ],
                [
                    166.21978759765625,
                    688.592529296875,
                    0.7761532068252563
                ],
                [
                    187.63877868652344,
                    535.0897827148438,
                    0.8480440378189087
                ],
                [
                    203.70301818847656,
                    604.7014770507812,
                    0.8859850168228149
                ],
                [
                    196.5633544921875,
                    679.66796875,
                    0.816283643245697
                ],
                [
                    0.0,
                    0.0,
                    0.0
                ],
                [
                    0.0,
                    0.0,
                    0.0
                ],
                [
                    0.0,
                    0.0,
                    0.0
                ],
                [
                    0.0,
                    0.0,
                    0.0
                ],
                [
                    0.0,
                    0.0,
                    0.0
                ],
                [
                    0.0,
                    0.0,
                    0.0
                ],
                [
                    0.0,
                    0.0,
                    0.0
                ],
                [
                    0.0,
                    0.0,
                    0.0
                ],
                [
                    0.0,
                    0.0,
                    0.0
                ],
                [
                    0.0,
                    0.0,
                    0.0
                ]
            ],
            "isKeyframe": true,
            "area": 117445.93389183283
        }
    ],
    "isKeyframe": false
}