{
    "filename": "images/demo_H2FNV1/000043.jpg",
    "height": 1080,
    "width": 1920,
    "annots": [
        {
            "bbox": [
                805.4518432617188,
                326.14501953125,
                964.2100219726562,
                857.8759765625,
                1.0,
                1.0,
                0.0
            ],
            "personID": 0,
            "keypoints": [
                [
                    816.9798583984375,
                    391.2266845703125,
                    0.9445277452468872
                ],
                [
                    879.2920837402344,
                    424.45985412597656,
                    0.8655736446380615
                ],
                [
                    913.9099731445312,
                    421.6904296875,
                    0.9176164865493774
                ],
                [
                    911.1405639648438,
                    507.5428161621094,
                    0.5500781536102295
                ],
                [
                    886.2156372070312,
                    585.0869140625,
                    0.3368282616138458
                ],
                [
                    844.6741943359375,
                    427.2292785644531,
                    0.8655736446380615
                ],
                [
                    841.9047241210938,
                    518.6205444335938,
                    0.8997154831886292
                ],
                [
                    850.2130126953125,
                    593.3952026367188,
                    0.8980743885040283
                ],
                [
                    920.8335571289062,
                    561.5467529296875,
                    0.7450220584869385
                ],
                [
                    941.6043090820312,
                    560.1620483398438,
                    0.7450220584869385
                ],
                [
                    922.21826171875,
                    695.8641967773438,
                    0.9321688413619995
                ],
                [
                    927.7571411132812,
                    803.8720703125,
                    0.9044159054756165
                ],
                [
                    900.0628051757812,
                    562.9314575195312,
                    0.7699338793754578
                ],
                [
                    880.6767578125,
                    701.403076171875,
                    0.8992705941200256
                ],
                [
                    891.7545166015625,
                    814.9497680664062,
                    0.8731368184089661
                ],
                [
                    0.0,
                    0.0,
                    0.0
                ],
                [
                    0.0,
                    0.0,
                    0.0
                ],
                [
                    0.0,
                    0.0,
                    0.0
                ],
                [
                    0.0,
                    0.0,
                    0.0
                ],
                [
                    0.0,
                    0.0,
                    0.0
                ],
                [
                    0.0,
                    0.0,
                    0.0
                ],
                [
                    0.0,
                    0.0,
                    0.0
                ],
                [
                    0.0,
                    0.0,
                    0.0
                ],
                [
                    0.0,
                    0.0,
                    0.0
                ],
                [
                    0.0,
                    0.0,
                    0.0
                ]
            ],
            "isKeyframe": true,
            "area": 282737.81066536903
        },
        {
            "bbox": [
                95.07967376708984,
                342.9200134277344,
                249.82359313964844,
                725.8145141601562,
                1.0,
                1.0,
                0.0
            ],
            "personID": 1,
            "keypoints": [
                [
                    201.36814880371094,
                    393.7731628417969,
                    0.9548771977424622
                ],
                [
                    178.43435668945312,
                    425.68104553222656,
                    0.8635904788970947
                ],
                [
                    143.5351104736328,
                    427.67529296875,
                    0.8635904788970947
                ],
                [
                    121.59844970703125,
                    485.50830078125,
                    0.8414663076400757
                ],
                [
                    107.63875579833984,
                    539.3528442382812,
                    0.8591102361679077
                ],
                [
                    213.33360290527344,
                    423.6867980957031,
                    0.8841654658317566
                ],
                [
                    229.28753662109375,
                    475.537109375,
                    0.9254351258277893
                ],
                [
                    241.25299072265625,
                    521.4046630859375,
                    0.8828243017196655
                ],
                [
                    175.4429931640625,
                    530.3787536621094,
                    0.7546774744987488
                ],
                [
                    155.5005645751953,
                    531.3758544921875,
                    0.7546774744987488
                ],
                [
                    159.4890594482422,
                    611.1455688476562,
                    0.8715957999229431
                ],
                [
                    165.47178649902344,
                    686.9267578125,
                    0.8109334111213684
                ],
                [
                    195.3854217529297,
                    529.3816528320312,
                    0.8547520041465759
                ],
                [
                    197.37965393066406,
                    613.1398315429688,
                    0.8715315461158752
                ],
                [
                    195.3854217529297,
                    682.9382934570312,
                    0.8205409646034241
                ],
                [
                    0.0,
                    0.0,
                    0.0
                ],
                [
                    0.0,
                    0.0,
                    0.0
                ],
                [
                    0.0,
                    0.0,
                    0.0
                ],
                [
                    0.0,
                    0.0,
                    0.0
                ],
                [
                    0.0,
                    0.0,
                    0.0
                ],
                [
                    0.0,
                    0.0,
                    0.0
                ],
                [
                    0.0,
                    0.0,
                    0.0
                ],
                [
                    0.0,
                    0.0,
                    0.0
                ],
                [
                    0.0,
                    0.0,
                    0.0
                ],
                [
                    0.0,
                    0.0,
                    0.0
                ]
            ],
            "isKeyframe": true,
            "area": 146608.19869113062
        }
    ],
    "isKeyframe": false
}