{
    "filename": "images/demo_H2FNV1/000027.jpg",
    "height": 1080,
    "width": 1920,
    "annots": [
        {
            "bbox": [
                684.4440307617188,
                305.62762451171875,
                954.6651611328125,
                870.6272583007812,
                1.0,
                1.0,
                0.0
            ],
            "personID": 0,
            "keypoints": [
                [
                    850.4530029296875,
                    365.9530944824219,
                    0.9624725580215454
                ],
                [
                    897.5362854003906,
                    413.03639221191406,
                    0.847878098487854
                ],
                [
                    929.9060668945312,
                    410.09368896484375,
                    0.9065122008323669
                ],
                [
                    821.0259399414062,
                    430.692626953125,
                    0.5761896371841431
                ],
                [
                    823.9686279296875,
                    413.0364074707031,
                    0.5180491805076599
                ],
                [
                    865.16650390625,
                    415.9790954589844,
                    0.847878098487854
                ],
                [
                    785.7134399414062,
                    439.520751953125,
                    0.9016719460487366
                ],
                [
                    718.0311889648438,
                    445.4061584472656,
                    0.948736846446991
                ],
                [
                    900.4789733886719,
                    567.5285034179688,
                    0.7334554195404053
                ],
                [
                    924.0206298828125,
                    560.1717529296875,
                    0.7334554195404053
                ],
                [
                    921.0779418945312,
                    695.5362548828125,
                    0.9151574969291687
                ],
                [
                    924.0206298828125,
                    801.4736938476562,
                    0.8739657402038574
                ],
                [
                    876.9373168945312,
                    574.88525390625,
                    0.7513985633850098
                ],
                [
                    879.8800659179688,
                    704.3643798828125,
                    0.9128071665763855
                ],
                [
                    888.7081909179688,
                    822.0726318359375,
                    0.8819247484207153
                ],
                [
                    0.0,
                    0.0,
                    0.0
                ],
                [
                    0.0,
                    0.0,
                    0.0
                ],
                [
                    0.0,
                    0.0,
                    0.0
                ],
                [
                    0.0,
                    0.0,
                    0.0
                ],
                [
                    0.0,
                    0.0,
                    0.0
                ],
                [
                    0.0,
                    0.0,
                    0.0
                ],
                [
                    0.0,
                    0.0,
                    0.0
                ],
                [
                    0.0,
                    0.0,
                    0.0
                ],
                [
                    0.0,
                    0.0,
                    0.0
                ],
                [
                    0.0,
                    0.0,
                    0.0
                ]
            ],
            "isKeyframe": true,
            "area": 319224.58618177474
        },
        {
            "bbox": [
                113.20772552490234,
                331.72705078125,
                306.6850891113281,
                719.0126953125,
                1.0,
                1.0,
                0.0
            ],
            "personID": 1,
            "keypoints": [
                [
                    176.66404724121094,
                    375.094970703125,
                    0.9630855321884155
                ],
                [
                    163.55281829833984,
                    407.3687744140625,
                    0.8337836265563965
                ],
                [
                    130.2704620361328,
                    413.42010498046875,
                    0.8337836265563965
                ],
                [
                    140.35601806640625,
                    423.50567626953125,
                    0.5257473587989807
                ],
                [
                    186.74961853027344,
                    437.6254577636719,
                    0.7397693991661072
                ],
                [
                    196.83517456054688,
                    401.31744384765625,
                    0.8977699279785156
                ],
                [
                    237.17742919921875,
                    415.4372253417969,
                    0.8935691118240356
                ],
                [
                    285.588134765625,
                    415.4372253417969,
                    0.9223269820213318
                ],
                [
                    179.6897201538086,
                    528.3955383300781,
                    0.8354370594024658
                ],
                [
                    158.51004028320312,
                    530.4126586914062,
                    0.8354370594024658
                ],
                [
                    158.51004028320312,
                    617.1484985351562,
                    0.8682620525360107
                ],
                [
                    162.5442657470703,
                    687.7474365234375,
                    0.8472084403038025
                ],
                [
                    200.86940002441406,
                    526.37841796875,
                    0.859001636505127
                ],
                [
                    198.852294921875,
                    613.1142578125,
                    0.8604444861412048
                ],
                [
                    192.8009490966797,
                    685.7303466796875,
                    0.8463150858879089
                ],
                [
                    0.0,
                    0.0,
                    0.0
                ],
                [
                    0.0,
                    0.0,
                    0.0
                ],
                [
                    0.0,
                    0.0,
                    0.0
                ],
                [
                    0.0,
                    0.0,
                    0.0
                ],
                [
                    0.0,
                    0.0,
                    0.0
                ],
                [
                    0.0,
                    0.0,
                    0.0
                ],
                [
                    0.0,
                    0.0,
                    0.0
                ],
                [
                    0.0,
                    0.0,
                    0.0
                ],
                [
                    0.0,
                    0.0,
                    0.0
                ],
                [
                    0.0,
                    0.0,
                    0.0
                ]
            ],
            "isKeyframe": true,
            "area": 149990.17045998573
        }
    ],
    "isKeyframe": false
}