{
    "filename": "images/demo_H2FNV1/000031.jpg",
    "height": 1080,
    "width": 1920,
    "annots": [
        {
            "bbox": [
                701,
                292.92718505859375,
                949.1255493164062,
                861,
                1.0,
                1.0,
                0.0
            ],
            "personID": 0,
            "keypoints": [
                [
                    843.7122802734375,
                    368.59283447265625,
                    0.9684213995933533
                ],
                [
                    894.1560363769531,
                    411.618408203125,
                    0.840739369392395
                ],
                [
                    929.763427734375,
                    407.16748046875,
                    0.904915988445282
                ],
                [
                    894.1560668945312,
                    475.41497802734375,
                    0.4245896339416504
                ],
                [
                    846.6795654296875,
                    475.41497802734375,
                    0.40381982922554016
                ],
                [
                    858.5486450195312,
                    416.0693359375,
                    0.840739369392395
                ],
                [
                    790.3012084960938,
                    475.41497802734375,
                    0.9107312560081482
                ],
                [
                    727.98828125,
                    519.9241943359375,
                    0.9439113140106201
                ],
                [
                    904.5415344238281,
                    567.4006958007812,
                    0.7714504599571228
                ],
                [
                    926.796142578125,
                    564.4334106445312,
                    0.811133086681366
                ],
                [
                    920.861572265625,
                    692.0265502929688,
                    0.8973042964935303
                ],
                [
                    926.796142578125,
                    804.7832641601562,
                    0.9161205291748047
                ],
                [
                    882.2869262695312,
                    570.3679809570312,
                    0.7714504599571228
                ],
                [
                    882.2869262695312,
                    700.9284057617188,
                    0.8954839110374451
                ],
                [
                    888.2214965820312,
                    816.6524047851562,
                    0.8779621720314026
                ],
                [
                    0.0,
                    0.0,
                    0.0
                ],
                [
                    0.0,
                    0.0,
                    0.0
                ],
                [
                    0.0,
                    0.0,
                    0.0
                ],
                [
                    0.0,
                    0.0,
                    0.0
                ],
                [
                    0.0,
                    0.0,
                    0.0
                ],
                [
                    0.0,
                    0.0,
                    0.0
                ],
                [
                    0.0,
                    0.0,
                    0.0
                ],
                [
                    0.0,
                    0.0,
                    0.0
                ],
                [
                    0.0,
                    0.0,
                    0.0
                ],
                [
                    0.0,
                    0.0,
                    0.0
                ]
            ],
            "isKeyframe": true,
            "area": 324578.61955314875
        },
        {
            "bbox": [
                114.61793518066406,
                327.8250732421875,
                303.629150390625,
                725.3528442382812,
                1.0,
                1.0,
                0.0
            ],
            "personID": 1,
            "keypoints": [
                [
                    181.17236328125,
                    378.5513000488281,
                    0.9530141949653625
                ],
                [
                    166.67916107177734,
                    409.60816955566406,
                    0.8772301077842712
                ],
                [
                    133.55184936523438,
                    413.74908447265625,
                    0.8772301077842712
                ],
                [
                    150.11550903320312,
                    455.1582336425781,
                    0.9100828766822815
                ],
                [
                    177.0314483642578,
                    490.3559875488281,
                    0.9516550898551941
                ],
                [
                    199.8064727783203,
                    405.4672546386719,
                    0.9080469608306885
                ],
                [
                    243.28607177734375,
                    434.4536437988281,
                    0.9101045727729797
                ],
                [
                    286.76568603515625,
                    461.3695983886719,
                    0.9075132608413696
                ],
                [
                    174.96099853515625,
                    522.4480590820312,
                    0.8321321606636047
                ],
                [
                    152.18597412109375,
                    523.4832763671875,
                    0.8438422679901123
                ],
                [
                    158.3973388671875,
                    612.512939453125,
                    0.8621035218238831
                ],
                [
                    162.5382537841797,
                    691.1903076171875,
                    0.8310101628303528
                ],
                [
                    197.73602294921875,
                    521.412841796875,
                    0.8321321606636047
                ],
                [
                    197.73602294921875,
                    610.4425048828125,
                    0.8478118777275085
                ],
                [
                    193.59510803222656,
                    682.9085083007812,
                    0.8469854593276978
                ],
                [
                    0.0,
                    0.0,
                    0.0
                ],
                [
                    0.0,
                    0.0,
                    0.0
                ],
                [
                    0.0,
                    0.0,
                    0.0
                ],
                [
                    0.0,
                    0.0,
                    0.0
                ],
                [
                    0.0,
                    0.0,
                    0.0
                ],
                [
                    0.0,
                    0.0,
                    0.0
                ],
                [
                    0.0,
                    0.0,
                    0.0
                ],
                [
                    0.0,
                    0.0,
                    0.0
                ],
                [
                    0.0,
                    0.0,
                    0.0
                ],
                [
                    0.0,
                    0.0,
                    0.0
                ]
            ],
            "isKeyframe": true,
            "area": 158028.32871312276
        }
    ],
    "isKeyframe": false
}