{
    "filename": "images/demo_H2FNV1/000020.jpg",
    "height": 1080,
    "width": 1920,
    "annots": [
        {
            "bbox": [
                686.5611572265625,
                291.6252136230469,
                953.38623046875,
                856.7757568359375,
                1.0,
                1.0,
                0.0
            ],
            "personID": 0,
            "keypoints": [
                [
                    856.767333984375,
                    360.7972412109375,
                    0.9270915985107422
                ],
                [
                    893.5610046386719,
                    413.7801055908203,
                    0.8657674193382263
                ],
                [
                    924.4676513671875,
                    410.83660888671875,
                    0.8657674193382263
                ],
                [
                    856.767333984375,
                    375.51470947265625,
                    0.8973934650421143
                ],
                [
                    818.501953125,
                    337.2492980957031,
                    0.9196872711181641
                ],
                [
                    862.6543579101562,
                    416.7236022949219,
                    0.8711654543876648
                ],
                [
                    786.12353515625,
                    390.2321472167969,
                    0.9279292821884155
                ],
                [
                    727.253662109375,
                    351.9667663574219,
                    0.9454365372657776
                ],
                [
                    892.0892639160156,
                    568.3134765625,
                    0.7784036993980408
                ],
                [
                    912.6937255859375,
                    566.8417358398438,
                    0.8490687608718872
                ],
                [
                    915.63720703125,
                    693.411865234375,
                    0.9321607351303101
                ],
                [
                    921.524169921875,
                    808.2080688476562,
                    0.855411171913147
                ],
                [
                    871.4848022460938,
                    569.7852172851562,
                    0.7784036993980408
                ],
                [
                    874.4282836914062,
                    702.2423706054688,
                    0.9134297370910645
                ],
                [
                    886.2022705078125,
                    817.03857421875,
                    0.8852076530456543
                ],
                [
                    0.0,
                    0.0,
                    0.0
                ],
                [
                    0.0,
                    0.0,
                    0.0
                ],
                [
                    0.0,
                    0.0,
                    0.0
                ],
                [
                    0.0,
                    0.0,
                    0.0
                ],
                [
                    0.0,
                    0.0,
                    0.0
                ],
                [
                    0.0,
                    0.0,
                    0.0
                ],
                [
                    0.0,
                    0.0,
                    0.0
                ],
                [
                    0.0,
                    0.0,
                    0.0
                ],
                [
                    0.0,
                    0.0,
                    0.0
                ],
                [
                    0.0,
                    0.0,
                    0.0
                ]
            ],
            "isKeyframe": true,
            "area": 319395.13649382535
        },
        {
            "bbox": [
                111.18743896484375,
                317.21038818359375,
                285.2037048339844,
                728.0741577148438,
                1.0,
                1.0,
                0.0
            ],
            "personID": 1,
            "keypoints": [
                [
                    173.5865478515625,
                    371.7782287597656,
                    0.9842067360877991
                ],
                [
                    161.81700897216797,
                    410.2967071533203,
                    0.8795956969261169
                ],
                [
                    128.6483154296875,
                    414.5765380859375,
                    0.8795956969261169
                ],
                [
                    137.20797729492188,
                    410.2967224121094,
                    0.7100511193275452
                ],
                [
                    175.72645568847656,
                    369.6383056640625,
                    0.7711406946182251
                ],
                [
                    194.98570251464844,
                    406.0168762207031,
                    0.9332008361816406
                ],
                [
                    229.22434997558594,
                    388.8975524902344,
                    0.8906325101852417
                ],
                [
                    265.6029052734375,
                    356.798828125,
                    0.9361739754676819
                ],
                [
                    178.93633270263672,
                    526.9220886230469,
                    0.8073458671569824
                ],
                [
                    158.6071319580078,
                    530.1319580078125,
                    0.8073458671569824
                ],
                [
                    158.6071319580078,
                    620.0084228515625,
                    0.8845835328102112
                ],
                [
                    162.886962890625,
                    686.3458251953125,
                    0.8506781458854675
                ],
                [
                    199.26553344726562,
                    523.7122192382812,
                    0.8479440212249756
                ],
                [
                    197.1256103515625,
                    613.5886840820312,
                    0.869019627571106
                ],
                [
                    192.8457794189453,
                    684.2058715820312,
                    0.8488091230392456
                ],
                [
                    0.0,
                    0.0,
                    0.0
                ],
                [
                    0.0,
                    0.0,
                    0.0
                ],
                [
                    0.0,
                    0.0,
                    0.0
                ],
                [
                    0.0,
                    0.0,
                    0.0
                ],
                [
                    0.0,
                    0.0,
                    0.0
                ],
                [
                    0.0,
                    0.0,
                    0.0
                ],
                [
                    0.0,
                    0.0,
                    0.0
                ],
                [
                    0.0,
                    0.0,
                    0.0
                ],
                [
                    0.0,
                    0.0,
                    0.0
                ],
                [
                    0.0,
                    0.0,
                    0.0
                ]
            ],
            "isKeyframe": true,
            "area": 168809.03711342812
        }
    ],
    "isKeyframe": false
}