{
    "filename": "images/demo_H2FNV1/000016.jpg",
    "height": 1080,
    "width": 1920,
    "annots": [
        {
            "bbox": [
                721.1734008789062,
                261.3493957519531,
                948.2861328125,
                857.58203125,
                1.0,
                1.0,
                0.0
            ],
            "personID": 0,
            "keypoints": [
                [
                    851.809326171875,
                    365.3795471191406,
                    0.8926835060119629
                ],
                [
                    890.6265563964844,
                    415.06561279296875,
                    0.8612833619117737
                ],
                [
                    923.2330322265625,
                    411.9602355957031,
                    0.8689324259757996
                ],
                [
                    867.3362426757812,
                    352.9580383300781,
                    0.8463232517242432
                ],
                [
                    830.0716552734375,
                    309.48272705078125,
                    0.9543681740760803
                ],
                [
                    858.0200805664062,
                    418.1709899902344,
                    0.8612833619117737
                ],
                [
                    783.490966796875,
                    365.3795471191406,
                    0.9543601274490356
                ],
                [
                    740.0156860351562,
                    315.6934814453125,
                    0.9198839664459229
                ],
                [
                    890.6265563964844,
                    573.4399108886719,
                    0.7866552472114563
                ],
                [
                    910.8115234375,
                    570.3345336914062,
                    0.8011465668678284
                ],
                [
                    910.8115234375,
                    694.5496826171875,
                    0.9065600633621216
                ],
                [
                    923.2330322265625,
                    806.34326171875,
                    0.8935837745666504
                ],
                [
                    870.4415893554688,
                    576.5452880859375,
                    0.7866552472114563
                ],
                [
                    873.5469970703125,
                    703.8657836914062,
                    0.9223650693893433
                ],
                [
                    885.968505859375,
                    818.7647705078125,
                    0.8820693492889404
                ],
                [
                    0.0,
                    0.0,
                    0.0
                ],
                [
                    0.0,
                    0.0,
                    0.0
                ],
                [
                    0.0,
                    0.0,
                    0.0
                ],
                [
                    0.0,
                    0.0,
                    0.0
                ],
                [
                    0.0,
                    0.0,
                    0.0
                ],
                [
                    0.0,
                    0.0,
                    0.0
                ],
                [
                    0.0,
                    0.0,
                    0.0
                ],
                [
                    0.0,
                    0.0,
                    0.0
                ],
                [
                    0.0,
                    0.0,
                    0.0
                ],
                [
                    0.0,
                    0.0,
                    0.0
                ]
            ],
            "isKeyframe": true,
            "area": 355493.3556329468
        },
        {
            "bbox": [
                110.82544708251953,
                298.3448181152344,
                270.8004455566406,
                727.3081665039062,
                1.0,
                1.0,
                0.0
            ],
            "personID": 1,
            "keypoints": [
                [
                    174.05657958984375,
                    370.9557800292969,
                    0.9533529281616211
                ],
                [
                    160.65147399902344,
                    406.7027130126953,
                    0.861067533493042
                ],
                [
                    129.37289428710938,
                    411.17108154296875,
                    0.861067533493042
                ],
                [
                    145.01217651367188,
                    388.8292541503906,
                    0.6024363040924072
                ],
                [
                    167.35401916503906,
                    344.14556884765625,
                    0.5459905862808228
                ],
                [
                    191.9300537109375,
                    402.2343444824219,
                    0.8984804749488831
                ],
                [
                    229.9111785888672,
                    375.42413330078125,
                    0.9246473908424377
                ],
                [
                    252.25302124023438,
                    337.4430236816406,
                    0.9003219604492188
                ],
                [
                    178.52494049072266,
                    525.114501953125,
                    0.836604654788971
                ],
                [
                    158.4172821044922,
                    527.3486938476562,
                    0.836604654788971
                ],
                [
                    156.18310546875,
                    618.9502563476562,
                    0.8885279893875122
                ],
                [
                    162.88565063476562,
                    692.6782836914062,
                    0.8764269351959229
                ],
                [
                    198.63259887695312,
                    522.8803100585938,
                    0.8437129855155945
                ],
                [
                    198.63259887695312,
                    614.4818725585938,
                    0.8759456276893616
                ],
                [
                    191.9300537109375,
                    683.7415771484375,
                    0.8731530904769897
                ],
                [
                    0.0,
                    0.0,
                    0.0
                ],
                [
                    0.0,
                    0.0,
                    0.0
                ],
                [
                    0.0,
                    0.0,
                    0.0
                ],
                [
                    0.0,
                    0.0,
                    0.0
                ],
                [
                    0.0,
                    0.0,
                    0.0
                ],
                [
                    0.0,
                    0.0,
                    0.0
                ],
                [
                    0.0,
                    0.0,
                    0.0
                ],
                [
                    0.0,
                    0.0,
                    0.0
                ],
                [
                    0.0,
                    0.0,
                    0.0
                ],
                [
                    0.0,
                    0.0,
                    0.0
                ]
            ],
            "isKeyframe": true,
            "area": 184009.55426082108
        }
    ],
    "isKeyframe": false
}