{
    "filename": "images/demo_H2FNV1/000082.jpg",
    "height": 1080,
    "width": 1920,
    "annots": [
        {
            "bbox": [
                808.85693359375,
                473.57379150390625,
                1010.5460205078125,
                851.6163940429688,
                1.0,
                1.0,
                0.0
            ],
            "personID": 0,
            "keypoints": [
                [
                    818.144287109375,
                    531.658447265625,
                    0.9047227501869202
                ],
                [
                    886.0738220214844,
                    560.2085571289062,
                    0.7731060981750488
                ],
                [
                    920.5308227539062,
                    553.317138671875,
                    0.7852804660797119
                ],
                [
                    977.6310424804688,
                    563.1619873046875,
                    0.621963620185852
                ],
                [
                    1042.6070556640625,
                    567.0999755859375,
                    0.6956127285957336
                ],
                [
                    851.6168212890625,
                    567.0999755859375,
                    0.7731060981750488
                ],
                [
                    887.0582885742188,
                    576.94482421875,
                    0.47496291995048523
                ],
                [
                    942.1895141601562,
                    578.9137573242188,
                    0.558463990688324
                ],
                [
                    969.755126953125,
                    680.3158569335938,
                    0.6562225222587585
                ],
                [
                    989.44482421875,
                    675.3934326171875,
                    0.6562225222587585
                ],
                [
                    896.9031372070312,
                    689.1762084960938,
                    0.6324308514595032
                ],
                [
                    930.3756713867188,
                    805.3455810546875,
                    0.7910918593406677
                ],
                [
                    950.0654296875,
                    685.23828125,
                    0.6770059466362
                ],
                [
                    847.6788330078125,
                    702.9590454101562,
                    0.9422881603240967
                ],
                [
                    890.9962158203125,
                    813.221435546875,
                    0.7681043744087219
                ],
                [
                    0.0,
                    0.0,
                    0.0
                ],
                [
                    0.0,
                    0.0,
                    0.0
                ],
                [
                    0.0,
                    0.0,
                    0.0
                ],
                [
                    0.0,
                    0.0,
                    0.0
                ],
                [
                    0.0,
                    0.0,
                    0.0
                ],
                [
                    0.0,
                    0.0,
                    0.0
                ],
                [
                    0.0,
                    0.0,
                    0.0
                ],
                [
                    0.0,
                    0.0,
                    0.0
                ],
                [
                    0.0,
                    0.0,
                    0.0
                ],
                [
                    0.0,
                    0.0,
                    0.0
                ]
            ],
            "isKeyframe": true,
            "area": 142916.20933450758
        },
        {
            "bbox": [
                106.76148223876953,
                457.3202819824219,
                251.46792602539062,
                725.9667358398438,
                1.0,
                1.0,
                0.0
            ],
            "personID": 1,
            "keypoints": [
                [
                    230.18553161621094,
                    492.9998779296875,
                    0.97162264585495
                ],
                [
                    196.60472106933594,
                    522.383056640625,
                    0.7346398830413818
                ],
                [
                    157.42710876464844,
                    525.1814575195312,
                    0.7346398830413818
                ],
                [
                    111.25349426269531,
                    520.98388671875,
                    0.774559497833252
                ],
                [
                    78.37228393554688,
                    516.086669921875,
                    0.3898524343967438
                ],
                [
                    235.78233337402344,
                    519.5846557617188,
                    0.8595037460327148
                ],
                [
                    185.41111755371094,
                    543.37109375,
                    0.0
                ],
                [
                    135.03990173339844,
                    525.1814575195312,
                    0.0
                ],
                [
                    163.7235107421875,
                    588.8450927734375,
                    0.7737236022949219
                ],
                [
                    139.2375030517578,
                    589.544677734375,
                    0.7737236022949219
                ],
                [
                    188.2095184326172,
                    616.1295166015625,
                    0.9112952351570129
                ],
                [
                    174.21751403808594,
                    691.6863403320312,
                    0.7828622460365295
                ],
                [
                    188.2095184326172,
                    588.1455078125,
                    0.7771821022033691
                ],
                [
                    230.18553161621094,
                    611.931884765625,
                    0.8852935433387756
                ],
                [
                    203.60072326660156,
                    681.8919067382812,
                    0.8201752305030823
                ],
                [
                    0.0,
                    0.0,
                    0.0
                ],
                [
                    0.0,
                    0.0,
                    0.0
                ],
                [
                    0.0,
                    0.0,
                    0.0
                ],
                [
                    0.0,
                    0.0,
                    0.0
                ],
                [
                    0.0,
                    0.0,
                    0.0
                ],
                [
                    0.0,
                    0.0,
                    0.0
                ],
                [
                    0.0,
                    0.0,
                    0.0
                ],
                [
                    0.0,
                    0.0,
                    0.0
                ],
                [
                    0.0,
                    0.0,
                    0.0
                ],
                [
                    0.0,
                    0.0,
                    0.0
                ]
            ],
            "isKeyframe": true,
            "area": 72170.9171701679
        }
    ],
    "isKeyframe": false
}