{
    "filename": "images/demo_H2FNV1/000029.jpg",
    "height": 1080,
    "width": 1920,
    "annots": [
        {
            "bbox": [
                684,
                288.75775146484375,
                949.5331420898438,
                873,
                1.0,
                1.0,
                0.0
            ],
            "personID": 0,
            "keypoints": [
                [
                    846.3368530273438,
                    366.4846496582031,
                    0.9455223083496094
                ],
                [
                    898.15478515625,
                    413.7303924560547,
                    0.8496732711791992
                ],
                [
                    931.6840209960938,
                    409.1582336425781,
                    0.9123966097831726
                ],
                [
                    806.7113647460938,
                    448.78369140625,
                    0.0
                ],
                [
                    721.3642578125,
                    476.2167053222656,
                    0.44816499948501587
                ],
                [
                    864.6255493164062,
                    418.30255126953125,
                    0.8496732711791992
                ],
                [
                    797.5670776367188,
                    451.831787109375,
                    0.8781037926673889
                ],
                [
                    721.3642578125,
                    479.2648010253906,
                    0.9156054854393005
                ],
                [
                    898.15478515625,
                    572.2322387695312,
                    0.7779879570007324
                ],
                [
                    922.5396728515625,
                    570.7081909179688,
                    0.8232946395874023
                ],
                [
                    922.5396728515625,
                    692.6326904296875,
                    0.8992401361465454
                ],
                [
                    925.5877685546875,
                    802.36474609375,
                    0.904361367225647
                ],
                [
                    873.7698974609375,
                    573.7562866210938,
                    0.7779879570007324
                ],
                [
                    879.8660888671875,
                    701.7770385742188,
                    0.885992705821991
                ],
                [
                    889.0104370117188,
                    814.5571899414062,
                    0.8703774213790894
                ],
                [
                    0.0,
                    0.0,
                    0.0
                ],
                [
                    0.0,
                    0.0,
                    0.0
                ],
                [
                    0.0,
                    0.0,
                    0.0
                ],
                [
                    0.0,
                    0.0,
                    0.0
                ],
                [
                    0.0,
                    0.0,
                    0.0
                ],
                [
                    0.0,
                    0.0,
                    0.0
                ],
                [
                    0.0,
                    0.0,
                    0.0
                ],
                [
                    0.0,
                    0.0,
                    0.0
                ],
                [
                    0.0,
                    0.0,
                    0.0
                ],
                [
                    0.0,
                    0.0,
                    0.0
                ]
            ],
            "isKeyframe": true,
            "area": 342503.0599984862
        },
        {
            "bbox": [
                112.26325225830078,
                328.1560974121094,
                307.34320068359375,
                717.2821044921875,
                1.0,
                1.0,
                0.0
            ],
            "personID": 1,
            "keypoints": [
                [
                    178.389404296875,
                    375.7835388183594,
                    0.9580311179161072
                ],
                [
                    164.20252227783203,
                    408.210693359375,
                    0.8560054302215576
                ],
                [
                    129.7486572265625,
                    412.26409912109375,
                    0.8560054302215576
                ],
                [
                    141.90884399414062,
                    434.5577697753906,
                    0.8603350520133972
                ],
                [
                    180.41610717773438,
                    462.9315185546875,
                    0.9459197521209717
                ],
                [
                    198.65638732910156,
                    404.15728759765625,
                    0.9156065583229065
                ],
                [
                    239.19033813476562,
                    422.3975830078125,
                    0.8749854564666748
                ],
                [
                    285.80438232421875,
                    436.58447265625,
                    0.8970364332199097
                ],
                [
                    178.389404296875,
                    526.7725219726562,
                    0.7998976111412048
                ],
                [
                    156.09573364257812,
                    527.785888671875,
                    0.7998976111412048
                ],
                [
                    158.1224365234375,
                    614.933837890625,
                    0.8595200181007385
                ],
                [
                    162.1758270263672,
                    687.8949584960938,
                    0.7978003621101379
                ],
                [
                    200.68307495117188,
                    525.7591552734375,
                    0.8322643041610718
                ],
                [
                    198.65638732910156,
                    610.8804931640625,
                    0.8593927025794983
                ],
                [
                    194.60299682617188,
                    683.8416137695312,
                    0.8401040434837341
                ],
                [
                    0.0,
                    0.0,
                    0.0
                ],
                [
                    0.0,
                    0.0,
                    0.0
                ],
                [
                    0.0,
                    0.0,
                    0.0
                ],
                [
                    0.0,
                    0.0,
                    0.0
                ],
                [
                    0.0,
                    0.0,
                    0.0
                ],
                [
                    0.0,
                    0.0,
                    0.0
                ],
                [
                    0.0,
                    0.0,
                    0.0
                ],
                [
                    0.0,
                    0.0,
                    0.0
                ],
                [
                    0.0,
                    0.0,
                    0.0
                ],
                [
                    0.0,
                    0.0,
                    0.0
                ]
            ],
            "isKeyframe": true,
            "area": 151419.049386085
        }
    ],
    "isKeyframe": false
}