{
    "filename": "images/demo_H2FNV1/000025.jpg",
    "height": 1080,
    "width": 1920,
    "annots": [
        {
            "bbox": [
                686.2366943359375,
                302.7394714355469,
                950.5484008789062,
                862.0444946289062,
                1.0,
                1.0,
                0.0
            ],
            "personID": 0,
            "keypoints": [
                [
                    851.8926391601562,
                    362.4569091796875,
                    0.9765044450759888
                ],
                [
                    895.5883178710938,
                    411.9787139892578,
                    0.8126876950263977
                ],
                [
                    927.6318359375,
                    409.065673828125,
                    0.8775721192359924
                ],
                [
                    869.3709106445312,
                    397.4134826660156,
                    0.8630557060241699
                ],
                [
                    816.93603515625,
                    385.76129150390625,
                    0.9102848172187805
                ],
                [
                    863.5447998046875,
                    414.8917541503906,
                    0.8126876950263977
                ],
                [
                    784.8925170898438,
                    420.7178649902344,
                    0.9091205596923828
                ],
                [
                    714.9794311523438,
                    411.9787292480469,
                    0.9388619661331177
                ],
                [
                    897.0448608398438,
                    573.65283203125,
                    0.7725341320037842
                ],
                [
                    918.8927001953125,
                    572.1962890625,
                    0.7725341320037842
                ],
                [
                    918.8927001953125,
                    694.5442504882812,
                    0.9053994417190552
                ],
                [
                    921.8057250976562,
                    805.2400512695312,
                    0.8992798328399658
                ],
                [
                    875.197021484375,
                    575.109375,
                    0.8138269186019897
                ],
                [
                    878.1100463867188,
                    706.1964721679688,
                    0.909476101398468
                ],
                [
                    886.8491821289062,
                    816.8922729492188,
                    0.9113286137580872
                ],
                [
                    0.0,
                    0.0,
                    0.0
                ],
                [
                    0.0,
                    0.0,
                    0.0
                ],
                [
                    0.0,
                    0.0,
                    0.0
                ],
                [
                    0.0,
                    0.0,
                    0.0
                ],
                [
                    0.0,
                    0.0,
                    0.0
                ],
                [
                    0.0,
                    0.0,
                    0.0
                ],
                [
                    0.0,
                    0.0,
                    0.0
                ],
                [
                    0.0,
                    0.0,
                    0.0
                ],
                [
                    0.0,
                    0.0,
                    0.0
                ],
                [
                    0.0,
                    0.0,
                    0.0
                ]
            ],
            "isKeyframe": true,
            "area": 312822.10896932427
        },
        {
            "bbox": [
                111.58456420898438,
                326.0252380371094,
                297.7027587890625,
                727.7301635742188,
                1.0,
                1.0,
                0.0
            ],
            "personID": 1,
            "keypoints": [
                [
                    176.39878845214844,
                    373.10003662109375,
                    0.9703966379165649
                ],
                [
                    162.79940032958984,
                    407.6215362548828,
                    0.8786468505859375
                ],
                [
                    126.1856689453125,
                    412.8520812988281,
                    0.8786468505859375
                ],
                [
                    147.10780334472656,
                    419.12872314453125,
                    0.6088340282440186
                ],
                [
                    199.4131317138672,
                    402.3909912109375,
                    0.5527452230453491
                ],
                [
                    199.4131317138672,
                    402.3909912109375,
                    0.9277724027633667
                ],
                [
                    239.16517639160156,
                    404.48321533203125,
                    0.9031025171279907
                ],
                [
                    278.917236328125,
                    394.02215576171875,
                    0.9108089804649353
                ],
                [
                    180.58321380615234,
                    527.9237976074219,
                    0.8322458863258362
                ],
                [
                    159.6610870361328,
                    530.0159912109375,
                    0.8322458863258362
                ],
                [
                    157.56886291503906,
                    617.8889770507812,
                    0.8813292980194092
                ],
                [
                    163.8455047607422,
                    693.2086181640625,
                    0.8155350685119629
                ],
                [
                    201.50534057617188,
                    525.8316040039062,
                    0.8794626593589783
                ],
                [
                    197.3209228515625,
                    611.6123046875,
                    0.8965976238250732
                ],
                [
                    193.13648986816406,
                    684.8397827148438,
                    0.8394700884819031
                ],
                [
                    0.0,
                    0.0,
                    0.0
                ],
                [
                    0.0,
                    0.0,
                    0.0
                ],
                [
                    0.0,
                    0.0,
                    0.0
                ],
                [
                    0.0,
                    0.0,
                    0.0
                ],
                [
                    0.0,
                    0.0,
                    0.0
                ],
                [
                    0.0,
                    0.0,
                    0.0
                ],
                [
                    0.0,
                    0.0,
                    0.0
                ],
                [
                    0.0,
                    0.0,
                    0.0
                ],
                [
                    0.0,
                    0.0,
                    0.0
                ],
                [
                    0.0,
                    0.0,
                    0.0
                ]
            ],
            "isKeyframe": true,
            "area": 161366.8472007746
        }
    ],
    "isKeyframe": false
}