{
    "filename": "images/demo_H2FNV1/000034.jpg",
    "height": 1080,
    "width": 1920,
    "annots": [
        {
            "bbox": [
                721,
                294.7156982421875,
                954.1915893554688,
                861,
                1.0,
                1.0,
                0.0
            ],
            "personID": 0,
            "keypoints": [
                [
                    836.2364501953125,
                    370.52685546875,
                    0.9633301496505737
                ],
                [
                    889.7502136230469,
                    412.14869689941406,
                    0.8583670854568481
                ],
                [
                    925.4260864257812,
                    406.2027282714844,
                    0.9364027976989746
                ],
                [
                    901.6421508789062,
                    477.5544128417969,
                    0.41599512100219727
                ],
                [
                    851.1013793945312,
                    486.473388671875,
                    0.3112638592720032
                ],
                [
                    854.0743408203125,
                    418.09466552734375,
                    0.8583670854568481
                ],
                [
                    800.5606079101562,
                    486.473388671875,
                    0.9025578498840332
                ],
                [
                    750.019775390625,
                    545.9331665039062,
                    0.9049274325370789
                ],
                [
                    904.6151733398438,
                    560.7980651855469,
                    0.7529447674751282
                ],
                [
                    931.3720703125,
                    551.8790893554688,
                    0.7529447674751282
                ],
                [
                    922.4530639648438,
                    691.6095581054688,
                    0.9075051546096802
                ],
                [
                    925.4260864257812,
                    804.5830688476562,
                    0.894747257232666
                ],
                [
                    877.8582763671875,
                    569.717041015625,
                    0.7786582708358765
                ],
                [
                    880.8312377929688,
                    703.50146484375,
                    0.8921965956687927
                ],
                [
                    889.750244140625,
                    816.4750366210938,
                    0.8840239644050598
                ],
                [
                    0.0,
                    0.0,
                    0.0
                ],
                [
                    0.0,
                    0.0,
                    0.0
                ],
                [
                    0.0,
                    0.0,
                    0.0
                ],
                [
                    0.0,
                    0.0,
                    0.0
                ],
                [
                    0.0,
                    0.0,
                    0.0
                ],
                [
                    0.0,
                    0.0,
                    0.0
                ],
                [
                    0.0,
                    0.0,
                    0.0
                ],
                [
                    0.0,
                    0.0,
                    0.0
                ],
                [
                    0.0,
                    0.0,
                    0.0
                ],
                [
                    0.0,
                    0.0,
                    0.0
                ]
            ],
            "isKeyframe": true,
            "area": 325828.16438414156
        },
        {
            "bbox": [
                117.13821411132812,
                325.7353820800781,
                298.8481140136719,
                724.1889038085938,
                1.0,
                1.0,
                0.0
            ],
            "personID": 1,
            "keypoints": [
                [
                    184.12745666503906,
                    380.73028564453125,
                    0.9600602984428406
                ],
                [
                    170.63814544677734,
                    411.8594512939453,
                    0.8754514455795288
                ],
                [
                    138.47132873535156,
                    416.010009765625,
                    0.8754514455795288
                ],
                [
                    148.84771728515625,
                    469.9672546386719,
                    0.9139155149459839
                ],
                [
                    169.6005096435547,
                    515.6234130859375,
                    0.8398329615592957
                ],
                [
                    202.80496215820312,
                    407.7088928222656,
                    0.8780474066734314
                ],
                [
                    240.1599884033203,
                    442.9886474609375,
                    0.8991431593894958
                ],
                [
                    283.7408447265625,
                    480.3436584472656,
                    0.9015832543373108
                ],
                [
                    175.8263397216797,
                    531.18798828125,
                    0.8180848956108093
                ],
                [
                    152.99827575683594,
                    534.3009033203125,
                    0.8268773555755615
                ],
                [
                    157.14883422851562,
                    615.23681640625,
                    0.8718792200088501
                ],
                [
                    163.37466430664062,
                    689.9468383789062,
                    0.8509477376937866
                ],
                [
                    198.65440368652344,
                    528.0750732421875,
                    0.8180848956108093
                ],
                [
                    198.65440368652344,
                    613.1614990234375,
                    0.8806136846542358
                ],
                [
                    196.57913208007812,
                    681.6456909179688,
                    0.8796923160552979
                ],
                [
                    0.0,
                    0.0,
                    0.0
                ],
                [
                    0.0,
                    0.0,
                    0.0
                ],
                [
                    0.0,
                    0.0,
                    0.0
                ],
                [
                    0.0,
                    0.0,
                    0.0
                ],
                [
                    0.0,
                    0.0,
                    0.0
                ],
                [
                    0.0,
                    0.0,
                    0.0
                ],
                [
                    0.0,
                    0.0,
                    0.0
                ],
                [
                    0.0,
                    0.0,
                    0.0
                ],
                [
                    0.0,
                    0.0,
                    0.0
                ],
                [
                    0.0,
                    0.0,
                    0.0
                ]
            ],
            "isKeyframe": true,
            "area": 158765.20897785667
        }
    ],
    "isKeyframe": false
}