{
    "filename": "images/demo_H2FNV1/000015.jpg",
    "height": 1080,
    "width": 1920,
    "annots": [
        {
            "bbox": [
                728.3826293945312,
                241.7616729736328,
                944.8538818359375,
                860.4215087890625,
                1.0,
                1.0,
                0.0
            ],
            "personID": 0,
            "keypoints": [
                [
                    851.1181030273438,
                    359.37152099609375,
                    0.9534633755683899
                ],
                [
                    886.5621948242188,
                    414.148681640625,
                    0.8694862723350525
                ],
                [
                    918.7840576171875,
                    414.148681640625,
                    0.9189608693122864
                ],
                [
                    876.8956298828125,
                    346.4827575683594,
                    0.793971836566925
                ],
                [
                    835.0072021484375,
                    288.4833984375,
                    0.9076215624809265
                ],
                [
                    854.34033203125,
                    414.148681640625,
                    0.8694862723350525
                ],
                [
                    789.8966064453125,
                    352.9271240234375,
                    0.9444307088851929
                ],
                [
                    751.2303466796875,
                    298.14996337890625,
                    0.9353539943695068
                ],
                [
                    888.1732788085938,
                    568.8136291503906,
                    0.7779324054718018
                ],
                [
                    909.1174926757812,
                    565.5914306640625,
                    0.8307406902313232
                ],
                [
                    912.3396606445312,
                    694.4789428710938,
                    0.9222395420074463
                ],
                [
                    922.0062255859375,
                    807.2554321289062,
                    0.9138630628585815
                ],
                [
                    867.2290649414062,
                    572.0358276367188,
                    0.7779324054718018
                ],
                [
                    870.4512329101562,
                    700.9232788085938,
                    0.9173929691314697
                ],
                [
                    886.5621948242188,
                    820.1442260742188,
                    0.9076709747314453
                ],
                [
                    0.0,
                    0.0,
                    0.0
                ],
                [
                    0.0,
                    0.0,
                    0.0
                ],
                [
                    0.0,
                    0.0,
                    0.0
                ],
                [
                    0.0,
                    0.0,
                    0.0
                ],
                [
                    0.0,
                    0.0,
                    0.0
                ],
                [
                    0.0,
                    0.0,
                    0.0
                ],
                [
                    0.0,
                    0.0,
                    0.0
                ],
                [
                    0.0,
                    0.0,
                    0.0
                ],
                [
                    0.0,
                    0.0,
                    0.0
                ],
                [
                    0.0,
                    0.0,
                    0.0
                ]
            ],
            "isKeyframe": true,
            "area": 382739.9924511744
        },
        {
            "bbox": [
                109.31393432617188,
                282.00567626953125,
                263.61273193359375,
                729.9917602539062,
                1.0,
                1.0,
                0.0
            ],
            "personID": 1,
            "keypoints": [
                [
                    173.63040161132812,
                    369.5029602050781,
                    0.975609302520752
                ],
                [
                    163.13072204589844,
                    409.16839599609375,
                    0.8709102272987366
                ],
                [
                    133.9649658203125,
                    411.50164794921875,
                    0.8709102272987366
                ],
                [
                    143.29800415039062,
                    378.83599853515625,
                    0.726040780544281
                ],
                [
                    159.63082885742188,
                    336.8373107910156,
                    0.8766017556190491
                ],
                [
                    192.29647827148438,
                    406.83514404296875,
                    0.9265034794807434
                ],
                [
                    227.29539489746094,
                    367.1697082519531,
                    0.935096025466919
                ],
                [
                    243.6282196044922,
                    322.8377380371094,
                    0.9520956873893738
                ],
                [
                    181.79680633544922,
                    529.3313293457031,
                    0.8587421178817749
                ],
                [
                    159.63082885742188,
                    530.4979858398438,
                    0.8587421178817749
                ],
                [
                    157.29757690429688,
                    619.161865234375,
                    0.859173595905304
                ],
                [
                    161.96409606933594,
                    691.4929809570312,
                    0.8559125065803528
                ],
                [
                    203.96278381347656,
                    528.1646728515625,
                    0.8739283084869385
                ],
                [
                    196.9630126953125,
                    614.495361328125,
                    0.9038836359977722
                ],
                [
                    189.96322631835938,
                    684.4931640625,
                    0.920932412147522
                ],
                [
                    0.0,
                    0.0,
                    0.0
                ],
                [
                    0.0,
                    0.0,
                    0.0
                ],
                [
                    0.0,
                    0.0,
                    0.0
                ],
                [
                    0.0,
                    0.0,
                    0.0
                ],
                [
                    0.0,
                    0.0,
                    0.0
                ],
                [
                    0.0,
                    0.0,
                    0.0
                ],
                [
                    0.0,
                    0.0,
                    0.0
                ],
                [
                    0.0,
                    0.0,
                    0.0
                ],
                [
                    0.0,
                    0.0,
                    0.0
                ],
                [
                    0.0,
                    0.0,
                    0.0
                ]
            ],
            "isKeyframe": true,
            "area": 200691.5314436555
        }
    ],
    "isKeyframe": false
}