{
    "filename": "images/demo_H2FNV1/000033.jpg",
    "height": 1080,
    "width": 1920,
    "annots": [
        {
            "bbox": [
                707,
                294.92742919921875,
                953.5296020507812,
                861,
                1.0,
                1.0,
                0.0
            ],
            "personID": 0,
            "keypoints": [
                [
                    840.50146484375,
                    367.61700439453125,
                    0.9638394117355347
                ],
                [
                    890.9391784667969,
                    412.1208190917969,
                    0.8491173386573792
                ],
                [
                    926.542236328125,
                    406.1869812011719,
                    0.918212890625
                ],
                [
                    902.8068237304688,
                    477.3930969238281,
                    0.4322078227996826
                ],
                [
                    852.3692016601562,
                    501.12847900390625,
                    0.0
                ],
                [
                    855.3361206054688,
                    418.0546569824219,
                    0.8491173386573792
                ],
                [
                    801.9315185546875,
                    474.4261779785156,
                    0.8729275465011597
                ],
                [
                    739.6261596679688,
                    530.7976684570312,
                    0.908353865146637
                ],
                [
                    902.8068542480469,
                    567.8842163085938,
                    0.7939677834510803
                ],
                [
                    926.542236328125,
                    566.4007568359375,
                    0.7939677834510803
                ],
                [
                    923.5753173828125,
                    691.011474609375,
                    0.9088626503944397
                ],
                [
                    923.5753173828125,
                    803.7544555664062,
                    0.8948976397514343
                ],
                [
                    879.0714721679688,
                    569.36767578125,
                    0.815467894077301
                ],
                [
                    879.0714721679688,
                    699.9122314453125,
                    0.8660851716995239
                ],
                [
                    890.9391479492188,
                    815.6221313476562,
                    0.8849720358848572
                ],
                [
                    0.0,
                    0.0,
                    0.0
                ],
                [
                    0.0,
                    0.0,
                    0.0
                ],
                [
                    0.0,
                    0.0,
                    0.0
                ],
                [
                    0.0,
                    0.0,
                    0.0
                ],
                [
                    0.0,
                    0.0,
                    0.0
                ],
                [
                    0.0,
                    0.0,
                    0.0
                ],
                [
                    0.0,
                    0.0,
                    0.0
                ],
                [
                    0.0,
                    0.0,
                    0.0
                ],
                [
                    0.0,
                    0.0,
                    0.0
                ],
                [
                    0.0,
                    0.0,
                    0.0
                ]
            ],
            "isKeyframe": true,
            "area": 324499.8986437321
        },
        {
            "bbox": [
                114.70001220703125,
                326.0227355957031,
                304.4039306640625,
                725.5120849609375,
                1.0,
                1.0,
                0.0
            ],
            "personID": 1,
            "keypoints": [
                [
                    183.54354858398438,
                    379.07989501953125,
                    0.9488270282745361
                ],
                [
                    168.9788360595703,
                    410.2900085449219,
                    0.8801577091217041
                ],
                [
                    135.6880645751953,
                    414.45135498046875,
                    0.8801577091217041
                ],
                [
                    148.17210388183594,
                    464.38751220703125,
                    0.9079985618591309
                ],
                [
                    175.22085571289062,
                    506.0010070800781,
                    0.8690041899681091
                ],
                [
                    202.2696075439453,
                    406.128662109375,
                    0.8975924253463745
                ],
                [
                    241.8024139404297,
                    439.41943359375,
                    0.9142599701881409
                ],
                [
                    285.4965515136719,
                    470.6295471191406,
                    0.9151002168655396
                ],
                [
                    176.26119232177734,
                    525.7673950195312,
                    0.8164875507354736
                ],
                [
                    154.41412353515625,
                    528.888427734375,
                    0.8168132901191711
                ],
                [
                    158.57546997070312,
                    614.196044921875,
                    0.8724473118782043
                ],
                [
                    162.73681640625,
                    691.1809692382812,
                    0.8440582752227783
                ],
                [
                    198.10826110839844,
                    522.6463623046875,
                    0.8164875507354736
                ],
                [
                    198.10826110839844,
                    612.1153564453125,
                    0.8767119646072388
                ],
                [
                    196.027587890625,
                    682.8582763671875,
                    0.8580785989761353
                ],
                [
                    0.0,
                    0.0,
                    0.0
                ],
                [
                    0.0,
                    0.0,
                    0.0
                ],
                [
                    0.0,
                    0.0,
                    0.0
                ],
                [
                    0.0,
                    0.0,
                    0.0
                ],
                [
                    0.0,
                    0.0,
                    0.0
                ],
                [
                    0.0,
                    0.0,
                    0.0
                ],
                [
                    0.0,
                    0.0,
                    0.0
                ],
                [
                    0.0,
                    0.0,
                    0.0
                ],
                [
                    0.0,
                    0.0,
                    0.0
                ],
                [
                    0.0,
                    0.0,
                    0.0
                ]
            ],
            "isKeyframe": true,
            "area": 159591.7402562583
        }
    ],
    "isKeyframe": false
}