{
    "filename": "images/demo_H2FNV1/000014.jpg",
    "height": 1080,
    "width": 1920,
    "annots": [
        {
            "bbox": [
                746.607421875,
                250.27639770507812,
                943.0026245117188,
                857.5086059570312,
                1.0,
                1.0,
                0.0
            ],
            "personID": 0,
            "keypoints": [
                [
                    849.549072265625,
                    362.5510559082031,
                    0.9308785796165466
                ],
                [
                    889.0823974609375,
                    413.15374755859375,
                    0.8900734782218933
                ],
                [
                    922.2904052734375,
                    413.15374755859375,
                    0.8900734782218933
                ],
                [
                    874.8504028320312,
                    343.5750732421875,
                    0.7732324600219727
                ],
                [
                    843.2236938476562,
                    286.64703369140625,
                    0.9034926891326904
                ],
                [
                    855.8743896484375,
                    413.15374755859375,
                    0.9130097031593323
                ],
                [
                    792.6210327148438,
                    353.06304931640625,
                    0.9178054332733154
                ],
                [
                    757.8317260742188,
                    289.8097229003906,
                    0.9610762596130371
                ],
                [
                    887.5010375976562,
                    569.7057800292969,
                    0.8143495917320251
                ],
                [
                    909.6397094726562,
                    568.1244506835938,
                    0.8143495917320251
                ],
                [
                    912.8023681640625,
                    694.6311645507812,
                    0.9166920185089111
                ],
                [
                    922.2904052734375,
                    808.4871826171875,
                    0.9060330390930176
                ],
                [
                    865.3623657226562,
                    571.287109375,
                    0.8586135506629944
                ],
                [
                    874.8504028320312,
                    700.9564819335938,
                    0.9073383212089539
                ],
                [
                    887.5010375976562,
                    817.9752197265625,
                    0.8965575695037842
                ],
                [
                    0.0,
                    0.0,
                    0.0
                ],
                [
                    0.0,
                    0.0,
                    0.0
                ],
                [
                    0.0,
                    0.0,
                    0.0
                ],
                [
                    0.0,
                    0.0,
                    0.0
                ],
                [
                    0.0,
                    0.0,
                    0.0
                ],
                [
                    0.0,
                    0.0,
                    0.0
                ],
                [
                    0.0,
                    0.0,
                    0.0
                ],
                [
                    0.0,
                    0.0,
                    0.0
                ],
                [
                    0.0,
                    0.0,
                    0.0
                ],
                [
                    0.0,
                    0.0,
                    0.0
                ]
            ],
            "isKeyframe": true,
            "area": 368730.95473854337
        },
        {
            "bbox": [
                108.49566650390625,
                273.38482666015625,
                257.1090087890625,
                732.52783203125,
                1.0,
                1.0,
                0.0
            ],
            "personID": 1,
            "keypoints": [
                [
                    174.4325408935547,
                    370.2353210449219,
                    0.959507405757904
                ],
                [
                    163.67137908935547,
                    407.30152893066406,
                    0.8623937368392944
                ],
                [
                    133.7792510986328,
                    410.8885803222656,
                    0.8623937368392944
                ],
                [
                    143.34474182128906,
                    379.80078125,
                    0.6881977319717407
                ],
                [
                    157.69296264648438,
                    329.58203125,
                    0.871061384677887
                ],
                [
                    193.56350708007812,
                    403.7144775390625,
                    0.9009701609611511
                ],
                [
                    227.0426788330078,
                    365.45257568359375,
                    0.9417753219604492
                ],
                [
                    241.39089965820312,
                    317.62518310546875,
                    0.9473382234573364
                ],
                [
                    181.60665130615234,
                    532.8484497070312,
                    0.8603625297546387
                ],
                [
                    160.08432006835938,
                    535.2398071289062,
                    0.8603625297546387
                ],
                [
                    157.69296264648438,
                    621.3291015625,
                    0.8876121044158936
                ],
                [
                    162.47569274902344,
                    693.0702514648438,
                    0.8556389808654785
                ],
                [
                    203.1289825439453,
                    530.4570922851562,
                    0.8835117816925049
                ],
                [
                    195.95486450195312,
                    616.54638671875,
                    0.9226434826850891
                ],
                [
                    191.17213439941406,
                    683.5047607421875,
                    0.9094305038452148
                ],
                [
                    0.0,
                    0.0,
                    0.0
                ],
                [
                    0.0,
                    0.0,
                    0.0
                ],
                [
                    0.0,
                    0.0,
                    0.0
                ],
                [
                    0.0,
                    0.0,
                    0.0
                ],
                [
                    0.0,
                    0.0,
                    0.0
                ],
                [
                    0.0,
                    0.0,
                    0.0
                ],
                [
                    0.0,
                    0.0,
                    0.0
                ],
                [
                    0.0,
                    0.0,
                    0.0
                ],
                [
                    0.0,
                    0.0,
                    0.0
                ],
                [
                    0.0,
                    0.0,
                    0.0
                ]
            ],
            "isKeyframe": true,
            "area": 210812.29938120022
        }
    ],
    "isKeyframe": false
}