{
    "filename": "images/demo_H2FNV1/000021.jpg",
    "height": 1080,
    "width": 1920,
    "annots": [
        {
            "bbox": [
                680.6687622070312,
                297.7505187988281,
                953.6483154296875,
                861.638427734375,
                1.0,
                1.0,
                0.0
            ],
            "personID": 0,
            "keypoints": [
                [
                    853.8699951171875,
                    360.89422607421875,
                    0.9819874167442322
                ],
                [
                    894.9868469238281,
                    412.2902374267578,
                    0.7989286184310913
                ],
                [
                    924.3560180664062,
                    410.82177734375,
                    0.860023021697998
                ],
                [
                    862.6807861328125,
                    381.45263671875,
                    0.7613739371299744
                ],
                [
                    818.6270141601562,
                    349.14654541015625,
                    0.939543604850769
                ],
                [
                    865.61767578125,
                    413.7586975097656,
                    0.7989286184310913
                ],
                [
                    783.384033203125,
                    399.0741271972656,
                    0.9180388450622559
                ],
                [
                    724.6456909179688,
                    366.76806640625,
                    0.9159976840019226
                ],
                [
                    893.5183715820312,
                    570.8836975097656,
                    0.7828081250190735
                ],
                [
                    915.5452270507812,
                    569.4152221679688,
                    0.7828081250190735
                ],
                [
                    912.6083374023438,
                    692.7657470703125,
                    0.8959992527961731
                ],
                [
                    921.4190673828125,
                    804.3685302734375,
                    0.904530942440033
                ],
                [
                    871.4915161132812,
                    572.3521728515625,
                    0.795015811920166
                ],
                [
                    874.4284057617188,
                    704.5133666992188,
                    0.9029110670089722
                ],
                [
                    886.1760864257812,
                    816.1162109375,
                    0.8993596434593201
                ],
                [
                    0.0,
                    0.0,
                    0.0
                ],
                [
                    0.0,
                    0.0,
                    0.0
                ],
                [
                    0.0,
                    0.0,
                    0.0
                ],
                [
                    0.0,
                    0.0,
                    0.0
                ],
                [
                    0.0,
                    0.0,
                    0.0
                ],
                [
                    0.0,
                    0.0,
                    0.0
                ],
                [
                    0.0,
                    0.0,
                    0.0
                ],
                [
                    0.0,
                    0.0,
                    0.0
                ],
                [
                    0.0,
                    0.0,
                    0.0
                ],
                [
                    0.0,
                    0.0,
                    0.0
                ]
            ],
            "isKeyframe": true,
            "area": 317969.5738437036
        },
        {
            "bbox": [
                110.60234069824219,
                319.6835632324219,
                287.6578369140625,
                728.8639526367188,
                1.0,
                1.0,
                0.0
            ],
            "personID": 1,
            "keypoints": [
                [
                    172.49075317382812,
                    371.8966979980469,
                    0.996655285358429
                ],
                [
                    160.76943969726562,
                    411.3229217529297,
                    0.8549898266792297
                ],
                [
                    127.73664855957031,
                    414.5196533203125,
                    0.8549898266792297
                ],
                [
                    140.52354431152344,
                    408.1261901855469,
                    0.8239175081253052
                ],
                [
                    178.8842010498047,
                    378.2901306152344,
                    0.8607577085494995
                ],
                [
                    193.80223083496094,
                    408.1261901855469,
                    0.8981983065605164
                ],
                [
                    230.03173828125,
                    393.2081604003906,
                    0.9246051907539368
                ],
                [
                    268.39239501953125,
                    365.50323486328125,
                    0.9319248795509338
                ],
                [
                    178.88419342041016,
                    526.4049072265625,
                    0.7959777116775513
                ],
                [
                    157.57272338867188,
                    529.6016235351562,
                    0.7959777116775513
                ],
                [
                    157.57272338867188,
                    619.1098022460938,
                    0.8728810548782349
                ],
                [
                    163.96615600585938,
                    687.3065185546875,
                    0.8326758146286011
                ],
                [
                    200.19566345214844,
                    523.2081909179688,
                    0.8866415023803711
                ],
                [
                    198.0645294189453,
                    614.8475341796875,
                    0.8716151118278503
                ],
                [
                    191.67108154296875,
                    685.1754150390625,
                    0.8567073345184326
                ],
                [
                    0.0,
                    0.0,
                    0.0
                ],
                [
                    0.0,
                    0.0,
                    0.0
                ],
                [
                    0.0,
                    0.0,
                    0.0
                ],
                [
                    0.0,
                    0.0,
                    0.0
                ],
                [
                    0.0,
                    0.0,
                    0.0
                ],
                [
                    0.0,
                    0.0,
                    0.0
                ],
                [
                    0.0,
                    0.0,
                    0.0
                ],
                [
                    0.0,
                    0.0,
                    0.0
                ],
                [
                    0.0,
                    0.0,
                    0.0
                ],
                [
                    0.0,
                    0.0,
                    0.0
                ]
            ],
            "isKeyframe": true,
            "area": 167428.59107305203
        }
    ],
    "isKeyframe": false
}