{
    "filename": "images/demo_H2FNV1/000023.jpg",
    "height": 1080,
    "width": 1920,
    "annots": [
        {
            "bbox": [
                683.3746948242188,
                292.8628845214844,
                949.6036376953125,
                885.2122192382812,
                1.0,
                1.0,
                0.0
            ],
            "personID": 0,
            "keypoints": [
                [
                    851.9683837890625,
                    359.1936950683594,
                    0.9513610005378723
                ],
                [
                    895.1605224609375,
                    411.6413116455078,
                    0.8248753547668457
                ],
                [
                    926.0120239257812,
                    408.55615234375,
                    0.9020118713378906
                ],
                [
                    867.3941650390625,
                    393.13037109375,
                    0.8391157984733582
                ],
                [
                    818.03173828125,
                    365.364013671875,
                    0.960328996181488
                ],
                [
                    864.3090209960938,
                    414.7264709472656,
                    0.8248753547668457
                ],
                [
                    784.0950317382812,
                    408.55615234375,
                    0.9092301726341248
                ],
                [
                    722.3919677734375,
                    380.7897644042969,
                    0.93278568983078
                ],
                [
                    893.6179504394531,
                    570.5266723632812,
                    0.7717225551605225
                ],
                [
                    916.756591796875,
                    565.89892578125,
                    0.7717225551605225
                ],
                [
                    916.756591796875,
                    692.3901977539062,
                    0.9382998943328857
                ],
                [
                    922.9268798828125,
                    806.5408935546875,
                    0.8827455639839172
                ],
                [
                    870.4793090820312,
                    575.1544189453125,
                    0.7964919209480286
                ],
                [
                    876.6495971679688,
                    704.7308349609375,
                    0.9110833406448364
                ],
                [
                    888.990234375,
                    815.7963256835938,
                    0.9109278321266174
                ],
                [
                    0.0,
                    0.0,
                    0.0
                ],
                [
                    0.0,
                    0.0,
                    0.0
                ],
                [
                    0.0,
                    0.0,
                    0.0
                ],
                [
                    0.0,
                    0.0,
                    0.0
                ],
                [
                    0.0,
                    0.0,
                    0.0
                ],
                [
                    0.0,
                    0.0,
                    0.0
                ],
                [
                    0.0,
                    0.0,
                    0.0
                ],
                [
                    0.0,
                    0.0,
                    0.0
                ],
                [
                    0.0,
                    0.0,
                    0.0
                ],
                [
                    0.0,
                    0.0,
                    0.0
                ]
            ],
            "isKeyframe": true,
            "area": 350877.73433943186
        },
        {
            "bbox": [
                112.68828582763672,
                324.2671203613281,
                289.2711486816406,
                730.122314453125,
                1.0,
                1.0,
                0.0
            ],
            "personID": 1,
            "keypoints": [
                [
                    176.67066955566406,
                    373.9421081542969,
                    0.9914696216583252
                ],
                [
                    161.87387084960938,
                    408.8202819824219,
                    0.8347523212432861
                ],
                [
                    128.0526123046875,
                    414.1048583984375,
                    0.8347523212432861
                ],
                [
                    140.73558044433594,
                    411.99102783203125,
                    0.8635873198509216
                ],
                [
                    187.2398223876953,
                    390.8527526855469,
                    0.8713493943214417
                ],
                [
                    195.69512939453125,
                    403.53570556640625,
                    0.9323149919509888
                ],
                [
                    233.74404907226562,
                    395.08038330078125,
                    0.8974536657333374
                ],
                [
                    271.79296875,
                    373.9421081542969,
                    0.9452272057533264
                ],
                [
                    178.7845001220703,
                    528.2516174316406,
                    0.8073849678039551
                ],
                [
                    155.53237915039062,
                    530.3654174804688,
                    0.8073849678039551
                ],
                [
                    155.53237915039062,
                    619.146240234375,
                    0.8884705901145935
                ],
                [
                    163.98770141601562,
                    686.7887573242188,
                    0.8354043960571289
                ],
                [
                    202.03662109375,
                    526.1378173828125,
                    0.8848853707313538
                ],
                [
                    197.8089599609375,
                    614.9185791015625,
                    0.8870531916618347
                ],
                [
                    193.581298828125,
                    682.5610961914062,
                    0.8559550642967224
                ],
                [
                    0.0,
                    0.0,
                    0.0
                ],
                [
                    0.0,
                    0.0,
                    0.0
                ],
                [
                    0.0,
                    0.0,
                    0.0
                ],
                [
                    0.0,
                    0.0,
                    0.0
                ],
                [
                    0.0,
                    0.0,
                    0.0
                ],
                [
                    0.0,
                    0.0,
                    0.0
                ],
                [
                    0.0,
                    0.0,
                    0.0
                ],
                [
                    0.0,
                    0.0,
                    0.0
                ],
                [
                    0.0,
                    0.0,
                    0.0
                ],
                [
                    0.0,
                    0.0,
                    0.0
                ]
            ],
            "isKeyframe": true,
            "area": 164718.4385712901
        }
    ],
    "isKeyframe": false
}