{
    "filename": "images/demo_H2FNV1/000058.jpg",
    "height": 1080,
    "width": 1920,
    "annots": [
        {
            "bbox": [
                788.3765869140625,
                383.9916687011719,
                995.88037109375,
                855.3414916992188,
                1.0,
                1.0,
                0.0
            ],
            "personID": 0,
            "keypoints": [
                [
                    795.1580810546875,
                    453.9576721191406,
                    0.9213587641716003
                ],
                [
                    867.5790100097656,
                    473.5972442626953,
                    0.7666774392127991
                ],
                [
                    903.1757202148438,
                    468.6873474121094,
                    0.7666774392127991
                ],
                [
                    952.274658203125,
                    483.4170227050781,
                    0.8389507532119751
                ],
                [
                    1021.01318359375,
                    495.6917419433594,
                    0.779545247554779
                ],
                [
                    831.9822998046875,
                    478.50714111328125,
                    0.8766137361526489
                ],
                [
                    883.5361938476562,
                    485.8719787597656,
                    0.8957506418228149
                ],
                [
                    952.274658203125,
                    483.4170227050781,
                    0.6899164915084839
                ],
                [
                    947.3647766113281,
                    593.8896484375,
                    0.7462396025657654
                ],
                [
                    969.4592895507812,
                    593.8896484375,
                    0.7462396025657654
                ],
                [
                    912.9955444335938,
                    696.9973754882812,
                    0.9186773896217346
                ],
                [
                    930.18017578125,
                    805.0150146484375,
                    0.877895176410675
                ],
                [
                    925.270263671875,
                    593.8896484375,
                    0.7682993412017822
                ],
                [
                    866.3515625,
                    696.9973754882812,
                    0.9407705664634705
                ],
                [
                    895.8109130859375,
                    812.3798828125,
                    0.8829761147499084
                ],
                [
                    0.0,
                    0.0,
                    0.0
                ],
                [
                    0.0,
                    0.0,
                    0.0
                ],
                [
                    0.0,
                    0.0,
                    0.0
                ],
                [
                    0.0,
                    0.0,
                    0.0
                ],
                [
                    0.0,
                    0.0,
                    0.0
                ],
                [
                    0.0,
                    0.0,
                    0.0
                ],
                [
                    0.0,
                    0.0,
                    0.0
                ],
                [
                    0.0,
                    0.0,
                    0.0
                ],
                [
                    0.0,
                    0.0,
                    0.0
                ],
                [
                    0.0,
                    0.0,
                    0.0
                ]
            ],
            "isKeyframe": true,
            "area": 222170.65564029012
        },
        {
            "bbox": [
                70.17414855957031,
                392.1788330078125,
                246.70748901367188,
                721.3671875,
                1.0,
                1.0,
                0.0
            ],
            "personID": 1,
            "keypoints": [
                [
                    224.44993591308594,
                    444.4718017578125,
                    0.9459332823753357
                ],
                [
                    193.58853149414062,
                    459.90248107910156,
                    0.8012615442276001
                ],
                [
                    159.29808044433594,
                    458.1879577636719,
                    0.8012615442276001
                ],
                [
                    113.0059814453125,
                    458.1879577636719,
                    0.8610251545906067
                ],
                [
                    80.4300537109375,
                    456.47344970703125,
                    0.8830122947692871
                ],
                [
                    227.8789825439453,
                    461.61700439453125,
                    0.9019804000854492
                ],
                [
                    195.3030548095703,
                    497.6219787597656,
                    0.6488099098205566
                ],
                [
                    167.87069702148438,
                    525.0543212890625,
                    0.0
                ],
                [
                    163.5843963623047,
                    544.7713317871094,
                    0.8000275492668152
                ],
                [
                    140.43833923339844,
                    545.6286010742188,
                    0.8000275492668152
                ],
                [
                    171.29974365234375,
                    610.7804565429688,
                    0.8627199530601501
                ],
                [
                    166.1561737060547,
                    687.9339599609375,
                    0.7572129964828491
                ],
                [
                    186.73045349121094,
                    543.9140625,
                    0.836678147315979
                ],
                [
                    207.30471801757812,
                    605.6369018554688,
                    0.8710404634475708
                ],
                [
                    197.017578125,
                    681.0758666992188,
                    0.8482260704040527
                ],
                [
                    0.0,
                    0.0,
                    0.0
                ],
                [
                    0.0,
                    0.0,
                    0.0
                ],
                [
                    0.0,
                    0.0,
                    0.0
                ],
                [
                    0.0,
                    0.0,
                    0.0
                ],
                [
                    0.0,
                    0.0,
                    0.0
                ],
                [
                    0.0,
                    0.0,
                    0.0
                ],
                [
                    0.0,
                    0.0,
                    0.0
                ],
                [
                    0.0,
                    0.0,
                    0.0
                ],
                [
                    0.0,
                    0.0,
                    0.0
                ],
                [
                    0.0,
                    0.0,
                    0.0
                ]
            ],
            "isKeyframe": true,
            "area": 108364.9727332741
        }
    ],
    "isKeyframe": false
}