{
    "filename": "images/demo_H2FNV1/000094.jpg",
    "height": 1080,
    "width": 1920,
    "annots": [
        {
            "bbox": [
                823.5531005859375,
                451.73406982421875,
                1004.7619018554688,
                852.0762329101562,
                1.0,
                1.0,
                0.0
            ],
            "personID": 0,
            "keypoints": [
                [
                    835.9656372070312,
                    504.904541015625,
                    0.9241903424263
                ],
                [
                    897.4765319824219,
                    559.1175231933594,
                    0.8154520988464355
                ],
                [
                    931.8809204101562,
                    550.7770385742188,
                    0.8154520988464355
                ],
                [
                    967.327880859375,
                    586.2239990234375,
                    0.5701372027397156
                ],
                [
                    1017.3706665039062,
                    694.6500244140625,
                    0.6226047873497009
                ],
                [
                    863.0721435546875,
                    567.4580078125,
                    0.8460046052932739
                ],
                [
                    881.8381958007812,
                    652.9476928710938,
                    0.8941477537155151
                ],
                [
                    898.5191040039062,
                    725.9267578125,
                    0.8704765439033508
                ],
                [
                    966.2853393554688,
                    691.5223388671875,
                    0.7659834623336792
                ],
                [
                    990.26416015625,
                    686.3095703125,
                    0.8149960041046143
                ],
                [
                    892.2637329101562,
                    686.3095703125,
                    0.5334351062774658
                ],
                [
                    931.8809204101562,
                    803.0759887695312,
                    0.8403042554855347
                ],
                [
                    942.3065185546875,
                    696.735107421875,
                    0.7659834623336792
                ],
                [
                    846.3912353515625,
                    709.245849609375,
                    0.8687074780464172
                ],
                [
                    898.5191040039062,
                    811.4164428710938,
                    0.7647396326065063
                ],
                [
                    0.0,
                    0.0,
                    0.0
                ],
                [
                    0.0,
                    0.0,
                    0.0
                ],
                [
                    0.0,
                    0.0,
                    0.0
                ],
                [
                    0.0,
                    0.0,
                    0.0
                ],
                [
                    0.0,
                    0.0,
                    0.0
                ],
                [
                    0.0,
                    0.0,
                    0.0
                ],
                [
                    0.0,
                    0.0,
                    0.0
                ],
                [
                    0.0,
                    0.0,
                    0.0
                ],
                [
                    0.0,
                    0.0,
                    0.0
                ],
                [
                    0.0,
                    0.0,
                    0.0
                ]
            ],
            "isKeyframe": true,
            "area": 160273.84754432738
        },
        {
            "bbox": [
                108.11163330078125,
                442.76226806640625,
                253.45005798339844,
                731.62939453125,
                1.0,
                1.0,
                0.0
            ],
            "personID": 1,
            "keypoints": [
                [
                    217.64149475097656,
                    476.6138610839844,
                    0.9514501690864563
                ],
                [
                    194.32149505615234,
                    521.7493286132812,
                    0.7855811715126038
                ],
                [
                    157.46084594726562,
                    523.2538452148438,
                    0.7855811715126038
                ],
                [
                    128.8750457763672,
                    568.3893432617188,
                    0.8476704955101013
                ],
                [
                    107.81182098388672,
                    616.5338745117188,
                    0.6899242997169495
                ],
                [
                    231.18214416503906,
                    520.2448120117188,
                    0.8655579686164856
                ],
                [
                    222.15504455566406,
                    572.9028930664062,
                    0.7316305637359619
                ],
                [
                    220.65052795410156,
                    612.0203247070312,
                    0.4158090651035309
                ],
                [
                    174.7627944946289,
                    594.7183837890625,
                    0.7618491053581238
                ],
                [
                    152.9473114013672,
                    595.4706420898438,
                    0.7618491053581238
                ],
                [
                    198.08279418945312,
                    621.0474243164062,
                    0.9213857054710388
                ],
                [
                    178.52407836914062,
                    690.2551879882812,
                    0.8317422270774841
                ],
                [
                    196.57827758789062,
                    593.9661254882812,
                    0.7806748747825623
                ],
                [
                    240.20924377441406,
                    619.5429077148438,
                    0.8909040093421936
                ],
                [
                    207.10989379882812,
                    682.7326049804688,
                    0.8194035291671753
                ],
                [
                    0.0,
                    0.0,
                    0.0
                ],
                [
                    0.0,
                    0.0,
                    0.0
                ],
                [
                    0.0,
                    0.0,
                    0.0
                ],
                [
                    0.0,
                    0.0,
                    0.0
                ],
                [
                    0.0,
                    0.0,
                    0.0
                ],
                [
                    0.0,
                    0.0,
                    0.0
                ],
                [
                    0.0,
                    0.0,
                    0.0
                ],
                [
                    0.0,
                    0.0,
                    0.0
                ],
                [
                    0.0,
                    0.0,
                    0.0
                ],
                [
                    0.0,
                    0.0,
                    0.0
                ]
            ],
            "isKeyframe": true,
            "area": 83444.21675205603
        }
    ],
    "isKeyframe": false
}