{
    "filename": "images/demo_H2FNV1/000086.jpg",
    "height": 1080,
    "width": 1920,
    "annots": [
        {
            "bbox": [
                814.4583129882812,
                470.2982177734375,
                1035.1751708984375,
                846.5031127929688,
                1.0,
                1.0,
                0.0
            ],
            "personID": 0,
            "keypoints": [
                [
                    821.9482421875,
                    528.1005249023438,
                    0.9101504683494568
                ],
                [
                    886.6084594726562,
                    569.2478942871094,
                    0.6713950037956238
                ],
                [
                    925.7964477539062,
                    563.3696899414062,
                    0.6713950037956238
                ],
                [
                    990.4566650390625,
                    588.8419189453125,
                    0.7996183037757874
                ],
                [
                    1051.1981201171875,
                    612.354736328125,
                    0.8344721794128418
                ],
                [
                    847.4204711914062,
                    575.1260986328125,
                    0.8567076325416565
                ],
                [
                    892.4866333007812,
                    606.4765014648438,
                    0.8772481083869934
                ],
                [
                    941.4716796875,
                    635.8675537109375,
                    0.7651600241661072
                ],
                [
                    967.923583984375,
                    690.7307739257812,
                    0.7189075350761414
                ],
                [
                    988.497314453125,
                    690.7307739257812,
                    0.7212803363800049
                ],
                [
                    898.3648681640625,
                    700.5277709960938,
                    0.683047890663147
                ],
                [
                    935.593505859375,
                    810.2542114257812,
                    0.7371194362640381
                ],
                [
                    947.349853515625,
                    690.7307739257812,
                    0.7189075350761414
                ],
                [
                    845.4610595703125,
                    704.446533203125,
                    0.8857374787330627
                ],
                [
                    894.446044921875,
                    814.1729736328125,
                    0.840419590473175
                ],
                [
                    0.0,
                    0.0,
                    0.0
                ],
                [
                    0.0,
                    0.0,
                    0.0
                ],
                [
                    0.0,
                    0.0,
                    0.0
                ],
                [
                    0.0,
                    0.0,
                    0.0
                ],
                [
                    0.0,
                    0.0,
                    0.0
                ],
                [
                    0.0,
                    0.0,
                    0.0
                ],
                [
                    0.0,
                    0.0,
                    0.0
                ],
                [
                    0.0,
                    0.0,
                    0.0
                ],
                [
                    0.0,
                    0.0,
                    0.0
                ],
                [
                    0.0,
                    0.0,
                    0.0
                ]
            ],
            "isKeyframe": true,
            "area": 141530.12303665653
        },
        {
            "bbox": [
                112.43367004394531,
                455.5404052734375,
                252.51043701171875,
                729.8176879882812,
                1.0,
                1.0,
                0.0
            ],
            "personID": 1,
            "keypoints": [
                [
                    228.89918518066406,
                    490.53936767578125,
                    0.969001293182373
                ],
                [
                    198.18584442138672,
                    526.9668273925781,
                    0.6794439554214478
                ],
                [
                    160.32986450195312,
                    529.109619140625,
                    0.6794439554214478
                ],
                [
                    110.33141326904297,
                    541.9663696289062,
                    0.7664563059806824
                ],
                [
                    79.61807250976562,
                    558.3944091796875,
                    0.0
                ],
                [
                    236.0418243408203,
                    524.8240356445312,
                    0.9102646112442017
                ],
                [
                    193.18600463867188,
                    566.2513427734375,
                    0.38551250100135803
                ],
                [
                    137.4734344482422,
                    536.2522583007812,
                    0.0
                ],
                [
                    163.90119171142578,
                    594.1076049804688,
                    0.7482432126998901
                ],
                [
                    138.90196228027344,
                    596.2503662109375,
                    0.8100470304489136
                ],
                [
                    191.75747680664062,
                    617.6782836914062,
                    0.8964369893074036
                ],
                [
                    177.47219848632812,
                    690.533203125,
                    0.8049508333206177
                ],
                [
                    188.90042114257812,
                    591.96484375,
                    0.7482432126998901
                ],
                [
                    233.1847686767578,
                    613.3927001953125,
                    0.8733649849891663
                ],
                [
                    203.18569946289062,
                    683.3905639648438,
                    0.8138823509216309
                ],
                [
                    0.0,
                    0.0,
                    0.0
                ],
                [
                    0.0,
                    0.0,
                    0.0
                ],
                [
                    0.0,
                    0.0,
                    0.0
                ],
                [
                    0.0,
                    0.0,
                    0.0
                ],
                [
                    0.0,
                    0.0,
                    0.0
                ],
                [
                    0.0,
                    0.0,
                    0.0
                ],
                [
                    0.0,
                    0.0,
                    0.0
                ],
                [
                    0.0,
                    0.0,
                    0.0
                ],
                [
                    0.0,
                    0.0,
                    0.0
                ],
                [
                    0.0,
                    0.0,
                    0.0
                ]
            ],
            "isKeyframe": true,
            "area": 75228.02781343833
        }
    ],
    "isKeyframe": false
}