{
    "filename": "images/demo_H2FNV1/000024.jpg",
    "height": 1080,
    "width": 1920,
    "annots": [
        {
            "bbox": [
                684.7786254882812,
                298.182373046875,
                947.0289916992188,
                859.2716064453125,
                1.0,
                1.0,
                0.0
            ],
            "personID": 0,
            "keypoints": [
                [
                    852.4330444335938,
                    363.93499755859375,
                    0.977744460105896
                ],
                [
                    897.7293090820312,
                    412.1536102294922,
                    0.833073079586029
                ],
                [
                    925.4915161132812,
                    407.7701110839844,
                    0.8765072822570801
                ],
                [
                    864.1224365234375,
                    393.1584167480469,
                    0.5611348748207092
                ],
                [
                    814.442626953125,
                    372.7020263671875,
                    0.7921328544616699
                ],
                [
                    869.9671020507812,
                    416.537109375,
                    0.833073079586029
                ],
                [
                    785.21923828125,
                    410.69244384765625,
                    0.8871192932128906
                ],
                [
                    718.0054321289062,
                    399.0030822753906,
                    0.9394108653068542
                ],
                [
                    894.8069763183594,
                    572.88232421875,
                    0.7885532379150391
                ],
                [
                    916.7245483398438,
                    571.421142578125,
                    0.7885532379150391
                ],
                [
                    916.7245483398438,
                    694.159423828125,
                    0.9042894244194031
                ],
                [
                    922.5692138671875,
                    802.2860107421875,
                    0.8723512887954712
                ],
                [
                    872.889404296875,
                    574.343505859375,
                    0.8295299410820007
                ],
                [
                    875.811767578125,
                    702.9264526367188,
                    0.8800904154777527
                ],
                [
                    887.5010986328125,
                    816.897705078125,
                    0.8817873001098633
                ],
                [
                    0.0,
                    0.0,
                    0.0
                ],
                [
                    0.0,
                    0.0,
                    0.0
                ],
                [
                    0.0,
                    0.0,
                    0.0
                ],
                [
                    0.0,
                    0.0,
                    0.0
                ],
                [
                    0.0,
                    0.0,
                    0.0
                ],
                [
                    0.0,
                    0.0,
                    0.0
                ],
                [
                    0.0,
                    0.0,
                    0.0
                ],
                [
                    0.0,
                    0.0,
                    0.0
                ],
                [
                    0.0,
                    0.0,
                    0.0
                ],
                [
                    0.0,
                    0.0,
                    0.0
                ]
            ],
            "isKeyframe": true,
            "area": 314821.1278356463
        },
        {
            "bbox": [
                112.98604583740234,
                325.36285400390625,
                293.2142639160156,
                728.4071655273438,
                1.0,
                1.0,
                0.0
            ],
            "personID": 1,
            "keypoints": [
                [
                    174.7611083984375,
                    372.5946350097656,
                    0.9616275429725647
                ],
                [
                    163.21556854248047,
                    407.2312469482422,
                    0.8450701236724854
                ],
                [
                    128.57894897460938,
                    412.4792175292969,
                    0.8450701236724854
                ],
                [
                    143.2732696533203,
                    414.5783996582031,
                    0.6731992959976196
                ],
                [
                    195.75299072265625,
                    393.5865173339844,
                    0.7836286425590515
                ],
                [
                    197.85218811035156,
                    401.9832763671875,
                    0.8534594774246216
                ],
                [
                    237.7367706298828,
                    397.7848815917969,
                    0.8865464925765991
                ],
                [
                    275.5221862792969,
                    385.18975830078125,
                    0.9366020560264587
                ],
                [
                    180.0090789794922,
                    527.9346008300781,
                    0.8421016335487366
                ],
                [
                    157.96759033203125,
                    530.0338134765625,
                    0.8421016335487366
                ],
                [
                    157.96759033203125,
                    618.19970703125,
                    0.8805362582206726
                ],
                [
                    164.26516723632812,
                    687.4729614257812,
                    0.8160654902458191
                ],
                [
                    202.05056762695312,
                    525.8353881835938,
                    0.8873025178909302
                ],
                [
                    197.85218811035156,
                    614.0013427734375,
                    0.8923414945602417
                ],
                [
                    193.65380859375,
                    685.373779296875,
                    0.8543100953102112
                ],
                [
                    0.0,
                    0.0,
                    0.0
                ],
                [
                    0.0,
                    0.0,
                    0.0
                ],
                [
                    0.0,
                    0.0,
                    0.0
                ],
                [
                    0.0,
                    0.0,
                    0.0
                ],
                [
                    0.0,
                    0.0,
                    0.0
                ],
                [
                    0.0,
                    0.0,
                    0.0
                ],
                [
                    0.0,
                    0.0,
                    0.0
                ],
                [
                    0.0,
                    0.0,
                    0.0
                ],
                [
                    0.0,
                    0.0,
                    0.0
                ],
                [
                    0.0,
                    0.0,
                    0.0
                ]
            ],
            "isKeyframe": true,
            "area": 162444.71705140173
        }
    ],
    "isKeyframe": false
}