{
    "filename": "images/demo_H2FNV1/000064.jpg",
    "height": 1080,
    "width": 1920,
    "annots": [
        {
            "bbox": [
                798.8336791992188,
                421.92083740234375,
                1034.60400390625,
                855.0090942382812,
                1.0,
                1.0,
                0.0
            ],
            "personID": 0,
            "keypoints": [
                [
                    802.8076782226562,
                    481.696044921875,
                    0.8877875804901123
                ],
                [
                    879.5003356933594,
                    495.2300567626953,
                    0.822367787361145
                ],
                [
                    920.1023559570312,
                    492.9743957519531,
                    0.8973214626312256
                ],
                [
                    965.2157592773438,
                    488.4630432128906,
                    0.8969402313232422
                ],
                [
                    1014.8403930664062,
                    474.9290466308594,
                    0.9087309241294861
                ],
                [
                    838.8983154296875,
                    497.4857177734375,
                    0.822367787361145
                ],
                [
                    886.267333984375,
                    479.4403991699219,
                    0.8553991317749023
                ],
                [
                    947.17041015625,
                    450.11669921875,
                    0.8518795967102051
                ],
                [
                    956.1930541992188,
                    614.7804565429688,
                    0.7130470275878906
                ],
                [
                    983.2610473632812,
                    614.7804565429688,
                    0.7130470275878906
                ],
                [
                    904.3126831054688,
                    700.495849609375,
                    0.9164085984230042
                ],
                [
                    929.1250610351562,
                    808.7678833007812,
                    0.8396281599998474
                ],
                [
                    929.1250610351562,
                    614.7804565429688,
                    0.716549813747406
                ],
                [
                    861.4550170898438,
                    700.495849609375,
                    0.918290913105011
                ],
                [
                    895.2900390625,
                    815.534912109375,
                    0.8363153338432312
                ],
                [
                    0.0,
                    0.0,
                    0.0
                ],
                [
                    0.0,
                    0.0,
                    0.0
                ],
                [
                    0.0,
                    0.0,
                    0.0
                ],
                [
                    0.0,
                    0.0,
                    0.0
                ],
                [
                    0.0,
                    0.0,
                    0.0
                ],
                [
                    0.0,
                    0.0,
                    0.0
                ],
                [
                    0.0,
                    0.0,
                    0.0
                ],
                [
                    0.0,
                    0.0,
                    0.0
                ],
                [
                    0.0,
                    0.0,
                    0.0
                ],
                [
                    0.0,
                    0.0,
                    0.0
                ]
            ],
            "isKeyframe": true,
            "area": 187565.43820919096
        },
        {
            "bbox": [
                84.7331314086914,
                410.6605224609375,
                246.51910400390625,
                719.0044555664062,
                1.0,
                1.0,
                0.0
            ],
            "personID": 1,
            "keypoints": [
                [
                    227.45550537109375,
                    464.46014404296875,
                    0.9490189552307129
                ],
                [
                    196.1393280029297,
                    475.70184326171875,
                    0.7260040044784546
                ],
                [
                    160.00527954101562,
                    474.09588623046875,
                    0.7260040044784546
                ],
                [
                    113.4324951171875,
                    450.00653076171875,
                    0.8614280223846436
                ],
                [
                    81.31333923339844,
                    421.09930419921875,
                    0.6035867929458618
                ],
                [
                    232.27337646484375,
                    477.30780029296875,
                    0.8997037410736084
                ],
                [
                    195.3363494873047,
                    509.4269714355469,
                    0.3505582809448242
                ],
                [
                    153.58145141601562,
                    450.00653076171875,
                    0.5134811401367188
                ],
                [
                    165.62612915039062,
                    556.802734375,
                    0.7964727878570557
                ],
                [
                    142.33973693847656,
                    555.999755859375,
                    0.7964727878570557
                ],
                [
                    177.67080688476562,
                    607.390380859375,
                    0.8712195754051208
                ],
                [
                    169.64102172851562,
                    684.4763793945312,
                    0.800797700881958
                ],
                [
                    188.9125213623047,
                    557.605712890625,
                    0.8167127370834351
                ],
                [
                    213.00189208984375,
                    607.390380859375,
                    0.8838328719139099
                ],
                [
                    200.1542205810547,
                    681.2644653320312,
                    0.8411163687705994
                ],
                [
                    0.0,
                    0.0,
                    0.0
                ],
                [
                    0.0,
                    0.0,
                    0.0
                ],
                [
                    0.0,
                    0.0,
                    0.0
                ],
                [
                    0.0,
                    0.0,
                    0.0
                ],
                [
                    0.0,
                    0.0,
                    0.0
                ],
                [
                    0.0,
                    0.0,
                    0.0
                ],
                [
                    0.0,
                    0.0,
                    0.0
                ],
                [
                    0.0,
                    0.0,
                    0.0
                ],
                [
                    0.0,
                    0.0,
                    0.0
                ],
                [
                    0.0,
                    0.0,
                    0.0
                ]
            ],
            "isKeyframe": true,
            "area": 95075.98108294979
        }
    ],
    "isKeyframe": false
}