{
    "filename": "images/demo_H2FNV1/000019.jpg",
    "height": 1080,
    "width": 1920,
    "annots": [
        {
            "bbox": [
                695.54736328125,
                279.9275817871094,
                953.4830932617188,
                895.6566772460938,
                1.0,
                1.0,
                0.0
            ],
            "personID": 0,
            "keypoints": [
                [
                    851.7741088867188,
                    361.7040710449219,
                    0.8475175499916077
                ],
                [
                    896.6710205078125,
                    414.6182861328125,
                    0.8808082938194275
                ],
                [
                    925.5333251953125,
                    413.01483154296875,
                    0.8837680816650391
                ],
                [
                    854.9810180664062,
                    358.49713134765625,
                    0.8762614727020264
                ],
                [
                    819.7048950195312,
                    323.2209777832031,
                    0.9151779413223267
                ],
                [
                    867.8087158203125,
                    416.22174072265625,
                    0.8808082938194275
                ],
                [
                    787.6356201171875,
                    384.15252685546875,
                    0.9118781089782715
                ],
                [
                    733.1179809570312,
                    342.4625244140625,
                    0.9589684009552002
                ],
                [
                    890.2571716308594,
                    573.3609619140625,
                    0.7565596103668213
                ],
                [
                    912.7056274414062,
                    570.154052734375,
                    0.7565596103668213
                ],
                [
                    912.7056274414062,
                    688.8101806640625,
                    0.8875373005867004
                ],
                [
                    919.1195068359375,
                    807.46630859375,
                    0.936397910118103
                ],
                [
                    867.8087158203125,
                    576.56787109375,
                    0.8264274597167969
                ],
                [
                    874.2225341796875,
                    704.8447875976562,
                    0.9189105033874512
                ],
                [
                    887.0502319335938,
                    820.2940063476562,
                    0.9001591205596924
                ],
                [
                    0.0,
                    0.0,
                    0.0
                ],
                [
                    0.0,
                    0.0,
                    0.0
                ],
                [
                    0.0,
                    0.0,
                    0.0
                ],
                [
                    0.0,
                    0.0,
                    0.0
                ],
                [
                    0.0,
                    0.0,
                    0.0
                ],
                [
                    0.0,
                    0.0,
                    0.0
                ],
                [
                    0.0,
                    0.0,
                    0.0
                ],
                [
                    0.0,
                    0.0,
                    0.0
                ],
                [
                    0.0,
                    0.0,
                    0.0
                ],
                [
                    0.0,
                    0.0,
                    0.0
                ]
            ],
            "isKeyframe": true,
            "area": 379122.3189947391
        },
        {
            "bbox": [
                111.27335357666016,
                312.3326110839844,
                277.61077880859375,
                725.1588134765625,
                1.0,
                1.0,
                0.0
            ],
            "personID": 1,
            "keypoints": [
                [
                    171.8656463623047,
                    371.4613952636719,
                    0.9671115875244141
                ],
                [
                    160.0398941040039,
                    409.0887756347656,
                    0.8718888759613037
                ],
                [
                    128.8629150390625,
                    412.31396484375,
                    0.8718888759613037
                ],
                [
                    133.16319274902344,
                    405.86358642578125,
                    0.6122807860374451
                ],
                [
                    176.16592407226562,
                    365.010986328125,
                    0.6755378246307373
                ],
                [
                    191.2168731689453,
                    405.86358642578125,
                    0.8961173295974731
                ],
                [
                    229.91932678222656,
                    384.3622131347656,
                    0.9079806804656982
                ],
                [
                    260.021240234375,
                    349.96002197265625,
                    0.9292276501655579
                ],
                [
                    180.46619415283203,
                    527.3462829589844,
                    0.8345698714256287
                ],
                [
                    158.96482849121094,
                    530.5714721679688,
                    0.8345698714256287
                ],
                [
                    156.814697265625,
                    618.72705078125,
                    0.8960122466087341
                ],
                [
                    163.26510620117188,
                    691.8317260742188,
                    0.8716170191764832
                ],
                [
                    201.96755981445312,
                    524.12109375,
                    0.8499660491943359
                ],
                [
                    195.51715087890625,
                    614.4268188476562,
                    0.8632825613021851
                ],
                [
                    191.2168731689453,
                    683.2311401367188,
                    0.8709384799003601
                ],
                [
                    0.0,
                    0.0,
                    0.0
                ],
                [
                    0.0,
                    0.0,
                    0.0
                ],
                [
                    0.0,
                    0.0,
                    0.0
                ],
                [
                    0.0,
                    0.0,
                    0.0
                ],
                [
                    0.0,
                    0.0,
                    0.0
                ],
                [
                    0.0,
                    0.0,
                    0.0
                ],
                [
                    0.0,
                    0.0,
                    0.0
                ],
                [
                    0.0,
                    0.0,
                    0.0
                ],
                [
                    0.0,
                    0.0,
                    0.0
                ],
                [
                    0.0,
                    0.0,
                    0.0
                ]
            ],
            "isKeyframe": true,
            "area": 170425.47338187788
        }
    ],
    "isKeyframe": false
}