{
    "filename": "images/demo_H2FNV1/000084.jpg",
    "height": 1080,
    "width": 1920,
    "annots": [
        {
            "bbox": [
                809.8521118164062,
                469.28533935546875,
                1037.5477294921875,
                853.544677734375,
                1.0,
                1.0,
                0.0
            ],
            "personID": 0,
            "keypoints": [
                [
                    818.6290283203125,
                    530.3265380859375,
                    0.9281703233718872
                ],
                [
                    887.6756286621094,
                    565.3501892089844,
                    0.718519389629364
                ],
                [
                    924.7006225585938,
                    558.345458984375,
                    0.718519389629364
                ],
                [
                    990.7452392578125,
                    570.3535766601562,
                    0.6983872652053833
                ],
                [
                    1046.7830810546875,
                    578.3589477539062,
                    0.8586012125015259
                ],
                [
                    850.650634765625,
                    572.3549194335938,
                    0.8280332684516907
                ],
                [
                    918.6965942382812,
                    592.368408203125,
                    0.584618866443634
                ],
                [
                    940.71142578125,
                    600.3738403320312,
                    0.5686799883842468
                ],
                [
                    971.7323913574219,
                    688.4332580566406,
                    0.6895397901535034
                ],
                [
                    994.7479248046875,
                    682.42919921875,
                    0.6895397901535034
                ],
                [
                    900.6843872070312,
                    698.4400634765625,
                    0.6894038915634155
                ],
                [
                    930.7046508789062,
                    806.5130004882812,
                    0.8306997418403625
                ],
                [
                    948.7168579101562,
                    694.4373168945312,
                    0.7409197688102722
                ],
                [
                    844.6466064453125,
                    704.444091796875,
                    0.8970108032226562
                ],
                [
                    894.6803588867188,
                    814.5184326171875,
                    0.8281852602958679
                ],
                [
                    0.0,
                    0.0,
                    0.0
                ],
                [
                    0.0,
                    0.0,
                    0.0
                ],
                [
                    0.0,
                    0.0,
                    0.0
                ],
                [
                    0.0,
                    0.0,
                    0.0
                ],
                [
                    0.0,
                    0.0,
                    0.0
                ],
                [
                    0.0,
                    0.0,
                    0.0
                ],
                [
                    0.0,
                    0.0,
                    0.0
                ],
                [
                    0.0,
                    0.0,
                    0.0
                ],
                [
                    0.0,
                    0.0,
                    0.0
                ],
                [
                    0.0,
                    0.0,
                    0.0
                ]
            ],
            "isKeyframe": true,
            "area": 147655.23913139477
        },
        {
            "bbox": [
                109.79735565185547,
                456.8346252441406,
                250.74462890625,
                726.990234375,
                1.0,
                1.0,
                0.0
            ],
            "personID": 1,
            "keypoints": [
                [
                    230.2216339111328,
                    492.71466064453125,
                    0.9536902904510498
                ],
                [
                    200.67337036132812,
                    524.3735046386719,
                    0.6944610476493835
                ],
                [
                    165.49685668945312,
                    525.0770263671875,
                    0.6944610476493835
                ],
                [
                    114.84268951416016,
                    526.484130859375,
                    0.7689456939697266
                ],
                [
                    78.962646484375,
                    527.1876220703125,
                    0.4245589077472687
                ],
                [
                    235.84988403320312,
                    523.6699829101562,
                    0.8652838468551636
                ],
                [
                    190.82394409179688,
                    565.8817749023438,
                    0.0
                ],
                [
                    135.94859313964844,
                    529.2982177734375,
                    0.30913060903549194
                ],
                [
                    163.38626861572266,
                    591.9124145507812,
                    0.76338791847229
                ],
                [
                    140.16976928710938,
                    594.0230102539062,
                    0.7870119214057922
                ],
                [
                    188.00982666015625,
                    616.5359497070312,
                    0.908920407295227
                ],
                [
                    175.34628295898438,
                    691.1101684570312,
                    0.7955449819564819
                ],
                [
                    186.60276794433594,
                    589.8018188476562,
                    0.76338791847229
                ],
                [
                    231.6287078857422,
                    612.3148193359375,
                    0.8919525742530823
                ],
                [
                    204.89454650878906,
                    682.6677856445312,
                    0.8059511184692383
                ],
                [
                    0.0,
                    0.0,
                    0.0
                ],
                [
                    0.0,
                    0.0,
                    0.0
                ],
                [
                    0.0,
                    0.0,
                    0.0
                ],
                [
                    0.0,
                    0.0,
                    0.0
                ],
                [
                    0.0,
                    0.0,
                    0.0
                ],
                [
                    0.0,
                    0.0,
                    0.0
                ],
                [
                    0.0,
                    0.0,
                    0.0
                ],
                [
                    0.0,
                    0.0,
                    0.0
                ],
                [
                    0.0,
                    0.0,
                    0.0
                ],
                [
                    0.0,
                    0.0,
                    0.0
                ]
            ],
            "isKeyframe": true,
            "area": 72984.05314486567
        }
    ],
    "isKeyframe": false
}