{
    "filename": "images/demo_H2FNV1/000009.jpg",
    "height": 1080,
    "width": 1920,
    "annots": [
        {
            "bbox": [
                769.8025512695312,
                215.2933807373047,
                955.4171752929688,
                864.0149536132812,
                1.0,
                1.0,
                0.0
            ],
            "personID": 0,
            "keypoints": [
                [
                    850.7842407226562,
                    355.5118713378906,
                    0.9302868247032166
                ],
                [
                    884.57177734375,
                    414.64012145996094,
                    0.8532046675682068
                ],
                [
                    914.9805908203125,
                    416.3294982910156,
                    0.9080116152763367
                ],
                [
                    891.3292846679688,
                    338.6180725097656,
                    0.8179319500923157
                ],
                [
                    860.9204711914062,
                    267.6641540527344,
                    0.9286519885063171
                ],
                [
                    854.1629638671875,
                    412.95074462890625,
                    0.8532046675682068
                ],
                [
                    803.4816284179688,
                    341.996826171875,
                    0.9530060887336731
                ],
                [
                    779.830322265625,
                    264.285400390625,
                    0.9273359179496765
                ],
                [
                    882.8824157714844,
                    568.3735961914062,
                    0.7809044122695923
                ],
                [
                    904.8443603515625,
                    561.6160888671875,
                    0.798333466053009
                ],
                [
                    911.6018676757812,
                    693.3876342773438,
                    0.9326391816139221
                ],
                [
                    921.7380981445312,
                    808.2654418945312,
                    0.8745805025100708
                ],
                [
                    860.9204711914062,
                    575.131103515625,
                    0.7809044122695923
                ],
                [
                    871.0567626953125,
                    696.7664184570312,
                    0.8884318470954895
                ],
                [
                    887.9505615234375,
                    821.7804565429688,
                    0.8993105292320251
                ],
                [
                    0.0,
                    0.0,
                    0.0
                ],
                [
                    0.0,
                    0.0,
                    0.0
                ],
                [
                    0.0,
                    0.0,
                    0.0
                ],
                [
                    0.0,
                    0.0,
                    0.0
                ],
                [
                    0.0,
                    0.0,
                    0.0
                ],
                [
                    0.0,
                    0.0,
                    0.0
                ],
                [
                    0.0,
                    0.0,
                    0.0
                ],
                [
                    0.0,
                    0.0,
                    0.0
                ],
                [
                    0.0,
                    0.0,
                    0.0
                ],
                [
                    0.0,
                    0.0,
                    0.0
                ]
            ],
            "isKeyframe": true,
            "area": 420839.67911468097
        },
        {
            "bbox": [
                106.36217498779297,
                258.6142578125,
                250.5853729248047,
                726.9605712890625,
                1.0,
                1.0,
                0.0
            ],
            "personID": 1,
            "keypoints": [
                [
                    169.93621826171875,
                    367.16326904296875,
                    0.9295020699501038
                ],
                [
                    163.83795928955078,
                    407.4117736816406,
                    0.8828302621841431
                ],
                [
                    133.34666442871094,
                    413.5100402832031,
                    0.8828302621841431
                ],
                [
                    138.2252655029297,
                    359.8453369140625,
                    0.909165620803833
                ],
                [
                    143.1038818359375,
                    308.6199645996094,
                    0.9491564631462097
                ],
                [
                    194.32925415039062,
                    401.3135070800781,
                    0.9017019271850586
                ],
                [
                    221.16160583496094,
                    357.4060363769531,
                    0.944737434387207
                ],
                [
                    228.47952270507812,
                    303.7413635253906,
                    0.9539301991462708
                ],
                [
                    178.47378540039062,
                    530.5966491699219,
                    0.7957828044891357
                ],
                [
                    157.7397003173828,
                    533.0359497070312,
                    0.7957828044891357
                ],
                [
                    157.7397003173828,
                    620.8508911132812,
                    0.9373809099197388
                ],
                [
                    162.61831665039062,
                    694.0299682617188,
                    0.8443166017532349
                ],
                [
                    199.20787048339844,
                    528.1573486328125,
                    0.8852574229240417
                ],
                [
                    196.76856994628906,
                    618.4115600585938,
                    0.9110808968544006
                ],
                [
                    189.45065307617188,
                    686.7120971679688,
                    0.8809160590171814
                ],
                [
                    0.0,
                    0.0,
                    0.0
                ],
                [
                    0.0,
                    0.0,
                    0.0
                ],
                [
                    0.0,
                    0.0,
                    0.0
                ],
                [
                    0.0,
                    0.0,
                    0.0
                ],
                [
                    0.0,
                    0.0,
                    0.0
                ],
                [
                    0.0,
                    0.0,
                    0.0
                ],
                [
                    0.0,
                    0.0,
                    0.0
                ],
                [
                    0.0,
                    0.0,
                    0.0
                ],
                [
                    0.0,
                    0.0,
                    0.0
                ],
                [
                    0.0,
                    0.0,
                    0.0
                ]
            ],
            "isKeyframe": true,
            "area": 219348.26934708655
        }
    ],
    "isKeyframe": false
}