{
    "filename": "images/demo_H2FNV1/000073.jpg",
    "height": 1080,
    "width": 1920,
    "annots": [
        {
            "bbox": [
                808.5025024414062,
                440.0459899902344,
                1015.4111328125,
                853.4318237304688,
                1.0,
                1.0,
                0.0
            ],
            "personID": 0,
            "keypoints": [
                [
                    809.6868896484375,
                    516.4793090820312,
                    0.9302946925163269
                ],
                [
                    886.1201782226562,
                    527.2445373535156,
                    0.8035221695899963
                ],
                [
                    923.798583984375,
                    525.0914916992188,
                    0.9509246349334717
                ],
                [
                    969.0126342773438,
                    512.1732177734375,
                    0.8780269622802734
                ],
                [
                    1016.3797607421875,
                    492.7957458496094,
                    0.9005200862884521
                ],
                [
                    848.4417724609375,
                    529.3975830078125,
                    0.8035221695899963
                ],
                [
                    882.890625,
                    505.71405029296875,
                    0.9977741837501526
                ],
                [
                    934.5638427734375,
                    473.41827392578125,
                    0.8976082801818848
                ],
                [
                    966.8595886230469,
                    652.1215209960938,
                    0.6708227396011353
                ],
                [
                    990.5431518554688,
                    649.9684448242188,
                    0.7563969492912292
                ],
                [
                    897.9619750976562,
                    703.7947387695312,
                    0.7821558117866516
                ],
                [
                    930.2576904296875,
                    804.9881591796875,
                    0.8512027263641357
                ],
                [
                    943.176025390625,
                    654.2745971679688,
                    0.6708227396011353
                ],
                [
                    854.9009399414062,
                    703.7947387695312,
                    0.866862416267395
                ],
                [
                    895.8088989257812,
                    813.600341796875,
                    0.8264095187187195
                ],
                [
                    0.0,
                    0.0,
                    0.0
                ],
                [
                    0.0,
                    0.0,
                    0.0
                ],
                [
                    0.0,
                    0.0,
                    0.0
                ],
                [
                    0.0,
                    0.0,
                    0.0
                ],
                [
                    0.0,
                    0.0,
                    0.0
                ],
                [
                    0.0,
                    0.0,
                    0.0
                ],
                [
                    0.0,
                    0.0,
                    0.0
                ],
                [
                    0.0,
                    0.0,
                    0.0
                ],
                [
                    0.0,
                    0.0,
                    0.0
                ],
                [
                    0.0,
                    0.0,
                    0.0
                ]
            ],
            "isKeyframe": true,
            "area": 170887.8475371087
        },
        {
            "bbox": [
                88.18603515625,
                422.64166259765625,
                248.88638305664062,
                721.72705078125,
                1.0,
                1.0,
                0.0
            ],
            "personID": 1,
            "keypoints": [
                [
                    230.06678771972656,
                    488.8454284667969,
                    0.934410572052002
                ],
                [
                    195.79659271240234,
                    499.7496032714844,
                    0.8250256180763245
                ],
                [
                    158.41091918945312,
                    499.7496032714844,
                    0.8250256180763245
                ],
                [
                    121.02525329589844,
                    473.26806640625,
                    0.9021331071853638
                ],
                [
                    89.87052917480469,
                    448.34429931640625,
                    0.8027828931808472
                ],
                [
                    233.18226623535156,
                    499.7496032714844,
                    0.8933848738670349
                ],
                [
                    202.0275421142578,
                    487.2876892089844,
                    0.5328667759895325
                ],
                [
                    167.75733947753906,
                    459.2484436035156,
                    0.8768465518951416
                ],
                [
                    163.86299896240234,
                    573.7420654296875,
                    0.8034479022026062
                ],
                [
                    142.83355712890625,
                    574.5209350585938,
                    0.8034479022026062
                ],
                [
                    181.77696228027344,
                    613.46435546875,
                    0.9019067883491516
                ],
                [
                    172.43055725097656,
                    689.7933959960938,
                    0.8196051716804504
                ],
                [
                    184.89244079589844,
                    572.9631958007812,
                    0.8335688710212708
                ],
                [
                    222.27810668945312,
                    611.9066162109375,
                    0.8876579403877258
                ],
                [
                    202.0275421142578,
                    680.447021484375,
                    0.8116369247436523
                ],
                [
                    0.0,
                    0.0,
                    0.0
                ],
                [
                    0.0,
                    0.0,
                    0.0
                ],
                [
                    0.0,
                    0.0,
                    0.0
                ],
                [
                    0.0,
                    0.0,
                    0.0
                ],
                [
                    0.0,
                    0.0,
                    0.0
                ],
                [
                    0.0,
                    0.0,
                    0.0
                ],
                [
                    0.0,
                    0.0,
                    0.0
                ],
                [
                    0.0,
                    0.0,
                    0.0
                ],
                [
                    0.0,
                    0.0,
                    0.0
                ],
                [
                    0.0,
                    0.0,
                    0.0
                ]
            ],
            "isKeyframe": true,
            "area": 89452.06942493096
        }
    ],
    "isKeyframe": false
}