{
    "filename": "images/demo_H2FNV1/000088.jpg",
    "height": 1080,
    "width": 1920,
    "annots": [
        {
            "bbox": [
                816.0844116210938,
                467.9238586425781,
                1029.5601806640625,
                847.9148559570312,
                1.0,
                1.0,
                0.0
            ],
            "personID": 0,
            "keypoints": [
                [
                    824.8558349609375,
                    524.3287963867188,
                    0.8965330123901367
                ],
                [
                    886.2085571289062,
                    568.8589782714844,
                    0.6696736812591553
                ],
                [
                    923.8118286132812,
                    561.9320678710938,
                    0.6696736812591553
                ],
                [
                    987.1436767578125,
                    601.5144653320312,
                    0.7533443570137024
                ],
                [
                    1052.45458984375,
                    629.2221069335938,
                    0.8327362537384033
                ],
                [
                    848.6052856445312,
                    575.785888671875,
                    0.8528913259506226
                ],
                [
                    892.1459350585938,
                    613.38916015625,
                    0.9364569187164307
                ],
                [
                    935.6865234375,
                    649.0133056640625,
                    0.8048142194747925
                ],
                [
                    967.3524780273438,
                    687.6061706542969,
                    0.6980042457580566
                ],
                [
                    987.1436767578125,
                    684.6375122070312,
                    0.7455403208732605
                ],
                [
                    896.1041259765625,
                    700.470458984375,
                    0.6665566563606262
                ],
                [
                    931.7283325195312,
                    809.3220825195312,
                    0.7767022848129272
                ],
                [
                    947.561279296875,
                    690.5748291015625,
                    0.6980042457580566
                ],
                [
                    842.6679077148438,
                    704.4287109375,
                    0.8766218423843384
                ],
                [
                    894.125,
                    813.2802734375,
                    0.8544455170631409
                ],
                [
                    0.0,
                    0.0,
                    0.0
                ],
                [
                    0.0,
                    0.0,
                    0.0
                ],
                [
                    0.0,
                    0.0,
                    0.0
                ],
                [
                    0.0,
                    0.0,
                    0.0
                ],
                [
                    0.0,
                    0.0,
                    0.0
                ],
                [
                    0.0,
                    0.0,
                    0.0
                ],
                [
                    0.0,
                    0.0,
                    0.0
                ],
                [
                    0.0,
                    0.0,
                    0.0
                ],
                [
                    0.0,
                    0.0,
                    0.0
                ],
                [
                    0.0,
                    0.0,
                    0.0
                ]
            ],
            "isKeyframe": true,
            "area": 144393.15804003272
        },
        {
            "bbox": [
                114.08295440673828,
                455.424072265625,
                252.70176696777344,
                730.1243896484375,
                1.0,
                1.0,
                0.0
            ],
            "personID": 1,
            "keypoints": [
                [
                    228.46038818359375,
                    489.0462341308594,
                    0.9451085329055786
                ],
                [
                    197.69967651367188,
                    526.9606018066406,
                    0.6898625493049622
                ],
                [
                    159.78530883789062,
                    529.106689453125,
                    0.6898625493049622
                ],
                [
                    119.7248306274414,
                    547.7061767578125,
                    0.7939937114715576
                ],
                [
                    80.37973022460938,
                    567.0210571289062,
                    0.4169861078262329
                ],
                [
                    235.61404418945312,
                    524.8145141601562,
                    0.9288138151168823
                ],
                [
                    196.98431396484375,
                    560.582763671875,
                    0.4165218472480774
                ],
                [
                    138.3243408203125,
                    533.3988647460938,
                    0.0
                ],
                [
                    166.93895721435547,
                    593.4895935058594,
                    0.7595641016960144
                ],
                [
                    142.6165313720703,
                    596.35107421875,
                    0.7840206027030945
                ],
                [
                    192.69212341308594,
                    619.2427368164062,
                    0.9074862599372864
                ],
                [
                    178.3848114013672,
                    689.3485717773438,
                    0.7977222800254822
                ],
                [
                    191.26138305664062,
                    590.6281127929688,
                    0.7595641016960144
                ],
                [
                    234.18331909179688,
                    614.9505615234375,
                    0.8894946575164795
                ],
                [
                    204.13796997070312,
                    683.6256713867188,
                    0.8306381702423096
                ],
                [
                    0.0,
                    0.0,
                    0.0
                ],
                [
                    0.0,
                    0.0,
                    0.0
                ],
                [
                    0.0,
                    0.0,
                    0.0
                ],
                [
                    0.0,
                    0.0,
                    0.0
                ],
                [
                    0.0,
                    0.0,
                    0.0
                ],
                [
                    0.0,
                    0.0,
                    0.0
                ],
                [
                    0.0,
                    0.0,
                    0.0
                ],
                [
                    0.0,
                    0.0,
                    0.0
                ],
                [
                    0.0,
                    0.0,
                    0.0
                ],
                [
                    0.0,
                    0.0,
                    0.0
                ]
            ],
            "isKeyframe": true,
            "area": 75460.26437021792
        }
    ],
    "isKeyframe": false
}