{
    "filename": "images/demo_H2FNV1/000013.jpg",
    "height": 1080,
    "width": 1920,
    "annots": [
        {
            "bbox": [
                746.8945922851562,
                250.4566650390625,
                943.3333129882812,
                856.5064697265625,
                1.0,
                1.0,
                0.0
            ],
            "personID": 0,
            "keypoints": [
                [
                    849.8486938476562,
                    362.51275634765625,
                    0.9281712770462036
                ],
                [
                    887.7268371582031,
                    414.59515380859375,
                    0.8883522152900696
                ],
                [
                    919.2919311523438,
                    416.17340087890625,
                    0.8883522152900696
                ],
                [
                    875.1007690429688,
                    343.5736999511719,
                    0.7702194452285767
                ],
                [
                    843.5357055664062,
                    286.75653076171875,
                    0.9066523313522339
                ],
                [
                    856.1617431640625,
                    413.01690673828125,
                    0.9129261374473572
                ],
                [
                    793.0315551757812,
                    353.043212890625,
                    0.9185134172439575
                ],
                [
                    758.3099365234375,
                    289.91302490234375,
                    0.959800124168396
                ],
                [
                    886.1485595703125,
                    569.2640991210938,
                    0.815505862236023
                ],
                [
                    909.8223876953125,
                    567.6858520507812,
                    0.815505862236023
                ],
                [
                    912.9788818359375,
                    693.9462280273438,
                    0.9146687984466553
                ],
                [
                    922.4484252929688,
                    807.58056640625,
                    0.9069426655769348
                ],
                [
                    862.4747314453125,
                    570.8423461914062,
                    0.8602160811424255
                ],
                [
                    875.1007690429688,
                    700.25927734375,
                    0.8944544792175293
                ],
                [
                    887.726806640625,
                    817.0501098632812,
                    0.8979359269142151
                ],
                [
                    0.0,
                    0.0,
                    0.0
                ],
                [
                    0.0,
                    0.0,
                    0.0
                ],
                [
                    0.0,
                    0.0,
                    0.0
                ],
                [
                    0.0,
                    0.0,
                    0.0
                ],
                [
                    0.0,
                    0.0,
                    0.0
                ],
                [
                    0.0,
                    0.0,
                    0.0
                ],
                [
                    0.0,
                    0.0,
                    0.0
                ],
                [
                    0.0,
                    0.0,
                    0.0
                ],
                [
                    0.0,
                    0.0,
                    0.0
                ],
                [
                    0.0,
                    0.0,
                    0.0
                ]
            ],
            "isKeyframe": true,
            "area": 367296.3657617569
        },
        {
            "bbox": [
                108.6041259765625,
                273.1192932128906,
                257.71417236328125,
                731.5895385742188,
                1.0,
                1.0,
                0.0
            ],
            "personID": 1,
            "keypoints": [
                [
                    172.41375732421875,
                    369.827880859375,
                    0.959900975227356
                ],
                [
                    164.05622100830078,
                    408.0337371826172,
                    0.8614727854728699
                ],
                [
                    134.20790100097656,
                    412.8094787597656,
                    0.8614727854728699
                ],
                [
                    143.75936889648438,
                    379.37933349609375,
                    0.6875583529472351
                ],
                [
                    158.08656311035156,
                    329.2341613769531,
                    0.882215678691864
                ],
                [
                    193.904541015625,
                    403.25799560546875,
                    0.8971177339553833
                ],
                [
                    224.94679260253906,
                    365.0521545410156,
                    0.9393404722213745
                ],
                [
                    241.661865234375,
                    317.2948303222656,
                    0.9444716572761536
                ],
                [
                    181.96521759033203,
                    532.2027587890625,
                    0.8750447630882263
                ],
                [
                    160.47442626953125,
                    534.5906372070312,
                    0.8750447630882263
                ],
                [
                    158.08656311035156,
                    620.5537719726562,
                    0.9026040434837341
                ],
                [
                    162.86228942871094,
                    692.1897583007812,
                    0.8639022707939148
                ],
                [
                    203.4560089111328,
                    529.8148803710938,
                    0.9000891447067261
                ],
                [
                    196.2924041748047,
                    615.778076171875,
                    0.9290984272956848
                ],
                [
                    191.5166778564453,
                    682.6383056640625,
                    0.9149974584579468
                ],
                [
                    0.0,
                    0.0,
                    0.0
                ],
                [
                    0.0,
                    0.0,
                    0.0
                ],
                [
                    0.0,
                    0.0,
                    0.0
                ],
                [
                    0.0,
                    0.0,
                    0.0
                ],
                [
                    0.0,
                    0.0,
                    0.0
                ],
                [
                    0.0,
                    0.0,
                    0.0
                ],
                [
                    0.0,
                    0.0,
                    0.0
                ],
                [
                    0.0,
                    0.0,
                    0.0
                ],
                [
                    0.0,
                    0.0,
                    0.0
                ],
                [
                    0.0,
                    0.0,
                    0.0
                ]
            ],
            "isKeyframe": true,
            "area": 210194.9658816764
        }
    ],
    "isKeyframe": false
}