{
    "filename": "images/demo_H2FNV1/000072.jpg",
    "height": 1080,
    "width": 1920,
    "annots": [
        {
            "bbox": [
                807.2579345703125,
                434.3382568359375,
                1012.9697265625,
                854.99365234375,
                1.0,
                1.0,
                0.0
            ],
            "personID": 0,
            "keypoints": [
                [
                    808.236328125,
                    514.3065795898438,
                    0.9394260048866272
                ],
                [
                    883.8228759765625,
                    524.1657104492188,
                    0.8045005798339844
                ],
                [
                    922.1638793945312,
                    523.0702514648438,
                    0.9764503836631775
                ],
                [
                    965.9821166992188,
                    507.7338562011719,
                    0.8697304129600525
                ],
                [
                    1011.9913330078125,
                    485.82470703125,
                    0.9091401696205139
                ],
                [
                    845.4818725585938,
                    525.2611694335938,
                    0.8045005798339844
                ],
                [
                    882.7274169921875,
                    498.9701843261719,
                    1.0258580446243286
                ],
                [
                    935.309326171875,
                    461.72467041015625,
                    0.9037935137748718
                ],
                [
                    965.9821166992188,
                    649.0477905273438,
                    0.6696571707725525
                ],
                [
                    990.0821533203125,
                    647.9523315429688,
                    0.7490097284317017
                ],
                [
                    898.0637817382812,
                    700.5342407226562,
                    0.770567774772644
                ],
                [
                    928.736572265625,
                    805.6981201171875,
                    0.8618846535682678
                ],
                [
                    941.882080078125,
                    650.1432495117188,
                    0.6696571707725525
                ],
                [
                    856.4364624023438,
                    702.7251586914062,
                    0.895916223526001
                ],
                [
                    895.8728637695312,
                    814.4617919921875,
                    0.826781690120697
                ],
                [
                    0.0,
                    0.0,
                    0.0
                ],
                [
                    0.0,
                    0.0,
                    0.0
                ],
                [
                    0.0,
                    0.0,
                    0.0
                ],
                [
                    0.0,
                    0.0,
                    0.0
                ],
                [
                    0.0,
                    0.0,
                    0.0
                ],
                [
                    0.0,
                    0.0,
                    0.0
                ],
                [
                    0.0,
                    0.0,
                    0.0
                ],
                [
                    0.0,
                    0.0,
                    0.0
                ],
                [
                    0.0,
                    0.0,
                    0.0
                ],
                [
                    0.0,
                    0.0,
                    0.0
                ]
            ],
            "isKeyframe": true,
            "area": 176950.96176983416
        },
        {
            "bbox": [
                87.29589080810547,
                426.2919921875,
                248.04718017578125,
                720.4615478515625,
                1.0,
                1.0,
                0.0
            ],
            "personID": 1,
            "keypoints": [
                [
                    231.25506591796875,
                    485.27911376953125,
                    0.8957812786102295
                ],
                [
                    197.5481414794922,
                    496.7700958251953,
                    0.751484215259552
                ],
                [
                    160.77694702148438,
                    494.4718933105469,
                    0.751484215259552
                ],
                [
                    125.53787231445312,
                    468.4256286621094,
                    0.8462274074554443
                ],
                [
                    88.76667022705078,
                    434.7187194824219,
                    0.7448655962944031
                ],
                [
                    234.3193359375,
                    499.06829833984375,
                    0.868862509727478
                ],
                [
                    194.48387145996094,
                    488.3433837890625,
                    0.3027538061141968
                ],
                [
                    166.9054718017578,
                    454.6364440917969,
                    0.9170156717300415
                ],
                [
                    164.6072769165039,
                    571.0785522460938,
                    0.7931303381919861
                ],
                [
                    140.8592071533203,
                    571.0785522460938,
                    0.7972230911254883
                ],
                [
                    180.69467163085938,
                    612.4461669921875,
                    0.8791791200637817
                ],
                [
                    171.5018768310547,
                    689.0528564453125,
                    0.7953141927719116
                ],
                [
                    188.3553466796875,
                    571.0785522460938,
                    0.7931303381919861
                ],
                [
                    220.53013610839844,
                    610.9140625,
                    0.8838141560554504
                ],
                [
                    202.14453125,
                    681.3921508789062,
                    0.8186814188957214
                ],
                [
                    0.0,
                    0.0,
                    0.0
                ],
                [
                    0.0,
                    0.0,
                    0.0
                ],
                [
                    0.0,
                    0.0,
                    0.0
                ],
                [
                    0.0,
                    0.0,
                    0.0
                ],
                [
                    0.0,
                    0.0,
                    0.0
                ],
                [
                    0.0,
                    0.0,
                    0.0
                ],
                [
                    0.0,
                    0.0,
                    0.0
                ],
                [
                    0.0,
                    0.0,
                    0.0
                ],
                [
                    0.0,
                    0.0,
                    0.0
                ],
                [
                    0.0,
                    0.0,
                    0.0
                ]
            ],
            "isKeyframe": true,
            "area": 86535.72747959197
        }
    ],
    "isKeyframe": false
}