{
    "filename": "images/demo_H2FNV1/000055.jpg",
    "height": 1080,
    "width": 1920,
    "annots": [
        {
            "bbox": [
                786.5015869140625,
                362.451904296875,
                1017.7607421875,
                858.0162353515625,
                1.0,
                1.0,
                0.0
            ],
            "personID": 0,
            "keypoints": [
                [
                    800.1791381835938,
                    441.17437744140625,
                    0.9510960578918457
                ],
                [
                    868.5773315429688,
                    461.82289123535156,
                    0.7936225533485413
                ],
                [
                    906.0027465820312,
                    456.6607666015625,
                    0.7936225533485413
                ],
                [
                    970.5293579101562,
                    497.9577941894531,
                    0.8094996213912964
                ],
                [
                    1029.893798828125,
                    521.1873779296875,
                    0.9150864481925964
                ],
                [
                    831.1519165039062,
                    466.9850158691406,
                    0.8559694886207581
                ],
                [
                    882.773193359375,
                    492.795654296875,
                    0.9244179129600525
                ],
                [
                    944.71875,
                    516.0252075195312,
                    0.988395631313324
                ],
                [
                    943.4281921386719,
                    583.1328735351562,
                    0.7409037947654724
                ],
                [
                    967.9483032226562,
                    583.1328735351562,
                    0.7803805470466614
                ],
                [
                    913.7459716796875,
                    694.11865234375,
                    0.9021514058113098
                ],
                [
                    929.2323608398438,
                    805.1044311523438,
                    0.8624390363693237
                ],
                [
                    918.9080810546875,
                    583.1328735351562,
                    0.7409037947654724
                ],
                [
                    869.8678588867188,
                    691.53759765625,
                    0.9081708788871765
                ],
                [
                    893.097412109375,
                    815.4286499023438,
                    0.8463923931121826
                ],
                [
                    0.0,
                    0.0,
                    0.0
                ],
                [
                    0.0,
                    0.0,
                    0.0
                ],
                [
                    0.0,
                    0.0,
                    0.0
                ],
                [
                    0.0,
                    0.0,
                    0.0
                ],
                [
                    0.0,
                    0.0,
                    0.0
                ],
                [
                    0.0,
                    0.0,
                    0.0
                ],
                [
                    0.0,
                    0.0,
                    0.0
                ],
                [
                    0.0,
                    0.0,
                    0.0
                ],
                [
                    0.0,
                    0.0,
                    0.0
                ],
                [
                    0.0,
                    0.0,
                    0.0
                ]
            ],
            "isKeyframe": true,
            "area": 245584.0062136799
        },
        {
            "bbox": [
                55.90740203857422,
                377.0953063964844,
                245.8458709716797,
                719.8433227539062,
                1.0,
                1.0,
                0.0
            ],
            "personID": 1,
            "keypoints": [
                [
                    219.60476684570312,
                    431.542236328125,
                    0.944666862487793
                ],
                [
                    191.9350128173828,
                    450.2862548828125,
                    0.784086287021637
                ],
                [
                    157.12466430664062,
                    449.3936767578125,
                    0.784086287021637
                ],
                [
                    108.92571258544922,
                    465.46002197265625,
                    0.9054782390594482
                ],
                [
                    75.00794219970703,
                    479.7411804199219,
                    0.9324337244033813
                ],
                [
                    226.745361328125,
                    451.1788330078125,
                    0.8927491903305054
                ],
                [
                    189.25729370117188,
                    488.6669006347656,
                    0.6708836555480957
                ],
                [
                    189.25729370117188,
                    538.6510009765625,
                    0.0
                ],
                [
                    165.1578140258789,
                    536.8658447265625,
                    0.8061982989311218
                ],
                [
                    142.84349060058594,
                    538.6510009765625,
                    0.8061982989311218
                ],
                [
                    167.83554077148438,
                    610.0568237304688,
                    0.8883019685745239
                ],
                [
                    166.05038452148438,
                    688.603271484375,
                    0.7800823450088501
                ],
                [
                    187.47213745117188,
                    535.0806884765625,
                    0.8502604365348816
                ],
                [
                    205.3236083984375,
                    604.701416015625,
                    0.8842225670814514
                ],
                [
                    196.3978729248047,
                    679.6775512695312,
                    0.8211208581924438
                ],
                [
                    0.0,
                    0.0,
                    0.0
                ],
                [
                    0.0,
                    0.0,
                    0.0
                ],
                [
                    0.0,
                    0.0,
                    0.0
                ],
                [
                    0.0,
                    0.0,
                    0.0
                ],
                [
                    0.0,
                    0.0,
                    0.0
                ],
                [
                    0.0,
                    0.0,
                    0.0
                ],
                [
                    0.0,
                    0.0,
                    0.0
                ],
                [
                    0.0,
                    0.0,
                    0.0
                ],
                [
                    0.0,
                    0.0,
                    0.0
                ],
                [
                    0.0,
                    0.0,
                    0.0
                ]
            ],
            "isKeyframe": true,
            "area": 117476.20271694753
        }
    ],
    "isKeyframe": false
}