{
    "filename": "images/demo_H2FNV1/000060.jpg",
    "height": 1080,
    "width": 1920,
    "annots": [
        {
            "bbox": [
                790.1281127929688,
                399.2467041015625,
                1002.8339233398438,
                855.955810546875,
                1.0,
                1.0,
                0.0
            ],
            "personID": 0,
            "keypoints": [
                [
                    800.1439208984375,
                    457.5246887207031,
                    0.8760244250297546
                ],
                [
                    871.5047302246094,
                    476.5542297363281,
                    0.8390717506408691
                ],
                [
                    909.5638427734375,
                    469.41815185546875,
                    0.8390717506408691
                ],
                [
                    966.6524658203125,
                    488.44769287109375,
                    0.8805846571922302
                ],
                [
                    1026.119873046875,
                    490.8263854980469,
                    0.8162593245506287
                ],
                [
                    833.4456176757812,
                    483.6903076171875,
                    0.8937908411026001
                ],
                [
                    888.1555786132812,
                    478.93292236328125,
                    1.0099676847457886
                ],
                [
                    957.1376953125,
                    469.41815185546875,
                    0.8413366675376892
                ],
                [
                    950.0016174316406,
                    597.8675842285156,
                    0.7278574109077454
                ],
                [
                    971.4098510742188,
                    595.4888916015625,
                    0.7278574109077454
                ],
                [
                    914.3212280273438,
                    697.772705078125,
                    0.8596943616867065
                ],
                [
                    928.5933837890625,
                    807.192626953125,
                    0.8859320878982544
                ],
                [
                    928.5933837890625,
                    600.2462768554688,
                    0.783502995967865
                ],
                [
                    864.36865234375,
                    695.39404296875,
                    0.9365453720092773
                ],
                [
                    892.9129638671875,
                    816.7073974609375,
                    0.847335159778595
                ],
                [
                    0.0,
                    0.0,
                    0.0
                ],
                [
                    0.0,
                    0.0,
                    0.0
                ],
                [
                    0.0,
                    0.0,
                    0.0
                ],
                [
                    0.0,
                    0.0,
                    0.0
                ],
                [
                    0.0,
                    0.0,
                    0.0
                ],
                [
                    0.0,
                    0.0,
                    0.0
                ],
                [
                    0.0,
                    0.0,
                    0.0
                ],
                [
                    0.0,
                    0.0,
                    0.0
                ],
                [
                    0.0,
                    0.0,
                    0.0
                ],
                [
                    0.0,
                    0.0,
                    0.0
                ]
            ],
            "isKeyframe": true,
            "area": 208583.20791007578
        },
        {
            "bbox": [
                74.04603576660156,
                396.8023986816406,
                247.35057067871094,
                720.89404296875,
                1.0,
                1.0,
                0.0
            ],
            "personID": 1,
            "keypoints": [
                [
                    225.6854248046875,
                    448.28570556640625,
                    0.9465747475624084
                ],
                [
                    194.45784759521484,
                    463.4774932861328,
                    0.7839686274528503
                ],
                [
                    159.85430908203125,
                    461.7895202636719,
                    0.7839686274528503
                ],
                [
                    107.52702331542969,
                    455.03759765625,
                    0.8807448148727417
                ],
                [
                    75.45545196533203,
                    448.28570556640625,
                    0.8380066156387329
                ],
                [
                    229.06138610839844,
                    465.16546630859375,
                    0.9144049286842346
                ],
                [
                    191.92588806152344,
                    500.61297607421875,
                    0.6285972595214844
                ],
                [
                    132.8466796875,
                    514.1168212890625,
                    0.0
                ],
                [
                    164.07425689697266,
                    547.8763427734375,
                    0.830413818359375
                ],
                [
                    141.28656005859375,
                    547.8763427734375,
                    0.830413818359375
                ],
                [
                    173.35813903808594,
                    606.95556640625,
                    0.8527824282646179
                ],
                [
                    166.60621643066406,
                    687.9784545898438,
                    0.7752026915550232
                ],
                [
                    186.86195373535156,
                    547.8763427734375,
                    0.8469752073287964
                ],
                [
                    208.80564880371094,
                    606.95556640625,
                    0.881608247756958
                ],
                [
                    196.98980712890625,
                    681.2265625,
                    0.8561640381813049
                ],
                [
                    0.0,
                    0.0,
                    0.0
                ],
                [
                    0.0,
                    0.0,
                    0.0
                ],
                [
                    0.0,
                    0.0,
                    0.0
                ],
                [
                    0.0,
                    0.0,
                    0.0
                ],
                [
                    0.0,
                    0.0,
                    0.0
                ],
                [
                    0.0,
                    0.0,
                    0.0
                ],
                [
                    0.0,
                    0.0,
                    0.0
                ],
                [
                    0.0,
                    0.0,
                    0.0
                ],
                [
                    0.0,
                    0.0,
                    0.0
                ],
                [
                    0.0,
                    0.0,
                    0.0
                ]
            ],
            "isKeyframe": true,
            "area": 105035.39389672223
        }
    ],
    "isKeyframe": false
}