{
    "filename": "images/demo_H2FNV1/000026.jpg",
    "height": 1080,
    "width": 1920,
    "annots": [
        {
            "bbox": [
                676.6203002929688,
                304.95330810546875,
                951.5618896484375,
                869.10693359375,
                1.0,
                1.0,
                0.0
            ],
            "personID": 0,
            "keypoints": [
                [
                    850.81982421875,
                    365.1884765625,
                    0.9710361361503601
                ],
                [
                    894.8943176269531,
                    412.2012939453125,
                    0.844090461730957
                ],
                [
                    927.2156372070312,
                    409.26300048828125,
                    0.8919767141342163
                ],
                [
                    865.5112915039062,
                    400.4480895996094,
                    0.8721904754638672
                ],
                [
                    821.4368286132812,
                    397.5097961425781,
                    0.8853963613510132
                ],
                [
                    862.572998046875,
                    415.13958740234375,
                    0.844090461730957
                ],
                [
                    780.3005981445312,
                    429.8310852050781,
                    0.9387980699539185
                ],
                [
                    715.6580200195312,
                    429.8310852050781,
                    0.9556722044944763
                ],
                [
                    899.3017883300781,
                    567.9311828613281,
                    0.7545124888420105
                ],
                [
                    921.3390502929688,
                    559.1162719726562,
                    0.7545124888420105
                ],
                [
                    918.4006958007812,
                    694.2781372070312,
                    0.9295892715454102
                ],
                [
                    924.27734375,
                    800.0569458007812,
                    0.8737616539001465
                ],
                [
                    877.2645263671875,
                    576.74609375,
                    0.8089666366577148
                ],
                [
                    877.2645263671875,
                    703.093017578125,
                    0.9137297868728638
                ],
                [
                    889.0177001953125,
                    820.625,
                    0.8899938464164734
                ],
                [
                    0.0,
                    0.0,
                    0.0
                ],
                [
                    0.0,
                    0.0,
                    0.0
                ],
                [
                    0.0,
                    0.0,
                    0.0
                ],
                [
                    0.0,
                    0.0,
                    0.0
                ],
                [
                    0.0,
                    0.0,
                    0.0
                ],
                [
                    0.0,
                    0.0,
                    0.0
                ],
                [
                    0.0,
                    0.0,
                    0.0
                ],
                [
                    0.0,
                    0.0,
                    0.0
                ],
                [
                    0.0,
                    0.0,
                    0.0
                ],
                [
                    0.0,
                    0.0,
                    0.0
                ]
            ],
            "isKeyframe": true,
            "area": 318269.3131515719
        },
        {
            "bbox": [
                115.88212585449219,
                335.07763671875,
                306.0489196777344,
                717.4473876953125,
                1.0,
                1.0,
                0.0
            ],
            "personID": 1,
            "keypoints": [
                [
                    176.11410522460938,
                    373.91204833984375,
                    0.9712788462638855
                ],
                [
                    163.1692886352539,
                    406.77195739746094,
                    0.9043353199958801
                ],
                [
                    126.32637023925781,
                    411.750732421875,
                    0.9100596904754639
                ],
                [
                    140.26693725585938,
                    425.6912841796875,
                    0.8284038305282593
                ],
                [
                    205.9867401123047,
                    415.7337341308594,
                    0.766225278377533
                ],
                [
                    200.01220703125,
                    401.7931823730469,
                    0.9043353199958801
                ],
                [
                    237.85089111328125,
                    407.7677001953125,
                    0.8811169862747192
                ],
                [
                    283.6556091308594,
                    403.7846984863281,
                    0.9088067412376404
                ],
                [
                    179.1013641357422,
                    527.2582702636719,
                    0.8358675241470337
                ],
                [
                    158.19052124023438,
                    529.249755859375,
                    0.8358675241470337
                ],
                [
                    158.19052124023438,
                    616.8761596679688,
                    0.864351212978363
                ],
                [
                    162.1735382080078,
                    688.5704956054688,
                    0.8144981861114502
                ],
                [
                    200.01220703125,
                    525.2667846679688,
                    0.8582907319068909
                ],
                [
                    198.0207061767578,
                    612.8931884765625,
                    0.8552946448326111
                ],
                [
                    192.04617309570312,
                    684.5875244140625,
                    0.8661946654319763
                ],
                [
                    0.0,
                    0.0,
                    0.0
                ],
                [
                    0.0,
                    0.0,
                    0.0
                ],
                [
                    0.0,
                    0.0,
                    0.0
                ],
                [
                    0.0,
                    0.0,
                    0.0
                ],
                [
                    0.0,
                    0.0,
                    0.0
                ],
                [
                    0.0,
                    0.0,
                    0.0
                ],
                [
                    0.0,
                    0.0,
                    0.0
                ],
                [
                    0.0,
                    0.0,
                    0.0
                ],
                [
                    0.0,
                    0.0,
                    0.0
                ],
                [
                    0.0,
                    0.0,
                    0.0
                ]
            ],
            "isKeyframe": true,
            "area": 146206.62646187842
        }
    ],
    "isKeyframe": false
}