{
    "filename": "images/demo_H2FNV1/000096.jpg",
    "height": 1080,
    "width": 1920,
    "annots": [
        {
            "bbox": [
                829.0745849609375,
                444.5218200683594,
                1004.3460693359375,
                843.3600463867188,
                1.0,
                1.0,
                0.0
            ],
            "personID": 0,
            "keypoints": [
                [
                    845.0440673828125,
                    497.4925231933594,
                    0.9185073971748352
                ],
                [
                    904.2466430664062,
                    555.6564331054688,
                    0.8265335559844971
                ],
                [
                    938.5217895507812,
                    547.3472900390625,
                    0.8652727007865906
                ],
                [
                    953.062744140625,
                    642.9022827148438,
                    0.6137463450431824
                ],
                [
                    992.5311279296875,
                    711.4525756835938,
                    0.751457154750824
                ],
                [
                    869.9714965820312,
                    563.965576171875,
                    0.8265335559844971
                ],
                [
                    876.2033081054688,
                    661.5978393554688,
                    0.906977653503418
                ],
                [
                    884.512451171875,
                    746.7664184570312,
                    0.5646125078201294
                ],
                [
                    964.4878234863281,
                    694.8343200683594,
                    0.7635277509689331
                ],
                [
                    988.3765869140625,
                    690.6797485351562,
                    0.7635277509689331
                ],
                [
                    903.2080078125,
                    705.2207641601562,
                    0.5524511337280273
                ],
                [
                    932.2899169921875,
                    807.007568359375,
                    0.7776718139648438
                ],
                [
                    940.5990600585938,
                    698.9888916015625,
                    0.7893912196159363
                ],
                [
                    842.966796875,
                    709.3753051757812,
                    0.8532924056053162
                ],
                [
                    896.9761352539062,
                    811.1621704101562,
                    0.8515854477882385
                ],
                [
                    0.0,
                    0.0,
                    0.0
                ],
                [
                    0.0,
                    0.0,
                    0.0
                ],
                [
                    0.0,
                    0.0,
                    0.0
                ],
                [
                    0.0,
                    0.0,
                    0.0
                ],
                [
                    0.0,
                    0.0,
                    0.0
                ],
                [
                    0.0,
                    0.0,
                    0.0
                ],
                [
                    0.0,
                    0.0,
                    0.0
                ],
                [
                    0.0,
                    0.0,
                    0.0
                ],
                [
                    0.0,
                    0.0,
                    0.0
                ],
                [
                    0.0,
                    0.0,
                    0.0
                ]
            ],
            "isKeyframe": true,
            "area": 159071.93077277485
        },
        {
            "bbox": [
                114.66605377197266,
                436.79022216796875,
                253.06405639648438,
                722.69091796875,
                1.0,
                1.0,
                0.0
            ],
            "personID": 1,
            "keypoints": [
                [
                    212.90184020996094,
                    470.2942199707031,
                    0.9397125840187073
                ],
                [
                    190.56584930419922,
                    519.4334106445312,
                    0.7972058653831482
                ],
                [
                    154.82826232910156,
                    520.9224853515625,
                    0.7972058653831482
                ],
                [
                    135.47039794921875,
                    580.485107421875,
                    0.8086205720901489
                ],
                [
                    126.53600311279297,
                    628.13525390625,
                    0.7160659432411194
                ],
                [
                    226.30343627929688,
                    517.9443359375,
                    0.8616582155227661
                ],
                [
                    232.25970458984375,
                    567.0835571289062,
                    0.8474015593528748
                ],
                [
                    233.74876403808594,
                    604.3101806640625,
                    0.7085527181625366
                ],
                [
                    178.6533203125,
                    595.3757934570312,
                    0.7526358366012573
                ],
                [
                    160.78453063964844,
                    598.3539428710938,
                    0.7526358366012573
                ],
                [
                    200.98931884765625,
                    622.1790161132812,
                    0.8862568736076355
                ],
                [
                    180.1423797607422,
                    689.1869506835938,
                    0.8185120820999146
                ],
                [
                    196.52210998535156,
                    592.3976440429688,
                    0.8379392027854919
                ],
                [
                    242.68316650390625,
                    619.2008666992188,
                    0.8895485401153564
                ],
                [
                    209.9237060546875,
                    681.7416381835938,
                    0.8201950192451477
                ],
                [
                    0.0,
                    0.0,
                    0.0
                ],
                [
                    0.0,
                    0.0,
                    0.0
                ],
                [
                    0.0,
                    0.0,
                    0.0
                ],
                [
                    0.0,
                    0.0,
                    0.0
                ],
                [
                    0.0,
                    0.0,
                    0.0
                ],
                [
                    0.0,
                    0.0,
                    0.0
                ],
                [
                    0.0,
                    0.0,
                    0.0
                ],
                [
                    0.0,
                    0.0,
                    0.0
                ],
                [
                    0.0,
                    0.0,
                    0.0
                ],
                [
                    0.0,
                    0.0,
                    0.0
                ]
            ],
            "isKeyframe": true,
            "area": 81739.20785937086
        }
    ],
    "isKeyframe": false
}