{
    "filename": "images/demo_H2FNV1/000006.jpg",
    "height": 1080,
    "width": 1920,
    "annots": [
        {
            "bbox": [
                777.4509887695312,
                202.76043701171875,
                956.5145263671875,
                890.7567138671875,
                1.0,
                1.0,
                0.0
            ],
            "personID": 0,
            "keypoints": [
                [
                    847.2745361328125,
                    358.63458251953125,
                    0.9513878226280212
                ],
                [
                    883.1076965332031,
                    408.80096435546875,
                    0.8328385949134827
                ],
                [
                    915.3575439453125,
                    412.38427734375,
                    0.9005389213562012
                ],
                [
                    893.857666015625,
                    333.5513610839844,
                    0.7876291871070862
                ],
                [
                    868.7744750976562,
                    261.8851013183594,
                    0.9516834616661072
                ],
                [
                    850.8578491210938,
                    405.2176513671875,
                    0.8328385949134827
                ],
                [
                    811.44140625,
                    337.1346740722656,
                    0.9290004968643188
                ],
                [
                    793.5248413085938,
                    258.3017883300781,
                    0.9182064533233643
                ],
                [
                    883.1076965332031,
                    568.2584533691406,
                    0.8371468186378479
                ],
                [
                    904.6076049804688,
                    566.466796875,
                    0.8711415529251099
                ],
                [
                    908.19091796875,
                    691.8827514648438,
                    0.9057684540748596
                ],
                [
                    918.9408569335938,
                    799.3821411132812,
                    0.919323742389679
                ],
                [
                    861.6077880859375,
                    570.0501098632812,
                    0.8371468186378479
                ],
                [
                    868.7744750976562,
                    702.6326904296875,
                    0.9446719884872437
                ],
                [
                    886.6910400390625,
                    817.2987670898438,
                    0.9079284071922302
                ],
                [
                    0.0,
                    0.0,
                    0.0
                ],
                [
                    0.0,
                    0.0,
                    0.0
                ],
                [
                    0.0,
                    0.0,
                    0.0
                ],
                [
                    0.0,
                    0.0,
                    0.0
                ],
                [
                    0.0,
                    0.0,
                    0.0
                ],
                [
                    0.0,
                    0.0,
                    0.0
                ],
                [
                    0.0,
                    0.0,
                    0.0
                ],
                [
                    0.0,
                    0.0,
                    0.0
                ],
                [
                    0.0,
                    0.0,
                    0.0
                ],
                [
                    0.0,
                    0.0,
                    0.0
                ]
            ],
            "isKeyframe": true,
            "area": 473338.8769669868
        },
        {
            "bbox": [
                107.94596862792969,
                257.2862243652344,
                243.71124267578125,
                722.2025756835938,
                1.0,
                1.0,
                0.0
            ],
            "personID": 1,
            "keypoints": [
                [
                    172.1964569091797,
                    369.8831481933594,
                    0.9569144248962402
                ],
                [
                    162.5106964111328,
                    408.6261749267578,
                    0.892332136631012
                ],
                [
                    133.45343017578125,
                    413.46905517578125,
                    0.892332136631012
                ],
                [
                    138.2963104248047,
                    357.77593994140625,
                    0.8868693709373474
                ],
                [
                    138.2963104248047,
                    302.0828552246094,
                    0.9207871556282043
                ],
                [
                    191.56796264648438,
                    403.7832946777344,
                    0.9019995331764221
                ],
                [
                    218.20379638671875,
                    352.9330749511719,
                    0.9385620355606079
                ],
                [
                    220.625244140625,
                    299.6614074707031,
                    0.9642373919487
                ],
                [
                    180.67149353027344,
                    529.6981201171875,
                    0.8174142241477966
                ],
                [
                    160.08926391601562,
                    532.1195678710938,
                    0.8174142241477966
                ],
                [
                    157.66781616210938,
                    619.2913818359375,
                    0.9167431592941284
                ],
                [
                    160.08926391601562,
                    691.9345703125,
                    0.8466010093688965
                ],
                [
                    201.25372314453125,
                    527.2766723632812,
                    0.8775103688240051
                ],
                [
                    196.4108428955078,
                    616.8699340820312,
                    0.9208879470825195
                ],
                [
                    189.1465301513672,
                    684.6702270507812,
                    0.8832486867904663
                ],
                [
                    0.0,
                    0.0,
                    0.0
                ],
                [
                    0.0,
                    0.0,
                    0.0
                ],
                [
                    0.0,
                    0.0,
                    0.0
                ],
                [
                    0.0,
                    0.0,
                    0.0
                ],
                [
                    0.0,
                    0.0,
                    0.0
                ],
                [
                    0.0,
                    0.0,
                    0.0
                ],
                [
                    0.0,
                    0.0,
                    0.0
                ],
                [
                    0.0,
                    0.0,
                    0.0
                ],
                [
                    0.0,
                    0.0,
                    0.0
                ],
                [
                    0.0,
                    0.0,
                    0.0
                ]
            ],
            "isKeyframe": true,
            "area": 216147.21372317616
        }
    ],
    "isKeyframe": false
}