{
    "filename": "images/demo_H2FNV1/000047.jpg",
    "height": 1080,
    "width": 1920,
    "annots": [
        {
            "bbox": [
                806.8771362304688,
                350.3445739746094,
                970.1644287109375,
                858.3004150390625,
                1.0,
                1.0,
                0.0
            ],
            "personID": 0,
            "keypoints": [
                [
                    805.1842651367188,
                    399.2882385253906,
                    0.9134856462478638
                ],
                [
                    873.9699096679688,
                    432.3582763671875,
                    0.8546162843704224
                ],
                [
                    911.0083618164062,
                    428.3898620605469,
                    0.8826981782913208
                ],
                [
                    911.0083618164062,
                    507.7579650878906,
                    0.48648542165756226
                ],
                [
                    913.6539916992188,
                    576.543701171875,
                    0.3232944905757904
                ],
                [
                    836.9314575195312,
                    436.3266906738281,
                    0.8546162843704224
                ],
                [
                    860.741943359375,
                    513.0491943359375,
                    0.8891619443893433
                ],
                [
                    889.8435668945312,
                    579.1892700195312,
                    0.7918586134910583
                ],
                [
                    928.2048034667969,
                    565.9612731933594,
                    0.7426086664199829
                ],
                [
                    950.6924438476562,
                    558.0244750976562,
                    0.7518980503082275
                ],
                [
                    918.9451904296875,
                    695.5958251953125,
                    0.9055593609809875
                ],
                [
                    929.527587890625,
                    806.711181640625,
                    0.898301899433136
                ],
                [
                    905.7171630859375,
                    573.8980712890625,
                    0.7426086664199829
                ],
                [
                    876.6155395507812,
                    703.5326538085938,
                    0.9047198295593262
                ],
                [
                    892.4891357421875,
                    812.0023803710938,
                    0.8479386568069458
                ],
                [
                    0.0,
                    0.0,
                    0.0
                ],
                [
                    0.0,
                    0.0,
                    0.0
                ],
                [
                    0.0,
                    0.0,
                    0.0
                ],
                [
                    0.0,
                    0.0,
                    0.0
                ],
                [
                    0.0,
                    0.0,
                    0.0
                ],
                [
                    0.0,
                    0.0,
                    0.0
                ],
                [
                    0.0,
                    0.0,
                    0.0
                ],
                [
                    0.0,
                    0.0,
                    0.0
                ],
                [
                    0.0,
                    0.0,
                    0.0
                ],
                [
                    0.0,
                    0.0,
                    0.0
                ]
            ],
            "isKeyframe": true,
            "area": 258019.13647149596
        },
        {
            "bbox": [
                77.59772491455078,
                350.0376892089844,
                233.24395751953125,
                717.1051025390625,
                1.0,
                1.0,
                0.0
            ],
            "personID": 1,
            "keypoints": [
                [
                    209.90740966796875,
                    402.61248779296875,
                    0.9702301621437073
                ],
                [
                    185.0538787841797,
                    431.28961181640625,
                    0.8484991788864136
                ],
                [
                    150.6413116455078,
                    431.28961181640625,
                    0.8484991788864136
                ],
                [
                    116.22874450683594,
                    479.0848388671875,
                    0.8751714825630188
                ],
                [
                    91.37522888183594,
                    526.8800659179688,
                    0.9210386872291565
                ],
                [
                    219.46644592285156,
                    431.28961181640625,
                    0.878880500793457
                ],
                [
                    221.37826538085938,
                    480.99664306640625,
                    0.9098069667816162
                ],
                [
                    221.37826538085938,
                    519.2328491210938,
                    0.9069638848304749
                ],
                [
                    170.7153091430664,
                    531.6595764160156,
                    0.7898246645927429
                ],
                [
                    146.81768798828125,
                    532.615478515625,
                    0.7898246645927429
                ],
                [
                    162.11216735839844,
                    610.9996948242188,
                    0.8492699861526489
                ],
                [
                    165.935791015625,
                    693.2074584960938,
                    0.7784025073051453
                ],
                [
                    194.61293029785156,
                    530.7036743164062,
                    0.8382642269134521
                ],
                [
                    198.43655395507812,
                    610.9996948242188,
                    0.8743394017219543
                ],
                [
                    196.5247344970703,
                    685.5602416992188,
                    0.845390796661377
                ],
                [
                    0.0,
                    0.0,
                    0.0
                ],
                [
                    0.0,
                    0.0,
                    0.0
                ],
                [
                    0.0,
                    0.0,
                    0.0
                ],
                [
                    0.0,
                    0.0,
                    0.0
                ],
                [
                    0.0,
                    0.0,
                    0.0
                ],
                [
                    0.0,
                    0.0,
                    0.0
                ],
                [
                    0.0,
                    0.0,
                    0.0
                ],
                [
                    0.0,
                    0.0,
                    0.0
                ],
                [
                    0.0,
                    0.0,
                    0.0
                ],
                [
                    0.0,
                    0.0,
                    0.0
                ]
            ],
            "isKeyframe": true,
            "area": 134738.48592883442
        }
    ],
    "isKeyframe": false
}