{
    "filename": "images/demo_H2FNV1/000052.jpg",
    "height": 1080,
    "width": 1920,
    "annots": [
        {
            "bbox": [
                794.4346313476562,
                367.359375,
                1011.4574584960938,
                854.5101928710938,
                1.0,
                1.0,
                0.0
            ],
            "personID": 0,
            "keypoints": [
                [
                    800.1876831054688,
                    426.984619140625,
                    0.9245291948318481
                ],
                [
                    872.4991149902344,
                    456.1629180908203,
                    0.8207952380180359
                ],
                [
                    911.826416015625,
                    452.3570556640625,
                    0.8207952380180359
                ],
                [
                    962.5712890625,
                    495.4902038574219,
                    0.9219686388969421
                ],
                [
                    1026.00244140625,
                    536.0861206054688,
                    0.9090320467948914
                ],
                [
                    833.1718139648438,
                    459.9687805175781,
                    0.9052695631980896
                ],
                [
                    881.3794555664062,
                    498.0274353027344,
                    0.8935548663139343
                ],
                [
                    932.1243286132812,
                    536.0861206054688,
                    0.9572533369064331
                ],
                [
                    941.0046997070312,
                    576.6820068359375,
                    0.7678411602973938
                ],
                [
                    965.1085205078125,
                    574.144775390625,
                    0.7678411602973938
                ],
                [
                    916.90087890625,
                    693.395263671875,
                    0.9016119837760925
                ],
                [
                    927.0498657226562,
                    805.0339965820312,
                    0.870252251625061
                ],
                [
                    916.90087890625,
                    579.21923828125,
                    0.791105329990387
                ],
                [
                    868.6932373046875,
                    695.9324951171875,
                    0.9075027108192444
                ],
                [
                    891.5284423828125,
                    815.1829833984375,
                    0.8553392887115479
                ],
                [
                    0.0,
                    0.0,
                    0.0
                ],
                [
                    0.0,
                    0.0,
                    0.0
                ],
                [
                    0.0,
                    0.0,
                    0.0
                ],
                [
                    0.0,
                    0.0,
                    0.0
                ],
                [
                    0.0,
                    0.0,
                    0.0
                ],
                [
                    0.0,
                    0.0,
                    0.0
                ],
                [
                    0.0,
                    0.0,
                    0.0
                ],
                [
                    0.0,
                    0.0,
                    0.0
                ],
                [
                    0.0,
                    0.0,
                    0.0
                ],
                [
                    0.0,
                    0.0,
                    0.0
                ]
            ],
            "isKeyframe": true,
            "area": 237315.91935247555
        },
        {
            "bbox": [
                56.10877990722656,
                363.7237854003906,
                243.07681274414062,
                723.2726440429688,
                1.0,
                1.0,
                0.0
            ],
            "personID": 1,
            "keypoints": [
                [
                    217.9445343017578,
                    424.5849609375,
                    0.9375659227371216
                ],
                [
                    189.8547821044922,
                    446.12042236328125,
                    0.8176060914993286
                ],
                [
                    154.27442932128906,
                    445.18408203125,
                    0.8176060914993286
                ],
                [
                    111.20347595214844,
                    467.6558837890625,
                    0.9162444472312927
                ],
                [
                    79.36842346191406,
                    492.0003662109375,
                    0.9293891787528992
                ],
                [
                    225.4351348876953,
                    447.0567626953125,
                    0.8968769311904907
                ],
                [
                    189.8547821044922,
                    486.38238525390625,
                    0.6692141890525818
                ],
                [
                    189.8547821044922,
                    531.3259887695312,
                    0.3028039336204529
                ],
                [
                    166.4466552734375,
                    535.0712890625,
                    0.803514301776886
                ],
                [
                    143.0385284423828,
                    535.0712890625,
                    0.803514301776886
                ],
                [
                    165.5103302001953,
                    611.8499755859375,
                    0.8565341830253601
                ],
                [
                    165.5103302001953,
                    690.5012817382812,
                    0.7637981176376343
                ],
                [
                    189.8547821044922,
                    535.0712890625,
                    0.8282437920570374
                ],
                [
                    202.9633331298828,
                    606.2319946289062,
                    0.8774423599243164
                ],
                [
                    197.3453826904297,
                    679.265380859375,
                    0.8154014348983765
                ],
                [
                    0.0,
                    0.0,
                    0.0
                ],
                [
                    0.0,
                    0.0,
                    0.0
                ],
                [
                    0.0,
                    0.0,
                    0.0
                ],
                [
                    0.0,
                    0.0,
                    0.0
                ],
                [
                    0.0,
                    0.0,
                    0.0
                ],
                [
                    0.0,
                    0.0,
                    0.0
                ],
                [
                    0.0,
                    0.0,
                    0.0
                ],
                [
                    0.0,
                    0.0,
                    0.0
                ],
                [
                    0.0,
                    0.0,
                    0.0
                ],
                [
                    0.0,
                    0.0,
                    0.0
                ]
            ],
            "isKeyframe": true,
            "area": 129275.38175118063
        }
    ],
    "isKeyframe": false
}