{
    "filename": "images/demo_H2FNV1/000048.jpg",
    "height": 1080,
    "width": 1920,
    "annots": [
        {
            "bbox": [
                803.41259765625,
                353.0352478027344,
                967.3319702148438,
                848.7293701171875,
                1.0,
                1.0,
                0.0
            ],
            "personID": 0,
            "keypoints": [
                [
                    804.0474853515625,
                    405.9609069824219,
                    0.9238845109939575
                ],
                [
                    872.463623046875,
                    435.6509246826172,
                    0.8578553199768066
                ],
                [
                    907.317138671875,
                    431.7783203125,
                    0.8578553199768066
                ],
                [
                    951.2067260742188,
                    506.6488037109375,
                    0.7627808451652527
                ],
                [
                    995.0963134765625,
                    558.2836303710938,
                    0.6799627542495728
                ],
                [
                    837.610107421875,
                    439.5235290527344,
                    0.8613740801811218
                ],
                [
                    866.00927734375,
                    511.8122863769531,
                    0.9287344813346863
                ],
                [
                    904.7353515625,
                    573.7740478515625,
                    0.8496872782707214
                ],
                [
                    931.8436584472656,
                    568.6105651855469,
                    0.6812426447868347
                ],
                [
                    956.3701782226562,
                    563.4470825195312,
                    0.7328172922134399
                ],
                [
                    920.225830078125,
                    692.5341186523438,
                    0.9248810410499573
                ],
                [
                    927.9710083007812,
                    806.1306762695312,
                    0.881281852722168
                ],
                [
                    907.317138671875,
                    573.7740478515625,
                    0.6812426447868347
                ],
                [
                    873.7544555664062,
                    700.2793579101562,
                    0.9074919819831848
                ],
                [
                    891.82666015625,
                    816.4576416015625,
                    0.871868908405304
                ],
                [
                    0.0,
                    0.0,
                    0.0
                ],
                [
                    0.0,
                    0.0,
                    0.0
                ],
                [
                    0.0,
                    0.0,
                    0.0
                ],
                [
                    0.0,
                    0.0,
                    0.0
                ],
                [
                    0.0,
                    0.0,
                    0.0
                ],
                [
                    0.0,
                    0.0,
                    0.0
                ],
                [
                    0.0,
                    0.0,
                    0.0
                ],
                [
                    0.0,
                    0.0,
                    0.0
                ],
                [
                    0.0,
                    0.0,
                    0.0
                ],
                [
                    0.0,
                    0.0,
                    0.0
                ]
            ],
            "isKeyframe": true,
            "area": 245712.66289709602
        },
        {
            "bbox": [
                69.19316101074219,
                352.6510925292969,
                236.11041259765625,
                724.4319458007812,
                1.0,
                1.0,
                0.0
            ],
            "personID": 1,
            "keypoints": [
                [
                    211.71072387695312,
                    405.90093994140625,
                    0.9838781356811523
                ],
                [
                    186.5380630493164,
                    433.00994873046875,
                    0.8445874452590942
                ],
                [
                    151.68360900878906,
                    433.00994873046875,
                    0.8445874452590942
                ],
                [
                    114.8927993774414,
                    473.6734924316406,
                    0.8887826204299927
                ],
                [
                    87.78378295898438,
                    520.1461181640625,
                    0.9199997782707214
                ],
                [
                    221.39251708984375,
                    433.00994873046875,
                    0.8959733247756958
                ],
                [
                    217.51980590820312,
                    481.4189147949219,
                    0.9141744375228882
                ],
                [
                    213.6470947265625,
                    518.209716796875,
                    0.8217195272445679
                ],
                [
                    171.0471954345703,
                    530.7960510253906,
                    0.7991185784339905
                ],
                [
                    149.74725341796875,
                    529.827880859375,
                    0.7991185784339905
                ],
                [
                    163.30177307128906,
                    613.09130859375,
                    0.8760694861412048
                ],
                [
                    167.1744842529297,
                    690.545654296875,
                    0.8131780028343201
                ],
                [
                    192.34713745117188,
                    531.7642211914062,
                    0.8409405946731567
                ],
                [
                    200.0925750732422,
                    609.2185668945312,
                    0.8914748430252075
                ],
                [
                    196.21986389160156,
                    684.736572265625,
                    0.85444176197052
                ],
                [
                    0.0,
                    0.0,
                    0.0
                ],
                [
                    0.0,
                    0.0,
                    0.0
                ],
                [
                    0.0,
                    0.0,
                    0.0
                ],
                [
                    0.0,
                    0.0,
                    0.0
                ],
                [
                    0.0,
                    0.0,
                    0.0
                ],
                [
                    0.0,
                    0.0,
                    0.0
                ],
                [
                    0.0,
                    0.0,
                    0.0
                ],
                [
                    0.0,
                    0.0,
                    0.0
                ],
                [
                    0.0,
                    0.0,
                    0.0
                ],
                [
                    0.0,
                    0.0,
                    0.0
                ]
            ],
            "isKeyframe": true,
            "area": 138221.002859273
        }
    ],
    "isKeyframe": false
}