{
    "filename": "images/demo_H2FNV1/000074.jpg",
    "height": 1080,
    "width": 1920,
    "annots": [
        {
            "bbox": [
                808.3563842773438,
                439.67584228515625,
                1015.6752319335938,
                853.6366577148438,
                1.0,
                1.0,
                0.0
            ],
            "personID": 0,
            "keypoints": [
                [
                    809.6036376953125,
                    516.2155151367188,
                    0.9292573928833008
                ],
                [
                    886.1432800292969,
                    528.07373046875,
                    0.8033153414726257
                ],
                [
                    923.8740844726562,
                    526.9957275390625,
                    0.9556801319122314
                ],
                [
                    969.1510009765625,
                    511.90338134765625,
                    0.8812930583953857
                ],
                [
                    1016.5840454101562,
                    492.4989929199219,
                    0.9002162218093872
                ],
                [
                    848.4124755859375,
                    529.1517333984375,
                    0.8033153414726257
                ],
                [
                    882.9091796875,
                    505.43524169921875,
                    0.990045428276062
                ],
                [
                    934.654296875,
                    473.0945739746094,
                    0.8937819004058838
                ],
                [
                    966.9949645996094,
                    652.0463562011719,
                    0.6658973097801208
                ],
                [
                    990.7114868164062,
                    649.8903198242188,
                    0.7597426772117615
                ],
                [
                    898.0015258789062,
                    703.7914428710938,
                    0.7813918590545654
                ],
                [
                    930.3422241210938,
                    805.1256103515625,
                    0.8505699634552002
                ],
                [
                    943.2784423828125,
                    654.202392578125,
                    0.6658973097801208
                ],
                [
                    854.880615234375,
                    703.7914428710938,
                    0.8685437440872192
                ],
                [
                    895.845458984375,
                    813.7498168945312,
                    0.8268290162086487
                ],
                [
                    0.0,
                    0.0,
                    0.0
                ],
                [
                    0.0,
                    0.0,
                    0.0
                ],
                [
                    0.0,
                    0.0,
                    0.0
                ],
                [
                    0.0,
                    0.0,
                    0.0
                ],
                [
                    0.0,
                    0.0,
                    0.0
                ],
                [
                    0.0,
                    0.0,
                    0.0
                ],
                [
                    0.0,
                    0.0,
                    0.0
                ],
                [
                    0.0,
                    0.0,
                    0.0
                ],
                [
                    0.0,
                    0.0,
                    0.0
                ],
                [
                    0.0,
                    0.0,
                    0.0
                ]
            ],
            "isKeyframe": true,
            "area": 171363.5567112118
        },
        {
            "bbox": [
                87.84500885009766,
                422.65087890625,
                248.95635986328125,
                721.7721557617188,
                1.0,
                1.0,
                0.0
            ],
            "personID": 1,
            "keypoints": [
                [
                    231.49658203125,
                    488.8626708984375,
                    0.9337469339370728
                ],
                [
                    195.6643524169922,
                    499.76812744140625,
                    0.8258810043334961
                ],
                [
                    158.27420043945312,
                    499.76812744140625,
                    0.8258810043334961
                ],
                [
                    120.88404083251953,
                    473.2834167480469,
                    0.9018499255180359
                ],
                [
                    89.72557067871094,
                    448.3566589355469,
                    0.8070504069328308
                ],
                [
                    233.05450439453125,
                    499.76812744140625,
                    0.8857074975967407
                ],
                [
                    201.8960418701172,
                    487.3047180175781,
                    0.5402990579605103
                ],
                [
                    169.17965698242188,
                    459.2621154785156,
                    0.8735906481742859
                ],
                [
                    162.94796752929688,
                    573.7695007324219,
                    0.8056989908218384
                ],
                [
                    141.1370391845703,
                    574.5484619140625,
                    0.8056989908218384
                ],
                [
                    181.64303588867188,
                    613.4965209960938,
                    0.9024788737297058
                ],
                [
                    172.29550170898438,
                    689.8347778320312,
                    0.8167436718940735
                ],
                [
                    184.75889587402344,
                    572.9905395507812,
                    0.8460273742675781
                ],
                [
                    222.1490478515625,
                    610.3806762695312,
                    0.8886833190917969
                ],
                [
                    201.8960418701172,
                    680.4871826171875,
                    0.8155505061149597
                ],
                [
                    0.0,
                    0.0,
                    0.0
                ],
                [
                    0.0,
                    0.0,
                    0.0
                ],
                [
                    0.0,
                    0.0,
                    0.0
                ],
                [
                    0.0,
                    0.0,
                    0.0
                ],
                [
                    0.0,
                    0.0,
                    0.0
                ],
                [
                    0.0,
                    0.0,
                    0.0
                ],
                [
                    0.0,
                    0.0,
                    0.0
                ],
                [
                    0.0,
                    0.0,
                    0.0
                ],
                [
                    0.0,
                    0.0,
                    0.0
                ],
                [
                    0.0,
                    0.0,
                    0.0
                ]
            ],
            "isKeyframe": true,
            "area": 89473.53826764598
        }
    ],
    "isKeyframe": false
}