{
    "filename": "images/demo_H2FNV1/000078.jpg",
    "height": 1080,
    "width": 1920,
    "annots": [
        {
            "bbox": [
                810.6784057617188,
                476.28363037109375,
                1033.8818359375,
                851.1026000976562,
                1.0,
                1.0,
                0.0
            ],
            "personID": 0,
            "keypoints": [
                [
                    813.9340209960938,
                    526.0642700195312,
                    0.9208482503890991
                ],
                [
                    883.2365112304688,
                    540.7056274414062,
                    0.7726614475250244
                ],
                [
                    919.3518676757812,
                    533.8729858398438,
                    0.8492891192436218
                ],
                [
                    974.0130004882812,
                    535.8251953125,
                    0.8082341551780701
                ],
                [
                    1028.674072265625,
                    522.159912109375,
                    0.8227526545524597
                ],
                [
                    847.1211547851562,
                    547.5382690429688,
                    0.7726614475250244
                ],
                [
                    892.0213012695312,
                    533.8729858398438,
                    0.7947027683258057
                ],
                [
                    934.9693603515625,
                    522.159912109375,
                    0.7322434782981873
                ],
                [
                    970.1086120605469,
                    668.5735778808594,
                    0.6271376013755798
                ],
                [
                    993.5347900390625,
                    666.6213989257812,
                    0.7168269753456116
                ],
                [
                    901.7822265625,
                    699.8084716796875,
                    0.6823346018791199
                ],
                [
                    931.06494140625,
                    807.1785278320312,
                    0.8012634515762329
                ],
                [
                    946.6824340820312,
                    670.5257568359375,
                    0.6271376013755798
                ],
                [
                    851.0255126953125,
                    703.7128295898438,
                    0.9178591966629028
                ],
                [
                    893.9735107421875,
                    813.0350341796875,
                    0.8508612513542175
                ],
                [
                    0.0,
                    0.0,
                    0.0
                ],
                [
                    0.0,
                    0.0,
                    0.0
                ],
                [
                    0.0,
                    0.0,
                    0.0
                ],
                [
                    0.0,
                    0.0,
                    0.0
                ],
                [
                    0.0,
                    0.0,
                    0.0
                ],
                [
                    0.0,
                    0.0,
                    0.0
                ],
                [
                    0.0,
                    0.0,
                    0.0
                ],
                [
                    0.0,
                    0.0,
                    0.0
                ],
                [
                    0.0,
                    0.0,
                    0.0
                ],
                [
                    0.0,
                    0.0,
                    0.0
                ]
            ],
            "isKeyframe": true,
            "area": 140489.26006688178
        },
        {
            "bbox": [
                89.94989776611328,
                446.15252685546875,
                251.6405487060547,
                722.4352416992188,
                1.0,
                1.0,
                0.0
            ],
            "personID": 1,
            "keypoints": [
                [
                    230.51258850097656,
                    494.35809326171875,
                    0.954067051410675
                ],
                [
                    201.0136489868164,
                    512.3452606201172,
                    0.6933183670043945
                ],
                [
                    167.1977996826172,
                    514.5037231445312,
                    0.6933183670043945
                ],
                [
                    113.955810546875,
                    495.7970886230469,
                    0.6999266743659973
                ],
                [
                    75.10356140136719,
                    477.0904235839844,
                    0.5535165071487427
                ],
                [
                    234.82949829101562,
                    510.1867980957031,
                    0.8237720131874084
                ],
                [
                    185.90443420410156,
                    504.430908203125,
                    0.5194897055625916
                ],
                [
                    170.07574462890625,
                    481.4073486328125,
                    0.8134719729423523
                ],
                [
                    163.6003646850586,
                    580.6964721679688,
                    0.796220064163208
                ],
                [
                    142.73526000976562,
                    582.1354370117188,
                    0.796220064163208
                ],
                [
                    184.46546936035156,
                    613.7928466796875,
                    0.9086241722106934
                ],
                [
                    172.9536895751953,
                    688.619384765625,
                    0.8057268857955933
                ],
                [
                    184.46546936035156,
                    579.2575073242188,
                    0.8125314116477966
                ],
                [
                    226.19566345214844,
                    612.3538208007812,
                    0.9112701416015625
                ],
                [
                    203.17210388183594,
                    681.4244995117188,
                    0.7943995594978333
                ],
                [
                    0.0,
                    0.0,
                    0.0
                ],
                [
                    0.0,
                    0.0,
                    0.0
                ],
                [
                    0.0,
                    0.0,
                    0.0
                ],
                [
                    0.0,
                    0.0,
                    0.0
                ],
                [
                    0.0,
                    0.0,
                    0.0
                ],
                [
                    0.0,
                    0.0,
                    0.0
                ],
                [
                    0.0,
                    0.0,
                    0.0
                ],
                [
                    0.0,
                    0.0,
                    0.0
                ],
                [
                    0.0,
                    0.0,
                    0.0
                ],
                [
                    0.0,
                    0.0,
                    0.0
                ]
            ],
            "isKeyframe": true,
            "area": 76332.13852143288
        }
    ],
    "isKeyframe": false
}