{
    "filename": "images/demo_H2FNV1/000030.jpg",
    "height": 1080,
    "width": 1920,
    "annots": [
        {
            "bbox": [
                683,
                289.99761962890625,
                949.2605590820312,
                864,
                1.0,
                1.0,
                0.0
            ],
            "personID": 0,
            "keypoints": [
                [
                    845.4141845703125,
                    367.3935241699219,
                    0.954540491104126
                ],
                [
                    893.9762878417969,
                    411.40293884277344,
                    0.8931857347488403
                ],
                [
                    927.3627319335938,
                    406.8502502441406,
                    0.9302211999893188
                ],
                [
                    827.203369140625,
                    473.6231689453125,
                    0.5277910232543945
                ],
                [
                    830.238525390625,
                    476.6582946777344,
                    0.5923283696174622
                ],
                [
                    860.58984375,
                    415.95562744140625,
                    0.8931857347488403
                ],
                [
                    790.7817993164062,
                    464.51776123046875,
                    0.8961812853813171
                ],
                [
                    724.0088500976562,
                    500.9393615722656,
                    0.952397882938385
                ],
                [
                    904.5992431640625,
                    572.2649536132812,
                    0.7546389698982239
                ],
                [
                    927.3627319335938,
                    570.7473754882812,
                    0.8110854029655457
                ],
                [
                    921.29248046875,
                    695.1878051757812,
                    0.9228540062904358
                ],
                [
                    924.32763671875,
                    801.41748046875,
                    0.8951065540313721
                ],
                [
                    881.8357543945312,
                    573.7825317382812,
                    0.7546389698982239
                ],
                [
                    878.8005981445312,
                    698.2229614257812,
                    0.9026784300804138
                ],
                [
                    890.941162109375,
                    816.5931396484375,
                    0.8774591088294983
                ],
                [
                    0.0,
                    0.0,
                    0.0
                ],
                [
                    0.0,
                    0.0,
                    0.0
                ],
                [
                    0.0,
                    0.0,
                    0.0
                ],
                [
                    0.0,
                    0.0,
                    0.0
                ],
                [
                    0.0,
                    0.0,
                    0.0
                ],
                [
                    0.0,
                    0.0,
                    0.0
                ],
                [
                    0.0,
                    0.0,
                    0.0
                ],
                [
                    0.0,
                    0.0,
                    0.0
                ],
                [
                    0.0,
                    0.0,
                    0.0
                ],
                [
                    0.0,
                    0.0,
                    0.0
                ]
            ],
            "isKeyframe": true,
            "area": 339592.22728535905
        },
        {
            "bbox": [
                111.7723159790039,
                327.5233154296875,
                306.4456481933594,
                716.4561157226562,
                1.0,
                1.0,
                0.0
            ],
            "personID": 1,
            "keypoints": [
                [
                    179.7364501953125,
                    377.1528015136719,
                    0.9786648750305176
                ],
                [
                    165.55661010742188,
                    409.56385803222656,
                    0.873790979385376
                ],
                [
                    131.11985778808594,
                    413.615234375,
                    0.873790979385376
                ],
                [
                    151.37677001953125,
                    446.02630615234375,
                    0.8819338083267212
                ],
                [
                    179.7364501953125,
                    476.41168212890625,
                    0.9625817537307739
                ],
                [
                    199.9933624267578,
                    405.5124816894531,
                    0.8961095809936523
                ],
                [
                    242.5328826904297,
                    429.8207702636719,
                    0.9059917330741882
                ],
                [
                    285.0724182128906,
                    448.052001953125,
                    0.8922916650772095
                ],
                [
                    176.69791412353516,
                    527.053955078125,
                    0.8041486740112305
                ],
                [
                    153.4024658203125,
                    529.0796508789062,
                    0.8041486740112305
                ],
                [
                    159.4795379638672,
                    614.15869140625,
                    0.8578325510025024
                ],
                [
                    161.50523376464844,
                    687.0836181640625,
                    0.7900912165641785
                ],
                [
                    199.9933624267578,
                    525.0282592773438,
                    0.8344435095787048
                ],
                [
                    197.96768188476562,
                    612.1329956054688,
                    0.8543481230735779
                ],
                [
                    195.94198608398438,
                    683.0322265625,
                    0.8394296169281006
                ],
                [
                    0.0,
                    0.0,
                    0.0
                ],
                [
                    0.0,
                    0.0,
                    0.0
                ],
                [
                    0.0,
                    0.0,
                    0.0
                ],
                [
                    0.0,
                    0.0,
                    0.0
                ],
                [
                    0.0,
                    0.0,
                    0.0
                ],
                [
                    0.0,
                    0.0,
                    0.0
                ],
                [
                    0.0,
                    0.0,
                    0.0
                ],
                [
                    0.0,
                    0.0,
                    0.0
                ],
                [
                    0.0,
                    0.0,
                    0.0
                ],
                [
                    0.0,
                    0.0,
                    0.0
                ]
            ],
            "isKeyframe": true,
            "area": 151268.7231437303
        }
    ],
    "isKeyframe": false
}