{
    "filename": "images/demo_H2FNV1/000066.jpg",
    "height": 1080,
    "width": 1920,
    "annots": [
        {
            "bbox": [
                800.7943115234375,
                413.72052001953125,
                1021.093994140625,
                854.9583129882812,
                1.0,
                1.0,
                0.0
            ],
            "personID": 0,
            "keypoints": [
                [
                    801.7837524414062,
                    490.70733642578125,
                    0.8668935298919678
                ],
                [
                    881.0686950683594,
                    504.4960021972656,
                    0.8163881301879883
                ],
                [
                    923.5838012695312,
                    499.8997802734375,
                    0.918316125869751
                ],
                [
                    964.9498291015625,
                    490.70733642578125,
                    0.8441162109375
                ],
                [
                    1010.912109375,
                    472.3224182128906,
                    0.9322590827941895
                ],
                [
                    838.5535888671875,
                    509.09222412109375,
                    0.8163881301879883
                ],
                [
                    884.515869140625,
                    481.5148620605469,
                    0.8024205565452576
                ],
                [
                    941.9686889648438,
                    449.3412780761719,
                    0.7158295512199402
                ],
                [
                    961.5026245117188,
                    627.445068359375,
                    0.7136512994766235
                ],
                [
                    985.6328125,
                    628.5941162109375,
                    0.7136512994766235
                ],
                [
                    900.6026611328125,
                    699.8356323242188,
                    0.8473508358001709
                ],
                [
                    928.1799926757812,
                    803.250732421875,
                    0.8550420999526978
                ],
                [
                    937.3724365234375,
                    626.2960205078125,
                    0.7203174829483032
                ],
                [
                    859.236572265625,
                    699.8356323242188,
                    0.919703483581543
                ],
                [
                    896.0064086914062,
                    814.7413330078125,
                    0.8533783555030823
                ],
                [
                    0.0,
                    0.0,
                    0.0
                ],
                [
                    0.0,
                    0.0,
                    0.0
                ],
                [
                    0.0,
                    0.0,
                    0.0
                ],
                [
                    0.0,
                    0.0,
                    0.0
                ],
                [
                    0.0,
                    0.0,
                    0.0
                ],
                [
                    0.0,
                    0.0,
                    0.0
                ],
                [
                    0.0,
                    0.0,
                    0.0
                ],
                [
                    0.0,
                    0.0,
                    0.0
                ],
                [
                    0.0,
                    0.0,
                    0.0
                ],
                [
                    0.0,
                    0.0,
                    0.0
                ]
            ],
            "isKeyframe": true,
            "area": 194690.7899439335
        },
        {
            "bbox": [
                86.1493911743164,
                416.40179443359375,
                246.46298217773438,
                717.7373046875,
                1.0,
                1.0,
                0.0
            ],
            "personID": 1,
            "keypoints": [
                [
                    228.29969787597656,
                    470.54803466796875,
                    0.9197859168052673
                ],
                [
                    196.12583923339844,
                    481.53424072265625,
                    0.7861471772193909
                ],
                [
                    160.81307983398438,
                    479.96478271484375,
                    0.7861471772193909
                ],
                [
                    116.86832427978516,
                    450.1451110839844,
                    0.7945079803466797
                ],
                [
                    88.61811828613281,
                    425.0338134765625,
                    0.7822895646095276
                ],
                [
                    231.4385986328125,
                    483.10369873046875,
                    0.8847339749336243
                ],
                [
                    200.0494842529297,
                    468.97857666015625,
                    0.475909948348999
                ],
                [
                    160.81307983398438,
                    445.4367370605469,
                    0.9306471943855286
                ],
                [
                    164.73672485351562,
                    562.3612060546875,
                    0.7824990153312683
                ],
                [
                    141.9796142578125,
                    563.1459350585938,
                    0.7824990153312683
                ],
                [
                    179.6465606689453,
                    608.66015625,
                    0.912226676940918
                ],
                [
                    170.22982788085938,
                    688.702392578125,
                    0.8117803931236267
                ],
                [
                    187.49383544921875,
                    561.5764770507812,
                    0.8113511800765991
                ],
                [
                    215.74404907226562,
                    610.2296142578125,
                    0.8998054265975952
                ],
                [
                    200.0494842529297,
                    680.8551025390625,
                    0.863495945930481
                ],
                [
                    0.0,
                    0.0,
                    0.0
                ],
                [
                    0.0,
                    0.0,
                    0.0
                ],
                [
                    0.0,
                    0.0,
                    0.0
                ],
                [
                    0.0,
                    0.0,
                    0.0
                ],
                [
                    0.0,
                    0.0,
                    0.0
                ],
                [
                    0.0,
                    0.0,
                    0.0
                ],
                [
                    0.0,
                    0.0,
                    0.0
                ],
                [
                    0.0,
                    0.0,
                    0.0
                ],
                [
                    0.0,
                    0.0,
                    0.0
                ],
                [
                    0.0,
                    0.0,
                    0.0
                ]
            ],
            "isKeyframe": true,
            "area": 90803.08973998204
        }
    ],
    "isKeyframe": false
}