{
    "filename": "images/demo_H2FNV1/000041.jpg",
    "height": 1080,
    "width": 1920,
    "annots": [
        {
            "bbox": [
                811.1066284179688,
                308.73236083984375,
                965.34033203125,
                862.3049926757812,
                1.0,
                1.0,
                0.0
            ],
            "personID": 0,
            "keypoints": [
                [
                    820.468505859375,
                    382.25372314453125,
                    0.945106029510498
                ],
                [
                    881.0155334472656,
                    418.29359436035156,
                    0.8686814308166504
                ],
                [
                    915.6138305664062,
                    413.96881103515625,
                    0.8933978080749512
                ],
                [
                    915.6138305664062,
                    497.58135986328125,
                    0.5981351733207703
                ],
                [
                    866.599609375,
                    578.3106689453125,
                    0.49736288189888
                ],
                [
                    846.417236328125,
                    422.6183776855469,
                    0.8686814308166504
                ],
                [
                    832.0012817382812,
                    523.5300903320312,
                    0.9025186896324158
                ],
                [
                    829.1181030273438,
                    598.4930419921875,
                    0.8954225778579712
                ],
                [
                    917.055419921875,
                    563.8947448730469,
                    0.7571120858192444
                ],
                [
                    941.5625610351562,
                    558.1283569335938,
                    0.7571120858192444
                ],
                [
                    924.2633666992188,
                    693.6383666992188,
                    0.9121144413948059
                ],
                [
                    927.1466064453125,
                    803.1995849609375,
                    0.8742806315422058
                ],
                [
                    892.5482788085938,
                    569.6611328125,
                    0.7586303353309631
                ],
                [
                    883.8987426757812,
                    702.2879028320312,
                    0.9001262784004211
                ],
                [
                    892.5482788085938,
                    811.8491821289062,
                    0.8618967533111572
                ],
                [
                    0.0,
                    0.0,
                    0.0
                ],
                [
                    0.0,
                    0.0,
                    0.0
                ],
                [
                    0.0,
                    0.0,
                    0.0
                ],
                [
                    0.0,
                    0.0,
                    0.0
                ],
                [
                    0.0,
                    0.0,
                    0.0
                ],
                [
                    0.0,
                    0.0,
                    0.0
                ],
                [
                    0.0,
                    0.0,
                    0.0
                ],
                [
                    0.0,
                    0.0,
                    0.0
                ],
                [
                    0.0,
                    0.0,
                    0.0
                ],
                [
                    0.0,
                    0.0,
                    0.0
                ]
            ],
            "isKeyframe": true,
            "area": 306442.6587177664
        },
        {
            "bbox": [
                106.57157897949219,
                329.4756774902344,
                269.8392028808594,
                721.1891479492188,
                1.0,
                1.0,
                0.0
            ],
            "personID": 1,
            "keypoints": [
                [
                    197.38616943359375,
                    389.6607971191406,
                    0.9587000012397766
                ],
                [
                    176.98442840576172,
                    421.28350830078125,
                    0.8576990962028503
                ],
                [
                    142.3014678955078,
                    424.3437805175781,
                    0.8576990962028503
                ],
                [
                    125.98006439208984,
                    487.58917236328125,
                    0.8921093940734863
                ],
                [
                    123.93989562988281,
                    538.593505859375,
                    0.8099074363708496
                ],
                [
                    211.66738891601562,
                    418.2232360839844,
                    0.901383101940155
                ],
                [
                    234.1092987060547,
                    471.2677917480469,
                    0.9258058667182922
                ],
                [
                    256.55120849609375,
                    518.1917724609375,
                    0.871701180934906
                ],
                [
                    178.0045166015625,
                    531.4529418945312,
                    0.812613308429718
                ],
                [
                    156.5826873779297,
                    530.432861328125,
                    0.812613308429718
                ],
                [
                    160.66302490234375,
                    618.1603393554688,
                    0.8594133257865906
                ],
                [
                    166.78355407714844,
                    689.56640625,
                    0.8419507145881653
                ],
                [
                    199.4263458251953,
                    532.4730224609375,
                    0.8375747799873352
                ],
                [
                    197.38616943359375,
                    614.0799560546875,
                    0.8801988959312439
                ],
                [
                    197.38616943359375,
                    681.4057006835938,
                    0.8546695709228516
                ],
                [
                    0.0,
                    0.0,
                    0.0
                ],
                [
                    0.0,
                    0.0,
                    0.0
                ],
                [
                    0.0,
                    0.0,
                    0.0
                ],
                [
                    0.0,
                    0.0,
                    0.0
                ],
                [
                    0.0,
                    0.0,
                    0.0
                ],
                [
                    0.0,
                    0.0,
                    0.0
                ],
                [
                    0.0,
                    0.0,
                    0.0
                ],
                [
                    0.0,
                    0.0,
                    0.0
                ],
                [
                    0.0,
                    0.0,
                    0.0
                ],
                [
                    0.0,
                    0.0,
                    0.0
                ]
            ],
            "isKeyframe": true,
            "area": 153439.44293902162
        }
    ],
    "isKeyframe": false
}