{
    "filename": "images/demo_H2FNV1/000091.jpg",
    "height": 1080,
    "width": 1920,
    "annots": [
        {
            "bbox": [
                823.3676147460938,
                460.2508544921875,
                1005.7825927734375,
                851.0003662109375,
                1.0,
                1.0,
                0.0
            ],
            "personID": 0,
            "keypoints": [
                [
                    832.1513671875,
                    514.1824340820312,
                    0.9096993803977966
                ],
                [
                    889.1356506347656,
                    565.061279296875,
                    0.7218120098114014
                ],
                [
                    921.6981201171875,
                    556.920654296875,
                    0.7218120098114014
                ],
                [
                    990.893310546875,
                    626.1159057617188,
                    0.8152313828468323
                ],
                [
                    1037.701904296875,
                    668.8541259765625,
                    0.761394202709198
                ],
                [
                    856.5731811523438,
                    573.201904296875,
                    0.8465865850448608
                ],
                [
                    885.0653686523438,
                    640.3619384765625,
                    0.9129582047462463
                ],
                [
                    921.6981201171875,
                    705.4868774414062,
                    0.7410327792167664
                ],
                [
                    973.5945129394531,
                    691.2407836914062,
                    0.7150960564613342
                ],
                [
                    990.893310546875,
                    689.2056274414062,
                    0.8228366374969482
                ],
                [
                    893.2059326171875,
                    699.3814086914062,
                    0.6464012861251831
                ],
                [
                    931.8739013671875,
                    803.1742553710938,
                    0.8162676692008972
                ],
                [
                    956.2957153320312,
                    693.2759399414062,
                    0.7150960564613342
                ],
                [
                    846.3973999023438,
                    703.4517211914062,
                    0.8741796612739563
                ],
                [
                    895.2410888671875,
                    811.3148803710938,
                    0.7790079712867737
                ],
                [
                    0.0,
                    0.0,
                    0.0
                ],
                [
                    0.0,
                    0.0,
                    0.0
                ],
                [
                    0.0,
                    0.0,
                    0.0
                ],
                [
                    0.0,
                    0.0,
                    0.0
                ],
                [
                    0.0,
                    0.0,
                    0.0
                ],
                [
                    0.0,
                    0.0,
                    0.0
                ],
                [
                    0.0,
                    0.0,
                    0.0
                ],
                [
                    0.0,
                    0.0,
                    0.0
                ],
                [
                    0.0,
                    0.0,
                    0.0
                ],
                [
                    0.0,
                    0.0,
                    0.0
                ]
            ],
            "isKeyframe": true,
            "area": 152685.18090844154
        },
        {
            "bbox": [
                92.6719741821289,
                446.34771728515625,
                254.63473510742188,
                724.586669921875,
                1.0,
                1.0,
                0.0
            ],
            "personID": 1,
            "keypoints": [
                [
                    222.2002410888672,
                    481.8521423339844,
                    0.9599143862724304
                ],
                [
                    199.01366424560547,
                    524.6023864746094,
                    0.6882460117340088
                ],
                [
                    162.78463745117188,
                    525.3269653320312,
                    0.6882460117340088
                ],
                [
                    120.75897216796875,
                    563.0051879882812,
                    0.8881559371948242
                ],
                [
                    88.87742614746094,
                    600.683349609375,
                    0.8747243285179138
                ],
                [
                    235.24269104003906,
                    523.8778076171875,
                    0.876926839351654
                ],
                [
                    209.1577911376953,
                    567.3526611328125,
                    0.5020803213119507
                ],
                [
                    139.5980682373047,
                    538.3694458007812,
                    0.48352178931236267
                ],
                [
                    172.92876434326172,
                    593.4375610351562,
                    0.6962409615516663
                ],
                [
                    149.7421875,
                    594.88671875,
                    0.6962409615516663
                ],
                [
                    196.11534118652344,
                    619.5224609375,
                    0.9023419618606567
                ],
                [
                    178.7254180908203,
                    690.5313720703125,
                    0.8123390674591064
                ],
                [
                    196.11534118652344,
                    591.9884033203125,
                    0.790108323097229
                ],
                [
                    239.59017944335938,
                    616.6241455078125,
                    0.8907958269119263
                ],
                [
                    206.2594757080078,
                    683.2855224609375,
                    0.8071720600128174
                ],
                [
                    0.0,
                    0.0,
                    0.0
                ],
                [
                    0.0,
                    0.0,
                    0.0
                ],
                [
                    0.0,
                    0.0,
                    0.0
                ],
                [
                    0.0,
                    0.0,
                    0.0
                ],
                [
                    0.0,
                    0.0,
                    0.0
                ],
                [
                    0.0,
                    0.0,
                    0.0
                ],
                [
                    0.0,
                    0.0,
                    0.0
                ],
                [
                    0.0,
                    0.0,
                    0.0
                ],
                [
                    0.0,
                    0.0,
                    0.0
                ],
                [
                    0.0,
                    0.0,
                    0.0
                ]
            ],
            "isKeyframe": true,
            "area": 77416.91476437822
        }
    ],
    "isKeyframe": false
}