{
    "filename": "images/demo_H2FNV1/000075.jpg",
    "height": 1080,
    "width": 1920,
    "annots": [
        {
            "bbox": [
                806.578369140625,
                455.51849365234375,
                1012.2384643554688,
                854.3759765625,
                1.0,
                1.0,
                0.0
            ],
            "personID": 0,
            "keypoints": [
                [
                    810.7327880859375,
                    518.878662109375,
                    0.9271489977836609
                ],
                [
                    882.4024658203125,
                    532.3816833496094,
                    0.814201295375824
                ],
                [
                    922.9114379882812,
                    527.188232421875,
                    0.8517576456069946
                ],
                [
                    970.6912231445312,
                    516.8013305664062,
                    0.855718195438385
                ],
                [
                    1018.4710083007812,
                    498.1048583984375,
                    0.8836303949356079
                ],
                [
                    841.8934936523438,
                    537.5751342773438,
                    0.814201295375824
                ],
                [
                    881.36376953125,
                    516.8013305664062,
                    1.0569981336593628
                ],
                [
                    935.375732421875,
                    481.4858093261719,
                    0.882081925868988
                ],
                [
                    967.5751647949219,
                    657.024658203125,
                    0.650874674320221
                ],
                [
                    989.3876953125,
                    655.9859619140625,
                    0.6839370131492615
                ],
                [
                    897.9828491210938,
                    701.6883544921875,
                    0.7476915717124939
                ],
                [
                    929.1435546875,
                    805.5574951171875,
                    0.841219425201416
                ],
                [
                    945.7626342773438,
                    658.0633544921875,
                    0.650874674320221
                ],
                [
                    852.2804565429688,
                    701.6883544921875,
                    0.88093501329422
                ],
                [
                    895.9054565429688,
                    813.8670654296875,
                    0.8175155520439148
                ],
                [
                    0.0,
                    0.0,
                    0.0
                ],
                [
                    0.0,
                    0.0,
                    0.0
                ],
                [
                    0.0,
                    0.0,
                    0.0
                ],
                [
                    0.0,
                    0.0,
                    0.0
                ],
                [
                    0.0,
                    0.0,
                    0.0
                ],
                [
                    0.0,
                    0.0,
                    0.0
                ],
                [
                    0.0,
                    0.0,
                    0.0
                ],
                [
                    0.0,
                    0.0,
                    0.0
                ],
                [
                    0.0,
                    0.0,
                    0.0
                ],
                [
                    0.0,
                    0.0,
                    0.0
                ]
            ],
            "isKeyframe": true,
            "area": 159087.29167342559
        },
        {
            "bbox": [
                88.55964660644531,
                426.82781982421875,
                248.14208984375,
                720.197021484375,
                1.0,
                1.0,
                0.0
            ],
            "personID": 1,
            "keypoints": [
                [
                    230.23342895507812,
                    490.2383728027344,
                    0.9306931495666504
                ],
                [
                    196.6182098388672,
                    503.22607421875,
                    0.8071249723434448
                ],
                [
                    159.94705200195312,
                    503.99005126953125,
                    0.8071249723434448
                ],
                [
                    120.219970703125,
                    478.0146484375,
                    0.8663111329078674
                ],
                [
                    86.60475158691406,
                    450.51129150390625,
                    0.692054808139801
                ],
                [
                    233.28936767578125,
                    502.46209716796875,
                    0.8667606711387634
                ],
                [
                    201.2021026611328,
                    490.2383728027344,
                    0.6205859184265137
                ],
                [
                    169.11483764648438,
                    464.2629699707031,
                    0.8809524774551392
                ],
                [
                    162.23899841308594,
                    578.0963439941406,
                    0.7942759990692139
                ],
                [
                    140.08351135253906,
                    578.8603515625,
                    0.7942759990692139
                ],
                [
                    182.8665313720703,
                    614.0035400390625,
                    0.900330126285553
                ],
                [
                    172.1707763671875,
                    688.873779296875,
                    0.829467236995697
                ],
                [
                    184.3944854736328,
                    577.3323364257812,
                    0.8290206789970398
                ],
                [
                    222.59361267089844,
                    610.9475708007812,
                    0.8862810730934143
                ],
                [
                    202.73007202148438,
                    681.2339477539062,
                    0.8346737027168274
                ],
                [
                    0.0,
                    0.0,
                    0.0
                ],
                [
                    0.0,
                    0.0,
                    0.0
                ],
                [
                    0.0,
                    0.0,
                    0.0
                ],
                [
                    0.0,
                    0.0,
                    0.0
                ],
                [
                    0.0,
                    0.0,
                    0.0
                ],
                [
                    0.0,
                    0.0,
                    0.0
                ],
                [
                    0.0,
                    0.0,
                    0.0
                ],
                [
                    0.0,
                    0.0,
                    0.0
                ],
                [
                    0.0,
                    0.0,
                    0.0
                ],
                [
                    0.0,
                    0.0,
                    0.0
                ]
            ],
            "isKeyframe": true,
            "area": 86065.48848271742
        }
    ],
    "isKeyframe": false
}