{
    "filename": "images/demo_H2FNV1/000038.jpg",
    "height": 1080,
    "width": 1920,
    "annots": [
        {
            "bbox": [
                757,
                298.5307922363281,
                951.9176635742188,
                854,
                1.0,
                1.0,
                0.0
            ],
            "personID": 0,
            "keypoints": [
                [
                    832.4194946289062,
                    375.9497985839844,
                    0.9469284415245056
                ],
                [
                    886.4667358398438,
                    416.8504180908203,
                    0.8550152778625488
                ],
                [
                    922.9851684570312,
                    411.0074768066406,
                    0.9410958290100098
                ],
                [
                    911.2992553710938,
                    489.88726806640625,
                    0.636957585811615
                ],
                [
                    873.320068359375,
                    554.15966796875,
                    0.4805677831172943
                ],
                [
                    849.9483032226562,
                    422.693359375,
                    0.8550152778625488
                ],
                [
                    814.890625,
                    507.4161071777344,
                    0.8970139622688293
                ],
                [
                    785.6759033203125,
                    577.5314331054688,
                    0.9237657785415649
                ],
                [
                    911.2992553710938,
                    568.7670288085938,
                    0.7726951837539673
                ],
                [
                    934.6710205078125,
                    565.8455810546875,
                    0.7726951837539673
                ],
                [
                    925.9066162109375,
                    691.4689331054688,
                    0.8854589462280273
                ],
                [
                    925.9066162109375,
                    802.48486328125,
                    0.9087940454483032
                ],
                [
                    887.927490234375,
                    571.6884765625,
                    0.7889755368232727
                ],
                [
                    882.0845336914062,
                    700.2333374023438,
                    0.9072446823120117
                ],
                [
                    890.8489379882812,
                    814.1707763671875,
                    0.8733543753623962
                ],
                [
                    0.0,
                    0.0,
                    0.0
                ],
                [
                    0.0,
                    0.0,
                    0.0
                ],
                [
                    0.0,
                    0.0,
                    0.0
                ],
                [
                    0.0,
                    0.0,
                    0.0
                ],
                [
                    0.0,
                    0.0,
                    0.0
                ],
                [
                    0.0,
                    0.0,
                    0.0
                ],
                [
                    0.0,
                    0.0,
                    0.0
                ],
                [
                    0.0,
                    0.0,
                    0.0
                ],
                [
                    0.0,
                    0.0,
                    0.0
                ],
                [
                    0.0,
                    0.0,
                    0.0
                ]
            ],
            "isKeyframe": true,
            "area": 314634.47964102123
        },
        {
            "bbox": [
                114.73902130126953,
                325.8828430175781,
                291.1851501464844,
                716.9487915039062,
                1.0,
                1.0,
                0.0
            ],
            "personID": 1,
            "keypoints": [
                [
                    191.7596893310547,
                    383.9317321777344,
                    0.9679791927337646
                ],
                [
                    172.41007232666016,
                    416.5205383300781,
                    0.8758119344711304
                ],
                [
                    138.80284118652344,
                    420.5941467285156,
                    0.8758119344711304
                ],
                [
                    136.7660369873047,
                    477.6246032714844,
                    0.8700175881385803
                ],
                [
                    138.80284118652344,
                    528.5446166992188,
                    0.8302369117736816
                ],
                [
                    206.01730346679688,
                    412.4469299316406,
                    0.9017241597175598
                ],
                [
                    242.6797332763672,
                    461.3301696777344,
                    0.8884559869766235
                ],
                [
                    271.1949462890625,
                    506.13983154296875,
                    0.8833499550819397
                ],
                [
                    179.53887939453125,
                    529.5630187988281,
                    0.8372963666915894
                ],
                [
                    157.13406372070312,
                    528.5446166992188,
                    0.8372963666915894
                ],
                [
                    157.13406372070312,
                    614.09033203125,
                    0.8933255672454834
                ],
                [
                    163.2444610595703,
                    687.4151611328125,
                    0.8072678446769714
                ],
                [
                    201.94369506835938,
                    530.5814208984375,
                    0.8682873249053955
                ],
                [
                    195.8332977294922,
                    612.0535278320312,
                    0.8724722862243652
                ],
                [
                    197.87008666992188,
                    683.341552734375,
                    0.86650151014328
                ],
                [
                    0.0,
                    0.0,
                    0.0
                ],
                [
                    0.0,
                    0.0,
                    0.0
                ],
                [
                    0.0,
                    0.0,
                    0.0
                ],
                [
                    0.0,
                    0.0,
                    0.0
                ],
                [
                    0.0,
                    0.0,
                    0.0
                ],
                [
                    0.0,
                    0.0,
                    0.0
                ],
                [
                    0.0,
                    0.0,
                    0.0
                ],
                [
                    0.0,
                    0.0,
                    0.0
                ],
                [
                    0.0,
                    0.0,
                    0.0
                ],
                [
                    0.0,
                    0.0,
                    0.0
                ]
            ],
            "isKeyframe": true,
            "area": 152932.57606551144
        }
    ],
    "isKeyframe": false
}