{
    "filename": "images/demo_H2FNV1/000050.jpg",
    "height": 1080,
    "width": 1920,
    "annots": [
        {
            "bbox": [
                805.6908569335938,
                374.35552978515625,
                979.2860717773438,
                855.6616821289062,
                1.0,
                1.0,
                0.0
            ],
            "personID": 0,
            "keypoints": [
                [
                    803.4969482421875,
                    415.7177734375,
                    0.9305921792984009
                ],
                [
                    871.1806335449219,
                    445.7994079589844,
                    0.8394474983215332
                ],
                [
                    908.7826538085938,
                    440.7857971191406,
                    0.8394474983215332
                ],
                [
                    958.9187622070312,
                    495.9354553222656,
                    0.9010353684425354
                ],
                [
                    1014.0684204101562,
                    551.0851440429688,
                    0.894646406173706
                ],
                [
                    833.57861328125,
                    450.8130187988281,
                    0.8744804859161377
                ],
                [
                    873.6874389648438,
                    505.9626770019531,
                    0.9107357859611511
                ],
                [
                    923.823486328125,
                    563.619140625,
                    0.8010726571083069
                ],
                [
                    935.1040954589844,
                    568.6327514648438,
                    0.7651589512825012
                ],
                [
                    961.425537109375,
                    568.6327514648438,
                    0.8261029124259949
                ],
                [
                    916.3031005859375,
                    693.972900390625,
                    0.9055423736572266
                ],
                [
                    926.330322265625,
                    806.779052734375,
                    0.8934437036514282
                ],
                [
                    908.7826538085938,
                    568.6327514648438,
                    0.7651589512825012
                ],
                [
                    873.6874389648438,
                    701.4932861328125,
                    0.9333153367042542
                ],
                [
                    891.2350463867188,
                    814.2994384765625,
                    0.8616626858711243
                ],
                [
                    0.0,
                    0.0,
                    0.0
                ],
                [
                    0.0,
                    0.0,
                    0.0
                ],
                [
                    0.0,
                    0.0,
                    0.0
                ],
                [
                    0.0,
                    0.0,
                    0.0
                ],
                [
                    0.0,
                    0.0,
                    0.0
                ],
                [
                    0.0,
                    0.0,
                    0.0
                ],
                [
                    0.0,
                    0.0,
                    0.0
                ],
                [
                    0.0,
                    0.0,
                    0.0
                ],
                [
                    0.0,
                    0.0,
                    0.0
                ],
                [
                    0.0,
                    0.0,
                    0.0
                ]
            ],
            "isKeyframe": true,
            "area": 231655.61228394508
        },
        {
            "bbox": [
                63.30394744873047,
                359.1280517578125,
                242.96084594726562,
                724.3711547851562,
                1.0,
                1.0,
                0.0
            ],
            "personID": 1,
            "keypoints": [
                [
                    214.9573974609375,
                    415.24615478515625,
                    0.9655880331993103
                ],
                [
                    189.27623748779297,
                    439.0249938964844,
                    0.8437459468841553
                ],
                [
                    154.0835418701172,
                    438.0738525390625,
                    0.8437459468841553
                ],
                [
                    114.13507080078125,
                    470.4130859375,
                    0.9316638708114624
                ],
                [
                    81.79582977294922,
                    506.55694580078125,
                    0.930499792098999
                ],
                [
                    224.46893310546875,
                    439.97613525390625,
                    0.9040300250053406
                ],
                [
                    207.34817504882812,
                    487.5338439941406,
                    0.8071905970573425
                ],
                [
                    192.12969970703125,
                    517.9707641601562,
                    0.5492172837257385
                ],
                [
                    169.302001953125,
                    533.1892700195312,
                    0.81954425573349
                ],
                [
                    146.47430419921875,
                    533.1892700195312,
                    0.81954425573349
                ],
                [
                    165.4973907470703,
                    611.1838989257812,
                    0.8655732274055481
                ],
                [
                    167.39968872070312,
                    692.983154296875,
                    0.8026716709136963
                ],
                [
                    192.12969970703125,
                    533.1892700195312,
                    0.8414492607116699
                ],
                [
                    203.54354858398438,
                    607.3792724609375,
                    0.8706724047660828
                ],
                [
                    195.934326171875,
                    681.5692749023438,
                    0.8414008617401123
                ],
                [
                    0.0,
                    0.0,
                    0.0
                ],
                [
                    0.0,
                    0.0,
                    0.0
                ],
                [
                    0.0,
                    0.0,
                    0.0
                ],
                [
                    0.0,
                    0.0,
                    0.0
                ],
                [
                    0.0,
                    0.0,
                    0.0
                ],
                [
                    0.0,
                    0.0,
                    0.0
                ],
                [
                    0.0,
                    0.0,
                    0.0
                ],
                [
                    0.0,
                    0.0,
                    0.0
                ],
                [
                    0.0,
                    0.0,
                    0.0
                ],
                [
                    0.0,
                    0.0,
                    0.0
                ]
            ],
            "isKeyframe": true,
            "area": 133402.52430904284
        }
    ],
    "isKeyframe": false
}