{
    "filename": "images/demo_H2FNV1/000040.jpg",
    "height": 1080,
    "width": 1920,
    "annots": [
        {
            "bbox": [
                811.557373046875,
                309.5272216796875,
                965.4049682617188,
                863.5595092773438,
                1.0,
                1.0,
                0.0
            ],
            "personID": 0,
            "keypoints": [
                [
                    820.6699829101562,
                    383.109619140625,
                    0.9497933387756348
                ],
                [
                    881.2672119140625,
                    419.17942810058594,
                    0.8620113730430603
                ],
                [
                    915.8942260742188,
                    414.8510437011719,
                    0.8961096405982971
                ],
                [
                    915.8942260742188,
                    498.53302001953125,
                    0.5842410326004028
                ],
                [
                    866.8392944335938,
                    579.329345703125,
                    0.49525755643844604
                ],
                [
                    846.6401977539062,
                    423.5078125,
                    0.8620113730430603
                ],
                [
                    832.2122802734375,
                    521.61767578125,
                    0.9048944115638733
                ],
                [
                    829.3267211914062,
                    599.5284423828125,
                    0.8930914998054504
                ],
                [
                    917.3370361328125,
                    564.9014587402344,
                    0.7597858905792236
                ],
                [
                    941.864501953125,
                    559.1303100585938,
                    0.7662566304206848
                ],
                [
                    924.551025390625,
                    694.7527465820312,
                    0.9078481197357178
                ],
                [
                    927.4365844726562,
                    804.4049682617188,
                    0.8546877503395081
                ],
                [
                    892.8095703125,
                    570.672607421875,
                    0.7597858905792236
                ],
                [
                    884.15283203125,
                    700.52392578125,
                    0.9009934067726135
                ],
                [
                    892.8095703125,
                    813.0617065429688,
                    0.8643336892127991
                ],
                [
                    0.0,
                    0.0,
                    0.0
                ],
                [
                    0.0,
                    0.0,
                    0.0
                ],
                [
                    0.0,
                    0.0,
                    0.0
                ],
                [
                    0.0,
                    0.0,
                    0.0
                ],
                [
                    0.0,
                    0.0,
                    0.0
                ],
                [
                    0.0,
                    0.0,
                    0.0
                ],
                [
                    0.0,
                    0.0,
                    0.0
                ],
                [
                    0.0,
                    0.0,
                    0.0
                ],
                [
                    0.0,
                    0.0,
                    0.0
                ],
                [
                    0.0,
                    0.0,
                    0.0
                ]
            ],
            "isKeyframe": true,
            "area": 306951.7757006921
        },
        {
            "bbox": [
                106.32675170898438,
                329.7550964355469,
                270.1707763671875,
                721.4761962890625,
                1.0,
                1.0,
                0.0
            ],
            "personID": 1,
            "keypoints": [
                [
                    197.4297332763672,
                    387.9012145996094,
                    0.9660005569458008
                ],
                [
                    177.027587890625,
                    421.5647430419922,
                    0.8582296371459961
                ],
                [
                    142.3439483642578,
                    424.62506103515625,
                    0.8582296371459961
                ],
                [
                    126.02223205566406,
                    487.8717041015625,
                    0.8868445158004761
                ],
                [
                    123.98201751708984,
                    538.8770751953125,
                    0.8109477162361145
                ],
                [
                    211.7112274169922,
                    418.5044250488281,
                    0.9011816382408142
                ],
                [
                    234.15357971191406,
                    469.509765625,
                    0.9227318167686462
                ],
                [
                    256.595947265625,
                    518.4749145507812,
                    0.8701781630516052
                ],
                [
                    178.04769134521484,
                    531.7362976074219,
                    0.8174943327903748
                ],
                [
                    156.6254425048828,
                    530.7161865234375,
                    0.8174943327903748
                ],
                [
                    160.70587158203125,
                    616.4052124023438,
                    0.8549277186393738
                ],
                [
                    166.82652282714844,
                    689.8529052734375,
                    0.8407933115959167
                ],
                [
                    199.46994018554688,
                    532.7564086914062,
                    0.8359213471412659
                ],
                [
                    197.4297332763672,
                    612.3247680664062,
                    0.8872780799865723
                ],
                [
                    197.4297332763672,
                    681.6920166015625,
                    0.8638073801994324
                ],
                [
                    0.0,
                    0.0,
                    0.0
                ],
                [
                    0.0,
                    0.0,
                    0.0
                ],
                [
                    0.0,
                    0.0,
                    0.0
                ],
                [
                    0.0,
                    0.0,
                    0.0
                ],
                [
                    0.0,
                    0.0,
                    0.0
                ],
                [
                    0.0,
                    0.0,
                    0.0
                ],
                [
                    0.0,
                    0.0,
                    0.0
                ],
                [
                    0.0,
                    0.0,
                    0.0
                ],
                [
                    0.0,
                    0.0,
                    0.0
                ],
                [
                    0.0,
                    0.0,
                    0.0
                ]
            ],
            "isKeyframe": true,
            "area": 153445.42007044796
        }
    ],
    "isKeyframe": false
}