{
    "filename": "images/demo_H2FNV1/000051.jpg",
    "height": 1080,
    "width": 1920,
    "annots": [
        {
            "bbox": [
                805.0062866210938,
                373.7218322753906,
                980.0247802734375,
                855.5467529296875,
                1.0,
                1.0,
                0.0
            ],
            "personID": 0,
            "keypoints": [
                [
                    803.4281005859375,
                    417.63818359375,
                    0.9315062165260315
                ],
                [
                    871.1847229003906,
                    445.2427215576172,
                    0.8377851843833923
                ],
                [
                    908.8272705078125,
                    440.2237243652344,
                    0.8377851843833923
                ],
                [
                    959.0173950195312,
                    495.43280029296875,
                    0.895002007484436
                ],
                [
                    1014.2265014648438,
                    553.1514282226562,
                    0.8953932523727417
                ],
                [
                    833.5421752929688,
                    450.26171875,
                    0.8694590926170349
                ],
                [
                    873.6942138671875,
                    507.9803466796875,
                    0.9114027619361877
                ],
                [
                    923.8843383789062,
                    563.189453125,
                    0.8039390444755554
                ],
                [
                    935.1770629882812,
                    569.4631958007812,
                    0.7548469305038452
                ],
                [
                    961.52685546875,
                    568.2084350585938,
                    0.8178175687789917
                ],
                [
                    916.3557739257812,
                    693.6836547851562,
                    0.9107176065444946
                ],
                [
                    926.393798828125,
                    806.6113891601562,
                    0.8929024934768677
                ],
                [
                    908.8272705078125,
                    570.7179565429688,
                    0.7548469305038452
                ],
                [
                    873.6942138671875,
                    701.212158203125,
                    0.9326097965240479
                ],
                [
                    891.2607421875,
                    814.139892578125,
                    0.860334038734436
                ],
                [
                    0.0,
                    0.0,
                    0.0
                ],
                [
                    0.0,
                    0.0,
                    0.0
                ],
                [
                    0.0,
                    0.0,
                    0.0
                ],
                [
                    0.0,
                    0.0,
                    0.0
                ],
                [
                    0.0,
                    0.0,
                    0.0
                ],
                [
                    0.0,
                    0.0,
                    0.0
                ],
                [
                    0.0,
                    0.0,
                    0.0
                ],
                [
                    0.0,
                    0.0,
                    0.0
                ],
                [
                    0.0,
                    0.0,
                    0.0
                ],
                [
                    0.0,
                    0.0,
                    0.0
                ]
            ],
            "isKeyframe": true,
            "area": 232155.25416351948
        },
        {
            "bbox": [
                63.57984924316406,
                358.921875,
                243.05120849609375,
                724.2957153320312,
                1.0,
                1.0,
                0.0
            ],
            "personID": 1,
            "keypoints": [
                [
                    215.16265869140625,
                    415.05999755859375,
                    0.9687807559967041
                ],
                [
                    189.47230529785156,
                    438.8473663330078,
                    0.8461358547210693
                ],
                [
                    154.2670135498047,
                    437.8958740234375,
                    0.8461358547210693
                ],
                [
                    114.30425262451172,
                    470.2466735839844,
                    0.9284566044807434
                ],
                [
                    81.95343780517578,
                    506.4034729003906,
                    0.9333130717277527
                ],
                [
                    224.67759704589844,
                    439.7988586425781,
                    0.9022781848907471
                ],
                [
                    205.64772033691406,
                    487.37359619140625,
                    0.8137081861495972
                ],
                [
                    192.32679748535156,
                    517.8214111328125,
                    0.558976411819458
                ],
                [
                    169.49092864990234,
                    533.0452880859375,
                    0.821291983127594
                ],
                [
                    146.65505981445312,
                    533.0452880859375,
                    0.821291983127594
                ],
                [
                    165.68495178222656,
                    611.06787109375,
                    0.8692577481269836
                ],
                [
                    167.5879364013672,
                    692.8963623046875,
                    0.8015317320823669
                ],
                [
                    192.32679748535156,
                    533.0452880859375,
                    0.8436295986175537
                ],
                [
                    203.74472045898438,
                    607.2619018554688,
                    0.8711110949516296
                ],
                [
                    196.1327667236328,
                    683.3814086914062,
                    0.8413234353065491
                ],
                [
                    0.0,
                    0.0,
                    0.0
                ],
                [
                    0.0,
                    0.0,
                    0.0
                ],
                [
                    0.0,
                    0.0,
                    0.0
                ],
                [
                    0.0,
                    0.0,
                    0.0
                ],
                [
                    0.0,
                    0.0,
                    0.0
                ],
                [
                    0.0,
                    0.0,
                    0.0
                ],
                [
                    0.0,
                    0.0,
                    0.0
                ],
                [
                    0.0,
                    0.0,
                    0.0
                ],
                [
                    0.0,
                    0.0,
                    0.0
                ],
                [
                    0.0,
                    0.0,
                    0.0
                ]
            ],
            "isKeyframe": true,
            "area": 133498.04319897667
        }
    ],
    "isKeyframe": false
}