{
    "filename": "images/demo_H2FNV1/000057.jpg",
    "height": 1080,
    "width": 1920,
    "annots": [
        {
            "bbox": [
                783.9375,
                375.3135070800781,
                996.5905151367188,
                857.9910888671875,
                1.0,
                1.0,
                0.0
            ],
            "personID": 0,
            "keypoints": [
                [
                    798.5050048828125,
                    449.4748840332031,
                    0.9102763533592224
                ],
                [
                    870.1524658203125,
                    469.5864562988281,
                    0.8186379671096802
                ],
                [
                    906.6046752929688,
                    464.5585632324219,
                    0.8186379671096802
                ],
                [
                    956.8836059570312,
                    489.6980285644531,
                    0.8365829586982727
                ],
                [
                    1024.7601318359375,
                    504.7817077636719,
                    0.8739538788795471
                ],
                [
                    833.7002563476562,
                    474.6143493652344,
                    0.8723167777061462
                ],
                [
                    889.007080078125,
                    487.18408203125,
                    0.9299718737602234
                ],
                [
                    951.855712890625,
                    489.6980285644531,
                    0.8153878450393677
                ],
                [
                    945.5708618164062,
                    590.255859375,
                    0.7532361149787903
                ],
                [
                    966.9393920898438,
                    590.255859375,
                    0.7532361149787903
                ],
                [
                    911.632568359375,
                    695.841552734375,
                    0.9325118064880371
                ],
                [
                    929.230224609375,
                    806.4552001953125,
                    0.8952802419662476
                ],
                [
                    924.2023315429688,
                    590.255859375,
                    0.7774206399917603
                ],
                [
                    868.8955078125,
                    693.32763671875,
                    0.9307122230529785
                ],
                [
                    894.0349731445312,
                    813.9970092773438,
                    0.8842010498046875
                ],
                [
                    0.0,
                    0.0,
                    0.0
                ],
                [
                    0.0,
                    0.0,
                    0.0
                ],
                [
                    0.0,
                    0.0,
                    0.0
                ],
                [
                    0.0,
                    0.0,
                    0.0
                ],
                [
                    0.0,
                    0.0,
                    0.0
                ],
                [
                    0.0,
                    0.0,
                    0.0
                ],
                [
                    0.0,
                    0.0,
                    0.0
                ],
                [
                    0.0,
                    0.0,
                    0.0
                ],
                [
                    0.0,
                    0.0,
                    0.0
                ],
                [
                    0.0,
                    0.0,
                    0.0
                ]
            ],
            "isKeyframe": true,
            "area": 232977.64795985166
        },
        {
            "bbox": [
                60.54197311401367,
                387.5392150878906,
                244.1686553955078,
                722.6625366210938,
                1.0,
                1.0,
                0.0
            ],
            "personID": 1,
            "keypoints": [
                [
                    223.04537963867188,
                    440.77496337890625,
                    0.9318342208862305
                ],
                [
                    192.50029754638672,
                    457.3565979003906,
                    0.7931720614433289
                ],
                [
                    158.46434020996094,
                    456.48388671875,
                    0.7931720614433289
                ],
                [
                    111.3376235961914,
                    459.9747619628906,
                    0.8897427320480347
                ],
                [
                    78.17437744140625,
                    465.2110595703125,
                    0.8841730356216431
                ],
                [
                    226.5362548828125,
                    458.22930908203125,
                    0.8909088373184204
                ],
                [
                    189.88214111328125,
                    494.8834228515625,
                    0.6901106834411621
                ],
                [
                    189.88214111328125,
                    536.7738647460938,
                    0.0
                ],
                [
                    164.57335662841797,
                    542.8828430175781,
                    0.8062401413917542
                ],
                [
                    142.75543212890625,
                    543.7555541992188,
                    0.8062401413917542
                ],
                [
                    170.682373046875,
                    610.08203125,
                    0.8594628572463989
                ],
                [
                    165.44607543945312,
                    686.8811645507812,
                    0.7739461660385132
                ],
                [
                    186.3912811279297,
                    542.0101318359375,
                    0.8735305666923523
                ],
                [
                    205.59104919433594,
                    603.100341796875,
                    0.86221843957901
                ],
                [
                    198.60931396484375,
                    681.6448364257812,
                    0.8438901305198669
                ],
                [
                    0.0,
                    0.0,
                    0.0
                ],
                [
                    0.0,
                    0.0,
                    0.0
                ],
                [
                    0.0,
                    0.0,
                    0.0
                ],
                [
                    0.0,
                    0.0,
                    0.0
                ],
                [
                    0.0,
                    0.0,
                    0.0
                ],
                [
                    0.0,
                    0.0,
                    0.0
                ],
                [
                    0.0,
                    0.0,
                    0.0
                ],
                [
                    0.0,
                    0.0,
                    0.0
                ],
                [
                    0.0,
                    0.0,
                    0.0
                ],
                [
                    0.0,
                    0.0,
                    0.0
                ]
            ],
            "isKeyframe": true,
            "area": 112307.64063544665
        }
    ],
    "isKeyframe": false
}