{
    "filename": "images/demo_H2FNV1/000045.jpg",
    "height": 1080,
    "width": 1920,
    "annots": [
        {
            "bbox": [
                802.4738159179688,
                329.69207763671875,
                966.4302368164062,
                860.62060546875,
                1.0,
                1.0,
                0.0
            ],
            "personID": 0,
            "keypoints": [
                [
                    808.4075927734375,
                    400.2060546875,
                    0.9237664341926575
                ],
                [
                    877.5389099121094,
                    429.24119567871094,
                    0.8766371607780457
                ],
                [
                    913.4871826171875,
                    425.09332275390625,
                    0.9006873369216919
                ],
                [
                    913.4871826171875,
                    508.0509033203125,
                    0.5574439167976379
                ],
                [
                    885.8346557617188,
                    588.2432250976562,
                    0.3941657543182373
                ],
                [
                    841.5906372070312,
                    433.3890686035156,
                    0.8766371607780457
                ],
                [
                    855.4168701171875,
                    516.3466796875,
                    0.8878521919250488
                ],
                [
                    880.3041381835938,
                    588.2432250976562,
                    0.9039581418037415
                ],
                [
                    925.9308166503906,
                    566.1212158203125,
                    0.7625312209129333
                ],
                [
                    949.4354858398438,
                    563.35595703125,
                    0.7643569707870483
                ],
                [
                    921.782958984375,
                    696.0880737304688,
                    0.9289336800575256
                ],
                [
                    927.3134155273438,
                    803.9329833984375,
                    0.912367582321167
                ],
                [
                    902.4261474609375,
                    568.886474609375,
                    0.7625312209129333
                ],
                [
                    880.3041381835938,
                    701.6185913085938,
                    0.9198927879333496
                ],
                [
                    891.3651733398438,
                    814.9939575195312,
                    0.89670330286026
                ],
                [
                    0.0,
                    0.0,
                    0.0
                ],
                [
                    0.0,
                    0.0,
                    0.0
                ],
                [
                    0.0,
                    0.0,
                    0.0
                ],
                [
                    0.0,
                    0.0,
                    0.0
                ],
                [
                    0.0,
                    0.0,
                    0.0
                ],
                [
                    0.0,
                    0.0,
                    0.0
                ],
                [
                    0.0,
                    0.0,
                    0.0
                ],
                [
                    0.0,
                    0.0,
                    0.0
                ],
                [
                    0.0,
                    0.0,
                    0.0
                ],
                [
                    0.0,
                    0.0,
                    0.0
                ]
            ],
            "isKeyframe": true,
            "area": 281885.101665888
        },
        {
            "bbox": [
                81.63787078857422,
                349.2879943847656,
                239.12742614746094,
                715.6318969726562,
                1.0,
                1.0,
                0.0
            ],
            "personID": 1,
            "keypoints": [
                [
                    207.12966918945312,
                    399.8511047363281,
                    0.9712462425231934
                ],
                [
                    183.2791519165039,
                    427.51768493652344,
                    0.8564042448997498
                ],
                [
                    149.888427734375,
                    426.56365966796875,
                    0.8564042448997498
                ],
                [
                    115.54369354248047,
                    479.98883056640625,
                    0.9117171764373779
                ],
                [
                    96.4632797241211,
                    531.5059204101562,
                    0.9050272703170776
                ],
                [
                    216.6698760986328,
                    428.4717102050781,
                    0.8756111860275269
                ],
                [
                    224.3020477294922,
                    476.1727600097656,
                    0.9229680895805359
                ],
                [
                    228.1181182861328,
                    518.149658203125,
                    0.9088090658187866
                ],
                [
                    171.83090209960938,
                    529.597900390625,
                    0.8062217831611633
                ],
                [
                    149.888427734375,
                    529.597900390625,
                    0.8062217831611633
                ],
                [
                    161.33668518066406,
                    611.6436767578125,
                    0.8719134330749512
                ],
                [
                    165.1527557373047,
                    691.7813720703125,
                    0.8168709874153137
                ],
                [
                    193.77337646484375,
                    529.597900390625,
                    0.8491404056549072
                ],
                [
                    199.49749755859375,
                    611.6436767578125,
                    0.8917378783226013
                ],
                [
                    197.58946228027344,
                    684.1492309570312,
                    0.8274587392807007
                ],
                [
                    0.0,
                    0.0,
                    0.0
                ],
                [
                    0.0,
                    0.0,
                    0.0
                ],
                [
                    0.0,
                    0.0,
                    0.0
                ],
                [
                    0.0,
                    0.0,
                    0.0
                ],
                [
                    0.0,
                    0.0,
                    0.0
                ],
                [
                    0.0,
                    0.0,
                    0.0
                ],
                [
                    0.0,
                    0.0,
                    0.0
                ],
                [
                    0.0,
                    0.0,
                    0.0
                ],
                [
                    0.0,
                    0.0,
                    0.0
                ],
                [
                    0.0,
                    0.0,
                    0.0
                ]
            ],
            "isKeyframe": true,
            "area": 134207.8549633259
        }
    ],
    "isKeyframe": false
}