{
    "filename": "images/demo_H2FNV1/000076.jpg",
    "height": 1080,
    "width": 1920,
    "annots": [
        {
            "bbox": [
                811.8295288085938,
                467.7208557128906,
                1038.3416748046875,
                850.0114135742188,
                1.0,
                1.0,
                0.0
            ],
            "personID": 0,
            "keypoints": [
                [
                    814.5797119140625,
                    526.458251953125,
                    0.9006247520446777
                ],
                [
                    880.2859191894531,
                    540.3959045410156,
                    0.8058374524116516
                ],
                [
                    920.1078491210938,
                    534.422607421875,
                    0.8368535041809082
                ],
                [
                    975.8585205078125,
                    530.4404296875,
                    0.8380516171455383
                ],
                [
                    1025.635986328125,
                    512.5205688476562,
                    0.8533512949943542
                ],
                [
                    840.4639892578125,
                    546.3692016601562,
                    0.8058374524116516
                ],
                [
                    886.2592163085938,
                    528.4493408203125,
                    0.9547305107116699
                ],
                [
                    936.03662109375,
                    500.573974609375,
                    0.816459059715271
                ],
                [
                    970.8807678222656,
                    662.8483276367188,
                    0.6143530011177063
                ],
                [
                    995.7694702148438,
                    661.852783203125,
                    0.7092249989509583
                ],
                [
                    898.2057495117188,
                    701.6747436523438,
                    0.6841585040092468
                ],
                [
                    930.0632934570312,
                    807.2028198242188,
                    0.8021729588508606
                ],
                [
                    945.9920654296875,
                    663.8438720703125,
                    0.6143530011177063
                ],
                [
                    852.4105224609375,
                    701.6747436523438,
                    0.8971449136734009
                ],
                [
                    896.2146606445312,
                    813.1761474609375,
                    0.801461935043335
                ],
                [
                    0.0,
                    0.0,
                    0.0
                ],
                [
                    0.0,
                    0.0,
                    0.0
                ],
                [
                    0.0,
                    0.0,
                    0.0
                ],
                [
                    0.0,
                    0.0,
                    0.0
                ],
                [
                    0.0,
                    0.0,
                    0.0
                ],
                [
                    0.0,
                    0.0,
                    0.0
                ],
                [
                    0.0,
                    0.0,
                    0.0
                ],
                [
                    0.0,
                    0.0,
                    0.0
                ],
                [
                    0.0,
                    0.0,
                    0.0
                ],
                [
                    0.0,
                    0.0,
                    0.0
                ]
            ],
            "isKeyframe": true,
            "area": 146146.07062992547
        },
        {
            "bbox": [
                91.1081314086914,
                442.3046875,
                248.90875244140625,
                717.9451293945312,
                1.0,
                1.0,
                0.0
            ],
            "personID": 1,
            "keypoints": [
                [
                    231.02261352539062,
                    491.83380126953125,
                    0.949371874332428
                ],
                [
                    199.4388198852539,
                    509.7791290283203,
                    0.7548388242721558
                ],
                [
                    164.9837646484375,
                    509.0613098144531,
                    0.7548388242721558
                ],
                [
                    116.17242431640625,
                    490.3981628417969,
                    0.7452254295349121
                ],
                [
                    78.84611511230469,
                    464.556884765625,
                    0.6786797046661377
                ],
                [
                    233.8938751220703,
                    510.4969482421875,
                    0.844684362411499
                ],
                [
                    200.8744354248047,
                    490.3981628417969,
                    0.5644684433937073
                ],
                [
                    170.7262725830078,
                    476.0419006347656,
                    0.9259474873542786
                ],
                [
                    164.2659454345703,
                    581.5605163574219,
                    0.7717033624649048
                ],
                [
                    142.0137176513672,
                    582.2783203125,
                    0.7717033624649048
                ],
                [
                    183.64691162109375,
                    613.8621215820312,
                    0.8998409509658813
                ],
                [
                    173.59751892089844,
                    688.5147705078125,
                    0.8211451172828674
                ],
                [
                    186.51817321777344,
                    580.8427124023438,
                    0.8252131938934326
                ],
                [
                    225.2801055908203,
                    610.9908447265625,
                    0.9140753746032715
                ],
                [
                    202.31007385253906,
                    678.46533203125,
                    0.818595826625824
                ],
                [
                    0.0,
                    0.0,
                    0.0
                ],
                [
                    0.0,
                    0.0,
                    0.0
                ],
                [
                    0.0,
                    0.0,
                    0.0
                ],
                [
                    0.0,
                    0.0,
                    0.0
                ],
                [
                    0.0,
                    0.0,
                    0.0
                ],
                [
                    0.0,
                    0.0,
                    0.0
                ],
                [
                    0.0,
                    0.0,
                    0.0
                ],
                [
                    0.0,
                    0.0,
                    0.0
                ],
                [
                    0.0,
                    0.0,
                    0.0
                ],
                [
                    0.0,
                    0.0,
                    0.0
                ]
            ],
            "isKeyframe": true,
            "area": 75977.65320781246
        }
    ],
    "isKeyframe": false
}