{
    "filename": "images/demo_H2FNV1/000081.jpg",
    "height": 1080,
    "width": 1920,
    "annots": [
        {
            "bbox": [
                810.5021362304688,
                477.3818054199219,
                1012.875,
                853.0442504882812,
                1.0,
                1.0,
                0.0
            ],
            "personID": 0,
            "keypoints": [
                [
                    818.7512817382812,
                    533.1441650390625,
                    0.8941485285758972
                ],
                [
                    883.3182373046875,
                    557.6013793945312,
                    0.7401849031448364
                ],
                [
                    920.4931640625,
                    550.7533569335938,
                    0.7401849031448364
                ],
                [
                    975.2772827148438,
                    558.5796508789062,
                    0.674252986907959
                ],
                [
                    1041.8009033203125,
                    552.7099609375,
                    0.8121000528335571
                ],
                [
                    846.143310546875,
                    564.4494018554688,
                    0.814129650592804
                ],
                [
                    889.18798828125,
                    566.4059448242188,
                    0.0
                ],
                [
                    943.9721069335938,
                    560.5362548828125,
                    0.3178847134113312
                ],
                [
                    970.3858642578125,
                    680.8656311035156,
                    0.6348869204521179
                ],
                [
                    988.9733276367188,
                    675.9741821289062,
                    0.6348869204521179
                ],
                [
                    900.9274291992188,
                    691.6267700195312,
                    0.6742569208145142
                ],
                [
                    930.2760620117188,
                    807.064697265625,
                    0.7887100577354431
                ],
                [
                    951.7984008789062,
                    685.757080078125,
                    0.6531527042388916
                ],
                [
                    848.0999145507812,
                    703.3662109375,
                    0.9351606965065002
                ],
                [
                    893.1011352539062,
                    814.8909912109375,
                    0.7916005849838257
                ],
                [
                    0.0,
                    0.0,
                    0.0
                ],
                [
                    0.0,
                    0.0,
                    0.0
                ],
                [
                    0.0,
                    0.0,
                    0.0
                ],
                [
                    0.0,
                    0.0,
                    0.0
                ],
                [
                    0.0,
                    0.0,
                    0.0
                ],
                [
                    0.0,
                    0.0,
                    0.0
                ],
                [
                    0.0,
                    0.0,
                    0.0
                ],
                [
                    0.0,
                    0.0,
                    0.0
                ],
                [
                    0.0,
                    0.0,
                    0.0
                ],
                [
                    0.0,
                    0.0,
                    0.0
                ]
            ],
            "isKeyframe": true,
            "area": 141122.27263473812
        },
        {
            "bbox": [
                86.53596496582031,
                455.6537780761719,
                251.02806091308594,
                723.8282470703125,
                1.0,
                1.0,
                0.0
            ],
            "personID": 1,
            "keypoints": [
                [
                    230.93704223632812,
                    494.064208984375,
                    0.956815242767334
                ],
                [
                    200.20870971679688,
                    519.9039306640625,
                    0.6988571286201477
                ],
                [
                    165.2901611328125,
                    521.9990234375,
                    0.6988571286201477
                ],
                [
                    113.61070251464844,
                    516.4120483398438,
                    0.8155264258384705
                ],
                [
                    71.01007080078125,
                    505.9364929199219,
                    0.759742259979248
                ],
                [
                    235.12725830078125,
                    517.808837890625,
                    0.861560046672821
                ],
                [
                    193.22500610351562,
                    541.5534057617188,
                    0.0
                ],
                [
                    200.20870971679688,
                    586.2491455078125,
                    0.0
                ],
                [
                    165.988525390625,
                    590.4393920898438,
                    0.7501331567764282
                ],
                [
                    147.13250732421875,
                    591.8361206054688,
                    0.7736305594444275
                ],
                [
                    187.63803100585938,
                    615.5807495117188,
                    0.9063404202461243
                ],
                [
                    173.6706085205078,
                    689.6080932617188,
                    0.8113304376602173
                ],
                [
                    184.84454345703125,
                    589.0426635742188,
                    0.7501331567764282
                ],
                [
                    229.54029846191406,
                    611.3905029296875,
                    0.9102374315261841
                ],
                [
                    204.39894104003906,
                    681.2276611328125,
                    0.7985466122627258
                ],
                [
                    0.0,
                    0.0,
                    0.0
                ],
                [
                    0.0,
                    0.0,
                    0.0
                ],
                [
                    0.0,
                    0.0,
                    0.0
                ],
                [
                    0.0,
                    0.0,
                    0.0
                ],
                [
                    0.0,
                    0.0,
                    0.0
                ],
                [
                    0.0,
                    0.0,
                    0.0
                ],
                [
                    0.0,
                    0.0,
                    0.0
                ],
                [
                    0.0,
                    0.0,
                    0.0
                ],
                [
                    0.0,
                    0.0,
                    0.0
                ],
                [
                    0.0,
                    0.0,
                    0.0
                ]
            ],
            "isKeyframe": true,
            "area": 71917.54582028929
        }
    ],
    "isKeyframe": false
}