{
    "filename": "images/demo_H2FNV1/000000.jpg",
    "height": 1080,
    "width": 1920,
    "annots": [
        {
            "bbox": [
                782.3505859375,
                211.3462677001953,
                948.7709350585938,
                861.88720703125,
                1.0,
                1.0,
                0.0
            ],
            "personID": 0,
            "keypoints": [
                [
                    846.9254760742188,
                    351.9580078125,
                    0.9087392687797546
                ],
                [
                    880.8078308105469,
                    406.1697540283203,
                    0.8434292674064636
                ],
                [
                    911.3019409179688,
                    412.94622802734375,
                    0.9149384498596191
                ],
                [
                    897.7490234375,
                    335.016845703125,
                    0.7976599931716919
                ],
                [
                    887.5842895507812,
                    257.08746337890625,
                    0.9421208500862122
                ],
                [
                    850.313720703125,
                    399.3932800292969,
                    0.8434292674064636
                ],
                [
                    819.8196411132812,
                    328.2403564453125,
                    0.9825626611709595
                ],
                [
                    809.6549072265625,
                    246.92274475097656,
                    0.9485026597976685
                ],
                [
                    880.807861328125,
                    565.416748046875,
                    0.7874315977096558
                ],
                [
                    901.1372680664062,
                    558.6402587890625,
                    0.8060146570205688
                ],
                [
                    907.9136962890625,
                    694.1696166992188,
                    0.9069570899009705
                ],
                [
                    921.4666748046875,
                    805.9813842773438,
                    0.8774325251579285
                ],
                [
                    860.4784545898438,
                    572.1932373046875,
                    0.7874315977096558
                ],
                [
                    870.6431274414062,
                    704.3343505859375,
                    0.890632688999176
                ],
                [
                    884.1961059570312,
                    819.5343017578125,
                    0.9167924523353577
                ],
                [
                    0.0,
                    0.0,
                    0.0
                ],
                [
                    0.0,
                    0.0,
                    0.0
                ],
                [
                    0.0,
                    0.0,
                    0.0
                ],
                [
                    0.0,
                    0.0,
                    0.0
                ],
                [
                    0.0,
                    0.0,
                    0.0
                ],
                [
                    0.0,
                    0.0,
                    0.0
                ],
                [
                    0.0,
                    0.0,
                    0.0
                ],
                [
                    0.0,
                    0.0,
                    0.0
                ],
                [
                    0.0,
                    0.0,
                    0.0
                ],
                [
                    0.0,
                    0.0,
                    0.0
                ]
            ],
            "isKeyframe": true,
            "area": 423203.513745731
        },
        {
            "bbox": [
                99.57416534423828,
                244.50547790527344,
                236.6859130859375,
                729.72705078125,
                1.0,
                1.0,
                0.0
            ],
            "personID": 1,
            "keypoints": [
                [
                    171.9208221435547,
                    367.0744934082031,
                    0.9610329270362854
                ],
                [
                    165.60284423828125,
                    406.2460174560547,
                    0.8937612175941467
                ],
                [
                    136.54010009765625,
                    412.5639953613281,
                    0.8937612175941467
                ],
                [
                    128.95851135253906,
                    354.4385070800781,
                    0.8561965823173523
                ],
                [
                    123.90411376953125,
                    293.78582763671875,
                    0.925182580947876
                ],
                [
                    194.66558837890625,
                    399.92803955078125,
                    0.9481955766677856
                ],
                [
                    212.35595703125,
                    354.4385070800781,
                    0.9425266981124878
                ],
                [
                    212.35595703125,
                    296.3130187988281,
                    0.9543660879135132
                ],
                [
                    178.2388153076172,
                    527.5513916015625,
                    0.8512951731681824
                ],
                [
                    156.75765991210938,
                    528.8150024414062,
                    0.8512951731681824
                ],
                [
                    154.23045349121094,
                    619.7940063476562,
                    0.9152075052261353
                ],
                [
                    159.28485107421875,
                    690.5554809570312,
                    0.9059048891067505
                ],
                [
                    199.719970703125,
                    526.2877807617188,
                    0.8758098483085632
                ],
                [
                    194.66558837890625,
                    617.266845703125,
                    0.8938435316085815
                ],
                [
                    189.61119079589844,
                    685.5010986328125,
                    0.8845018148422241
                ],
                [
                    0.0,
                    0.0,
                    0.0
                ],
                [
                    0.0,
                    0.0,
                    0.0
                ],
                [
                    0.0,
                    0.0,
                    0.0
                ],
                [
                    0.0,
                    0.0,
                    0.0
                ],
                [
                    0.0,
                    0.0,
                    0.0
                ],
                [
                    0.0,
                    0.0,
                    0.0
                ],
                [
                    0.0,
                    0.0,
                    0.0
                ],
                [
                    0.0,
                    0.0,
                    0.0
                ],
                [
                    0.0,
                    0.0,
                    0.0
                ],
                [
                    0.0,
                    0.0,
                    0.0
                ]
            ],
            "isKeyframe": true,
            "area": 235439.97478423663
        }
    ],
    "isKeyframe": true
}