{
    "filename": "images/demo_H2FNV1/000059.jpg",
    "height": 1080,
    "width": 1920,
    "annots": [
        {
            "bbox": [
                790.3364868164062,
                399.6374816894531,
                1002.2162475585938,
                855.2747192382812,
                1.0,
                1.0,
                0.0
            ],
            "personID": 0,
            "keypoints": [
                [
                    800.1654052734375,
                    457.7787170410156,
                    0.8766829371452332
                ],
                [
                    871.3587036132812,
                    476.7635955810547,
                    0.8443608283996582
                ],
                [
                    909.3284912109375,
                    469.6442565917969,
                    0.8443608283996582
                ],
                [
                    966.2831420898438,
                    488.629150390625,
                    0.8826241493225098
                ],
                [
                    1025.61083984375,
                    491.00225830078125,
                    0.8237835168838501
                ],
                [
                    833.388916015625,
                    483.8829345703125,
                    0.8920297622680664
                ],
                [
                    887.970458984375,
                    479.13671875,
                    1.0024522542953491
                ],
                [
                    956.7907104492188,
                    469.6442565917969,
                    0.8390134572982788
                ],
                [
                    949.6713562011719,
                    597.792236328125,
                    0.729956328868866
                ],
                [
                    971.0293579101562,
                    595.4191284179688,
                    0.729956328868866
                ],
                [
                    914.07470703125,
                    697.462890625,
                    0.8770506381988525
                ],
                [
                    928.3133544921875,
                    806.6259765625,
                    0.8872839212417603
                ],
                [
                    928.3133544921875,
                    600.1653442382812,
                    0.7825258374214172
                ],
                [
                    864.2393798828125,
                    697.462890625,
                    0.9281565546989441
                ],
                [
                    892.7166748046875,
                    816.118408203125,
                    0.8550530672073364
                ],
                [
                    0.0,
                    0.0,
                    0.0
                ],
                [
                    0.0,
                    0.0,
                    0.0
                ],
                [
                    0.0,
                    0.0,
                    0.0
                ],
                [
                    0.0,
                    0.0,
                    0.0
                ],
                [
                    0.0,
                    0.0,
                    0.0
                ],
                [
                    0.0,
                    0.0,
                    0.0
                ],
                [
                    0.0,
                    0.0,
                    0.0
                ],
                [
                    0.0,
                    0.0,
                    0.0
                ],
                [
                    0.0,
                    0.0,
                    0.0
                ],
                [
                    0.0,
                    0.0,
                    0.0
                ]
            ],
            "isKeyframe": true,
            "area": 207605.29224112723
        },
        {
            "bbox": [
                73.2656478881836,
                396.74871826171875,
                247.43331909179688,
                720.4945678710938,
                1.0,
                1.0,
                0.0
            ],
            "personID": 1,
            "keypoints": [
                [
                    225.26727294921875,
                    448.1770935058594,
                    0.9369173049926758
                ],
                [
                    194.07301330566406,
                    463.35267639160156,
                    0.788576066493988
                ],
                [
                    159.5063934326172,
                    461.66650390625,
                    0.788576066493988
                ],
                [
                    107.23493194580078,
                    454.92181396484375,
                    0.8828131556510925
                ],
                [
                    73.51140594482422,
                    446.49090576171875,
                    0.8247753977775574
                ],
                [
                    228.63963317871094,
                    465.0388488769531,
                    0.9066678881645203
                ],
                [
                    191.5437469482422,
                    500.44854736328125,
                    0.6291841864585876
                ],
                [
                    132.52757263183594,
                    513.93798828125,
                    0.0
                ],
                [
                    164.56493377685547,
                    547.6614990234375,
                    0.8278728127479553
                ],
                [
                    140.95846557617188,
                    547.6614990234375,
                    0.8278728127479553
                ],
                [
                    172.9958038330078,
                    606.6776733398438,
                    0.851140558719635
                ],
                [
                    166.2510986328125,
                    687.6141357421875,
                    0.7786597013473511
                ],
                [
                    188.17140197753906,
                    547.6614990234375,
                    0.8433275818824768
                ],
                [
                    208.405517578125,
                    606.6776733398438,
                    0.8784703612327576
                ],
                [
                    196.60227966308594,
                    680.8694458007812,
                    0.8609630465507507
                ],
                [
                    0.0,
                    0.0,
                    0.0
                ],
                [
                    0.0,
                    0.0,
                    0.0
                ],
                [
                    0.0,
                    0.0,
                    0.0
                ],
                [
                    0.0,
                    0.0,
                    0.0
                ],
                [
                    0.0,
                    0.0,
                    0.0
                ],
                [
                    0.0,
                    0.0,
                    0.0
                ],
                [
                    0.0,
                    0.0,
                    0.0
                ],
                [
                    0.0,
                    0.0,
                    0.0
                ],
                [
                    0.0,
                    0.0,
                    0.0
                ],
                [
                    0.0,
                    0.0,
                    0.0
                ]
            ],
            "isKeyframe": true,
            "area": 104811.37513929605
        }
    ],
    "isKeyframe": false
}