{
    "filename": "images/demo_H2FNV1/000049.jpg",
    "height": 1080,
    "width": 1920,
    "annots": [
        {
            "bbox": [
                800.16748046875,
                349.18621826171875,
                974.6360473632812,
                851.6805419921875,
                1.0,
                1.0,
                0.0
            ],
            "personID": 0,
            "keypoints": [
                [
                    802.3441162109375,
                    410.68939208984375,
                    0.9452178478240967
                ],
                [
                    871.6987915039062,
                    442.0953063964844,
                    0.8724442720413208
                ],
                [
                    909.6475830078125,
                    436.8609924316406,
                    0.8724442720413208
                ],
                [
                    959.3735961914062,
                    497.05560302734375,
                    0.9103989601135254
                ],
                [
                    1009.0995483398438,
                    559.867431640625,
                    0.8916639685630798
                ],
                [
                    833.75,
                    447.3296203613281,
                    0.8906412720680237
                ],
                [
                    867.7730712890625,
                    507.5242614746094,
                    0.9395930767059326
                ],
                [
                    904.4132690429688,
                    557.250244140625,
                    0.9020374417304993
                ],
                [
                    929.2762756347656,
                    587.3475646972656,
                    0.680391788482666
                ],
                [
                    954.1392822265625,
                    588.6561279296875,
                    0.680391788482666
                ],
                [
                    917.4990234375,
                    693.3424682617188,
                    0.9163963794708252
                ],
                [
                    930.5848388671875,
                    808.4973754882812,
                    0.8823354840278625
                ],
                [
                    904.4132690429688,
                    586.0390014648438,
                    0.7348354458808899
                ],
                [
                    873.0073852539062,
                    701.1939086914062,
                    0.9301978945732117
                ],
                [
                    891.3274536132812,
                    813.731689453125,
                    0.8494687080383301
                ],
                [
                    0.0,
                    0.0,
                    0.0
                ],
                [
                    0.0,
                    0.0,
                    0.0
                ],
                [
                    0.0,
                    0.0,
                    0.0
                ],
                [
                    0.0,
                    0.0,
                    0.0
                ],
                [
                    0.0,
                    0.0,
                    0.0
                ],
                [
                    0.0,
                    0.0,
                    0.0
                ],
                [
                    0.0,
                    0.0,
                    0.0
                ],
                [
                    0.0,
                    0.0,
                    0.0
                ],
                [
                    0.0,
                    0.0,
                    0.0
                ],
                [
                    0.0,
                    0.0,
                    0.0
                ]
            ],
            "isKeyframe": true,
            "area": 252500.54538134113
        },
        {
            "bbox": [
                64.37527465820312,
                353.70733642578125,
                239.0921630859375,
                723.7670288085938,
                1.0,
                1.0,
                0.0
            ],
            "personID": 1,
            "keypoints": [
                [
                    214.37403869628906,
                    410.5654602050781,
                    0.9726216793060303
                ],
                [
                    188.35421752929688,
                    436.5852813720703,
                    0.8389965891838074
                ],
                [
                    152.69741821289062,
                    437.5489807128906,
                    0.8389965891838074
                ],
                [
                    114.14952850341797,
                    472.2420654296875,
                    0.8947014808654785
                ],
                [
                    83.31121826171875,
                    516.5721435546875,
                    0.9173046350479126
                ],
                [
                    224.01101684570312,
                    435.62158203125,
                    0.8884480595588684
                ],
                [
                    212.44664001464844,
                    481.8790588378906,
                    0.8453571796417236
                ],
                [
                    200.8822784423828,
                    522.3543090820312,
                    0.7774302363395691
                ],
                [
                    171.00765991210938,
                    531.027587890625,
                    0.8127168416976929
                ],
                [
                    148.84262084960938,
                    530.0639038085938,
                    0.8127168416976929
                ],
                [
                    164.26177978515625,
                    611.0144653320312,
                    0.875088095664978
                ],
                [
                    166.18917846679688,
                    691.9650268554688,
                    0.8096845746040344
                ],
                [
                    193.17269897460938,
                    531.9912719726562,
                    0.858393669128418
                ],
                [
                    200.8822784423828,
                    607.15966796875,
                    0.8617741465568542
                ],
                [
                    195.10009765625,
                    682.3280639648438,
                    0.8257079124450684
                ],
                [
                    0.0,
                    0.0,
                    0.0
                ],
                [
                    0.0,
                    0.0,
                    0.0
                ],
                [
                    0.0,
                    0.0,
                    0.0
                ],
                [
                    0.0,
                    0.0,
                    0.0
                ],
                [
                    0.0,
                    0.0,
                    0.0
                ],
                [
                    0.0,
                    0.0,
                    0.0
                ],
                [
                    0.0,
                    0.0,
                    0.0
                ],
                [
                    0.0,
                    0.0,
                    0.0
                ],
                [
                    0.0,
                    0.0,
                    0.0
                ],
                [
                    0.0,
                    0.0,
                    0.0
                ]
            ],
            "isKeyframe": true,
            "area": 136944.17592646182
        }
    ],
    "isKeyframe": false
}