{
    "filename": "images/demo_H2FNV1/000044.jpg",
    "height": 1080,
    "width": 1920,
    "annots": [
        {
            "bbox": [
                804.7958374023438,
                324.4354553222656,
                970.609375,
                865.6543579101562,
                1.0,
                1.0,
                0.0
            ],
            "personID": 0,
            "keypoints": [
                [
                    813.003173828125,
                    396.31610107421875,
                    0.9205436110496521
                ],
                [
                    876.42724609375,
                    425.91400146484375,
                    0.8660117983818054
                ],
                [
                    911.662841796875,
                    421.68572998046875,
                    0.9057343006134033
                ],
                [
                    911.662841796875,
                    506.2511901855469,
                    0.6010892391204834
                ],
                [
                    889.112060546875,
                    587.997802734375,
                    0.3550321161746979
                ],
                [
                    841.191650390625,
                    430.14227294921875,
                    0.8660117983818054
                ],
                [
                    852.467041015625,
                    517.526611328125,
                    0.8691391944885254
                ],
                [
                    866.561279296875,
                    590.816650390625,
                    0.9332308769226074
                ],
                [
                    922.938232421875,
                    564.03759765625,
                    0.745200514793396
                ],
                [
                    945.489013671875,
                    562.628173828125,
                    0.745200514793396
                ],
                [
                    922.938232421875,
                    695.114013671875,
                    0.941203773021698
                ],
                [
                    928.575927734375,
                    799.4114379882812,
                    0.849025309085846
                ],
                [
                    900.387451171875,
                    565.447021484375,
                    0.7693566083908081
                ],
                [
                    880.655517578125,
                    700.7517700195312,
                    0.9270620346069336
                ],
                [
                    894.749755859375,
                    813.5056762695312,
                    0.9158325791358948
                ],
                [
                    0.0,
                    0.0,
                    0.0
                ],
                [
                    0.0,
                    0.0,
                    0.0
                ],
                [
                    0.0,
                    0.0,
                    0.0
                ],
                [
                    0.0,
                    0.0,
                    0.0
                ],
                [
                    0.0,
                    0.0,
                    0.0
                ],
                [
                    0.0,
                    0.0,
                    0.0
                ],
                [
                    0.0,
                    0.0,
                    0.0
                ],
                [
                    0.0,
                    0.0,
                    0.0
                ],
                [
                    0.0,
                    0.0,
                    0.0
                ],
                [
                    0.0,
                    0.0,
                    0.0
                ]
            ],
            "isKeyframe": true,
            "area": 292917.90051844064
        },
        {
            "bbox": [
                88.86622619628906,
                345.7434997558594,
                241.58303833007812,
                721.7947998046875,
                1.0,
                1.0,
                0.0
            ],
            "personID": 1,
            "keypoints": [
                [
                    205.37594604492188,
                    395.6878356933594,
                    0.9644299745559692
                ],
                [
                    181.87274169921875,
                    425.06683349609375,
                    0.8626139163970947
                ],
                [
                    148.5765380859375,
                    425.06683349609375,
                    0.8626139163970947
                ],
                [
                    119.1975326538086,
                    479.90765380859375,
                    0.9250062108039856
                ],
                [
                    101.57012939453125,
                    534.7484741210938,
                    0.8810850977897644
                ],
                [
                    215.1689453125,
                    425.06683349609375,
                    0.8821443915367126
                ],
                [
                    226.92054748535156,
                    477.9490661621094,
                    0.9116864204406738
                ],
                [
                    236.7135467529297,
                    521.0382690429688,
                    0.918975293636322
                ],
                [
                    172.07974243164062,
                    530.8312377929688,
                    0.8044036030769348
                ],
                [
                    148.5765380859375,
                    530.8312377929688,
                    0.8044036030769348
                ],
                [
                    162.2867431640625,
                    611.1338500976562,
                    0.845824658870697
                ],
                [
                    164.24534606933594,
                    689.4779052734375,
                    0.8361330032348633
                ],
                [
                    195.58294677734375,
                    530.8312377929688,
                    0.8781067132949829
                ],
                [
                    197.5415496826172,
                    615.0510864257812,
                    0.8975909352302551
                ],
                [
                    195.58294677734375,
                    681.6434936523438,
                    0.8406031131744385
                ],
                [
                    0.0,
                    0.0,
                    0.0
                ],
                [
                    0.0,
                    0.0,
                    0.0
                ],
                [
                    0.0,
                    0.0,
                    0.0
                ],
                [
                    0.0,
                    0.0,
                    0.0
                ],
                [
                    0.0,
                    0.0,
                    0.0
                ],
                [
                    0.0,
                    0.0,
                    0.0
                ],
                [
                    0.0,
                    0.0,
                    0.0
                ],
                [
                    0.0,
                    0.0,
                    0.0
                ],
                [
                    0.0,
                    0.0,
                    0.0
                ],
                [
                    0.0,
                    0.0,
                    0.0
                ]
            ],
            "isKeyframe": true,
            "area": 141414.58026841376
        }
    ],
    "isKeyframe": false
}