{
    "filename": "images/demo_H2FNV1/000085.jpg",
    "height": 1080,
    "width": 1920,
    "annots": [
        {
            "bbox": [
                812.0538940429688,
                464.2303161621094,
                1053.6822509765625,
                847.59375,
                1.0,
                1.0,
                0.0
            ],
            "personID": 0,
            "keypoints": [
                [
                    822.0520629882812,
                    529.12255859375,
                    0.9534409046173096
                ],
                [
                    881.9525756835938,
                    566.0612182617188,
                    0.7179009914398193
                ],
                [
                    917.8928833007812,
                    559.0728149414062,
                    0.7179009914398193
                ],
                [
                    995.7636108398438,
                    581.036376953125,
                    0.7659018635749817
                ],
                [
                    1045.6806640625,
                    593.0164794921875,
                    0.8587688207626343
                ],
                [
                    846.0122680664062,
                    573.0496215820312,
                    0.8267249464988708
                ],
                [
                    885.9459838867188,
                    593.0164794921875,
                    0.6069852709770203
                ],
                [
                    933.8663940429688,
                    612.9833374023438,
                    0.6480207443237305
                ],
                [
                    966.8116760253906,
                    690.85400390625,
                    0.6478129029273987
                ],
                [
                    989.7735595703125,
                    690.85400390625,
                    0.7449218034744263
                ],
                [
                    895.9293823242188,
                    698.8407592773438,
                    0.639686644077301
                ],
                [
                    935.8630981445312,
                    812.6517944335938,
                    0.7279914617538452
                ],
                [
                    943.8497924804688,
                    690.85400390625,
                    0.6478129029273987
                ],
                [
                    846.0122680664062,
                    702.8341064453125,
                    0.8709061145782471
                ],
                [
                    895.9293823242188,
                    814.6484985351562,
                    0.8409932851791382
                ],
                [
                    0.0,
                    0.0,
                    0.0
                ],
                [
                    0.0,
                    0.0,
                    0.0
                ],
                [
                    0.0,
                    0.0,
                    0.0
                ],
                [
                    0.0,
                    0.0,
                    0.0
                ],
                [
                    0.0,
                    0.0,
                    0.0
                ],
                [
                    0.0,
                    0.0,
                    0.0
                ],
                [
                    0.0,
                    0.0,
                    0.0
                ],
                [
                    0.0,
                    0.0,
                    0.0
                ],
                [
                    0.0,
                    0.0,
                    0.0
                ],
                [
                    0.0,
                    0.0,
                    0.0
                ]
            ],
            "isKeyframe": true,
            "area": 146967.52240397874
        },
        {
            "bbox": [
                111.12163543701172,
                456.3799133300781,
                252.23538208007812,
                730.3328247070312,
                1.0,
                1.0,
                0.0
            ],
            "personID": 1,
            "keypoints": [
                [
                    229.47756958007812,
                    492.7643127441406,
                    0.9500953555107117
                ],
                [
                    201.65422821044922,
                    524.8681640625,
                    0.7073251605033875
                ],
                [
                    166.6967010498047,
                    525.5816040039062,
                    0.7073251605033875
                ],
                [
                    119.61104583740234,
                    534.1426391601562,
                    0.8292449712753296
                ],
                [
                    78.9461669921875,
                    539.1365356445312,
                    0.358538419008255
                ],
                [
                    236.61175537109375,
                    524.1547241210938,
                    0.8861144185066223
                ],
                [
                    188.09927368164062,
                    566.9598999023438,
                    0.3763777017593384
                ],
                [
                    202.36764526367188,
                    598.350341796875,
                    0.0
                ],
                [
                    164.5564422607422,
                    592.6429748535156,
                    0.7813045978546143
                ],
                [
                    141.01361083984375,
                    595.4966430664062,
                    0.7813045978546143
                ],
                [
                    190.95294189453125,
                    618.3260498046875,
                    0.8957043886184692
                ],
                [
                    176.6845703125,
                    691.0947875976562,
                    0.799071192741394
                ],
                [
                    188.09927368164062,
                    589.789306640625,
                    0.7891476154327393
                ],
                [
                    230.90440368652344,
                    614.0455322265625,
                    0.8871416449546814
                ],
                [
                    202.36764526367188,
                    683.9605712890625,
                    0.818699300289154
                ],
                [
                    0.0,
                    0.0,
                    0.0
                ],
                [
                    0.0,
                    0.0,
                    0.0
                ],
                [
                    0.0,
                    0.0,
                    0.0
                ],
                [
                    0.0,
                    0.0,
                    0.0
                ],
                [
                    0.0,
                    0.0,
                    0.0
                ],
                [
                    0.0,
                    0.0,
                    0.0
                ],
                [
                    0.0,
                    0.0,
                    0.0
                ],
                [
                    0.0,
                    0.0,
                    0.0
                ],
                [
                    0.0,
                    0.0,
                    0.0
                ],
                [
                    0.0,
                    0.0,
                    0.0
                ]
            ],
            "isKeyframe": true,
            "area": 75050.19765190873
        }
    ],
    "isKeyframe": false
}