{
    "filename": "images/demo_H2FNV1/000188.jpg",
    "height": 1080,
    "width": 1920,
    "annots": [
        {
            "bbox": [
                817,
                218,
                1125,
                617,
                0,
                0,
                1
            ],
            "personID": 0,
            "keypoints": [
                [
                    959.236083984375,
                    564.013916015625,
                    0.8739707469940186
                ],
                [
                    918.5971984863281,
                    498.7777862548828,
                    0.3393336832523346
                ],
                [
                    916.4583129882812,
                    497.7083435058594,
                    0.3393336832523346
                ],
                [
                    989.1805419921875,
                    452.7916564941406,
                    0.3972175121307373
                ],
                [
                    1034.09716796875,
                    401.4583435058594,
                    0.361177921295166
                ],
                [
                    920.736083984375,
                    499.84722900390625,
                    0.7727406024932861
                ],
                [
                    910.0416870117188,
                    422.84722900390625,
                    0.9397478699684143
                ],
                [
                    980.625,
                    418.5694580078125,
                    0.8410706520080566
                ],
                [
                    928.2221984863281,
                    314.8333282470703,
                    0.3472747504711151
                ],
                [
                    920.736083984375,
                    318.0416564941406,
                    0.4273208975791931
                ],
                [
                    1046.9305419921875,
                    403.59722900390625,
                    0.7702250480651855
                ],
                [
                    1023.4027709960938,
                    315.90277099609375,
                    0.29451730847358704
                ],
                [
                    935.7083129882812,
                    311.625,
                    0.3472747504711151
                ],
                [
                    997.736083984375,
                    412.15277099609375,
                    0.6257585883140564
                ],
                [
                    997.736083984375,
                    300.9305419921875,
                    0.6756672859191895
                ],
                [
                    0.0,
                    0.0,
                    -1.0
                ],
                [
                    0.0,
                    0.0,
                    -1.0
                ],
                [
                    0.0,
                    0.0,
                    -1.0
                ],
                [
                    0.0,
                    0.0,
                    -1.0
                ],
                [
                    0.0,
                    0.0,
                    -1.0
                ],
                [
                    0.0,
                    0.0,
                    -1.0
                ],
                [
                    0.0,
                    0.0,
                    -1.0
                ],
                [
                    0.0,
                    0.0,
                    -1.0
                ],
                [
                    0.0,
                    0.0,
                    -1.0
                ],
                [
                    0.0,
                    0.0,
                    -1.0
                ]
            ],
            "isKeyframe": false
        },
        {
            "bbox": [
                31,
                284,
                232,
                560,
                0,
                0,
                1
            ],
            "personID": 1,
            "keypoints": [
                [
                    167.2962962962963,
                    449.5432098765432,
                    0.0
                ],
                [
                    168.57407407407408,
                    469.1358024691358,
                    0.6342557072639465
                ],
                [
                    137.76543209876542,
                    475.3827160493827,
                    0.7777242660522461
                ],
                [
                    87.22222222222223,
                    417.17283950617286,
                    0.6919823884963989
                ],
                [
                    80.4074074074074,
                    423.1358024691358,
                    0.7999700307846069
                ],
                [
                    199.3827160493827,
                    462.8888888888889,
                    0.6342557072639465
                ],
                [
                    209.320987654321,
                    394.17283950617286,
                    0.8230597972869873
                ],
                [
                    174.39506172839506,
                    400.7037037037037,
                    0.10812318325042725
                ],
                [
                    147.1358024691358,
                    363.5061728395062,
                    0.34184882044792175
                ],
                [
                    120.44444444444444,
                    370.320987654321,
                    0.34184882044792175
                ],
                [
                    98.29629629629629,
                    418.87654320987656,
                    0.15860015153884888
                ],
                [
                    82.96296296296296,
                    338.8024691358025,
                    0.44981746524572375
                ],
                [
                    173.82716049382717,
                    356.69135802469134,
                    0.34450629353523254
                ],
                [
                    126.9753086419753,
                    408.65432098765433,
                    0.1291323270648718
                ],
                [
                    115.33333333333333,
                    331.7037037037037,
                    0.062068115919828415
                ],
                [
                    0.0,
                    0.0,
                    -1.0
                ],
                [
                    0.0,
                    0.0,
                    -1.0
                ],
                [
                    0.0,
                    0.0,
                    -1.0
                ],
                [
                    0.0,
                    0.0,
                    -1.0
                ],
                [
                    0.0,
                    0.0,
                    -1.0
                ],
                [
                    0.0,
                    0.0,
                    -1.0
                ],
                [
                    0.0,
                    0.0,
                    -1.0
                ],
                [
                    0.0,
                    0.0,
                    -1.0
                ],
                [
                    0.0,
                    0.0,
                    -1.0
                ],
                [
                    0.0,
                    0.0,
                    -1.0
                ]
            ],
            "isKeyframe": false
        }
    ],
    "isKeyframe": true
}