{
    "filename": "images/demo_H2FNV1/000143.jpg",
    "height": 1080,
    "width": 1920,
    "annots": [
        {
            "bbox": [
                772.3368530273438,
                182.3862762451172,
                1150.5556640625,
                639.2144775390625,
                1.0,
                1.0,
                0.0
            ],
            "personID": 0,
            "keypoints": [
                [
                    1096.7120361328125,
                    320.1854248046875,
                    1.0532294511795044
                ],
                [
                    1027.1092834472656,
                    372.7158203125,
                    0.5700958967208862
                ],
                [
                    1036.3021240234375,
                    375.34234619140625,
                    0.5700958967208862
                ],
                [
                    1059.9407958984375,
                    299.17327880859375,
                    0.971061646938324
                ],
                [
                    1075.6998291015625,
                    236.13681030273438,
                    0.9499514102935791
                ],
                [
                    1017.9164428710938,
                    370.08929443359375,
                    0.7248720526695251
                ],
                [
                    973.265625,
                    299.17327880859375,
                    0.9227180480957031
                ],
                [
                    1020.54296875,
                    225.63072204589844,
                    0.895873486995697
                ],
                [
                    911.5424194335938,
                    452.8246765136719,
                    0.5807175040245056
                ],
                [
                    928.6148071289062,
                    454.137939453125,
                    0.5807175040245056
                ],
                [
                    849.8192138671875,
                    504.04180908203125,
                    0.8002453446388245
                ],
                [
                    878.7109375,
                    580.2108764648438,
                    0.6772170662879944
                ],
                [
                    894.4700317382812,
                    451.51141357421875,
                    0.6735007762908936
                ],
                [
                    794.662353515625,
                    493.53570556640625,
                    0.8500438928604126
                ],
                [
                    849.8192138671875,
                    598.5964965820312,
                    0.7715844511985779
                ],
                [
                    0.0,
                    0.0,
                    0.0
                ],
                [
                    0.0,
                    0.0,
                    0.0
                ],
                [
                    0.0,
                    0.0,
                    0.0
                ],
                [
                    0.0,
                    0.0,
                    0.0
                ],
                [
                    0.0,
                    0.0,
                    0.0
                ],
                [
                    0.0,
                    0.0,
                    0.0
                ],
                [
                    0.0,
                    0.0,
                    0.0
                ],
                [
                    0.0,
                    0.0,
                    0.0
                ],
                [
                    0.0,
                    0.0,
                    0.0
                ],
                [
                    0.0,
                    0.0,
                    0.0
                ]
            ],
            "isKeyframe": true,
            "area": 208692.00549746142
        },
        {
            "bbox": [
                52.71696853637695,
                255.348876953125,
                270.3747863769531,
                581.8530883789062,
                1.0,
                1.0,
                0.0
            ],
            "personID": 1,
            "keypoints": [
                [
                    107.97879791259766,
                    353.1300964355469,
                    0.8907371759414673
                ],
                [
                    132.63666152954102,
                    376.9376983642578,
                    0.7414739727973938
                ],
                [
                    99.47608184814453,
                    380.3387756347656,
                    0.7666105031967163
                ],
                [
                    51.86089324951172,
                    339.5257568359375,
                    0.9261709451675415
                ],
                [
                    63.76469421386719,
                    298.7127380371094,
                    0.912344217300415
                ],
                [
                    165.7972412109375,
                    373.53662109375,
                    0.7414739727973938
                ],
                [
                    201.50863647460938,
                    337.8252258300781,
                    0.9230458736419678
                ],
                [
                    177.70103454589844,
                    293.6111145019531,
                    0.8713518977165222
                ],
                [
                    181.10211944580078,
                    425.4031524658203,
                    0.6880054473876953
                ],
                [
                    164.09669494628906,
                    427.9539794921875,
                    0.7052794098854065
                ],
                [
                    204.9097137451172,
                    468.7669982910156,
                    0.9025850892066956
                ],
                [
                    198.1075439453125,
                    552.0935668945312,
                    0.6301988363265991
                ],
                [
                    198.1075439453125,
                    422.8523254394531,
                    0.6880054473876953
                ],
                [
                    255.92599487304688,
                    472.1680603027344,
                    0.8740158081054688
                ],
                [
                    238.92056274414062,
                    575.9011840820312,
                    0.5922931432723999
                ],
                [
                    0.0,
                    0.0,
                    0.0
                ],
                [
                    0.0,
                    0.0,
                    0.0
                ],
                [
                    0.0,
                    0.0,
                    0.0
                ],
                [
                    0.0,
                    0.0,
                    0.0
                ],
                [
                    0.0,
                    0.0,
                    0.0
                ],
                [
                    0.0,
                    0.0,
                    0.0
                ],
                [
                    0.0,
                    0.0,
                    0.0
                ],
                [
                    0.0,
                    0.0,
                    0.0
                ],
                [
                    0.0,
                    0.0,
                    0.0
                ],
                [
                    0.0,
                    0.0,
                    0.0
                ]
            ],
            "isKeyframe": true,
            "area": 106605.00007877126
        }
    ],
    "isKeyframe": false
}