{
    "filename": "images/demo_H2FNV1/000105.jpg",
    "height": 1080,
    "width": 1920,
    "annots": [
        {
            "bbox": [
                752.5162353515625,
                429.258056640625,
                997.71923828125,
                846.0947265625,
                1.0,
                1.0,
                0.0
            ],
            "personID": 0,
            "keypoints": [
                [
                    880.5452880859375,
                    473.7640686035156,
                    0.9347869753837585
                ],
                [
                    926.1368408203125,
                    537.8092651367188,
                    0.8090915679931641
                ],
                [
                    954.3601684570312,
                    532.3817138671875,
                    0.8269992470741272
                ],
                [
                    884.8873291015625,
                    597.512451171875,
                    0.3490573465824127
                ],
                [
                    789.3622436523438,
                    614.880615234375,
                    0.37276512384414673
                ],
                [
                    897.9135131835938,
                    543.23681640625,
                    0.8090915679931641
                ],
                [
                    837.1248168945312,
                    590.9993896484375,
                    0.7994700074195862
                ],
                [
                    782.8491821289062,
                    614.880615234375,
                    0.812458336353302
                ],
                [
                    963.0442504882812,
                    685.4389038085938,
                    0.6857473254203796
                ],
                [
                    986.925537109375,
                    682.182373046875,
                    0.6857473254203796
                ],
                [
                    897.9135131835938,
                    710.4057006835938,
                    0.7280706167221069
                ],
                [
                    934.8209228515625,
                    808.101806640625,
                    0.7699398398399353
                ],
                [
                    939.1629638671875,
                    688.6954345703125,
                    0.7039996981620789
                ],
                [
                    843.6378784179688,
                    708.2346801757812,
                    0.9106631278991699
                ],
                [
                    897.9135131835938,
                    812.44384765625,
                    0.8767870664596558
                ],
                [
                    0.0,
                    0.0,
                    0.0
                ],
                [
                    0.0,
                    0.0,
                    0.0
                ],
                [
                    0.0,
                    0.0,
                    0.0
                ],
                [
                    0.0,
                    0.0,
                    0.0
                ],
                [
                    0.0,
                    0.0,
                    0.0
                ],
                [
                    0.0,
                    0.0,
                    0.0
                ],
                [
                    0.0,
                    0.0,
                    0.0
                ],
                [
                    0.0,
                    0.0,
                    0.0
                ],
                [
                    0.0,
                    0.0,
                    0.0
                ],
                [
                    0.0,
                    0.0,
                    0.0
                ]
            ],
            "isKeyframe": true,
            "area": 173752.80939155817
        },
        {
            "bbox": [
                123.2023696899414,
                415.4065856933594,
                273.93634033203125,
                728.2423706054688,
                1.0,
                1.0,
                0.0
            ],
            "personID": 1,
            "keypoints": [
                [
                    191.23727416992188,
                    450.4376525878906,
                    0.9353418350219727
                ],
                [
                    180.64647674560547,
                    500.1329345703125,
                    0.8528584241867065
                ],
                [
                    145.61538696289062,
                    502.57696533203125,
                    0.8624050617218018
                ],
                [
                    161.90892028808594,
                    549.8281860351562,
                    0.9161339998245239
                ],
                [
                    207.5308074951172,
                    569.3804321289062,
                    0.8881114721298218
                ],
                [
                    215.6775665283203,
                    497.68890380859375,
                    0.8528584241867065
                ],
                [
                    249.89398193359375,
                    535.1640014648438,
                    0.8645248413085938
                ],
                [
                    282.4810485839844,
                    556.3455810546875,
                    0.8544462323188782
                ],
                [
                    177.38777923583984,
                    589.7473449707031,
                    0.7986370325088501
                ],
                [
                    153.7621612548828,
                    593.8207397460938,
                    0.8161778450012207
                ],
                [
                    199.38404846191406,
                    624.7784423828125,
                    0.8993538618087769
                ],
                [
                    183.09051513671875,
                    691.5819091796875,
                    0.8164390921592712
                ],
                [
                    201.01339721679688,
                    585.6739501953125,
                    0.7986370325088501
                ],
                [
                    243.37657165527344,
                    621.5197143554688,
                    0.9088447093963623
                ],
                [
                    209.16015625,
                    683.4351196289062,
                    0.826032817363739
                ],
                [
                    0.0,
                    0.0,
                    0.0
                ],
                [
                    0.0,
                    0.0,
                    0.0
                ],
                [
                    0.0,
                    0.0,
                    0.0
                ],
                [
                    0.0,
                    0.0,
                    0.0
                ],
                [
                    0.0,
                    0.0,
                    0.0
                ],
                [
                    0.0,
                    0.0,
                    0.0
                ],
                [
                    0.0,
                    0.0,
                    0.0
                ],
                [
                    0.0,
                    0.0,
                    0.0
                ],
                [
                    0.0,
                    0.0,
                    0.0
                ],
                [
                    0.0,
                    0.0,
                    0.0
                ]
            ],
            "isKeyframe": true,
            "area": 97866.22832157556
        }
    ],
    "isKeyframe": false
}