{
    "filename": "images/demo_H2FNV1/000118.jpg",
    "height": 1080,
    "width": 1920,
    "annots": [
        {
            "bbox": [
                823.7469482421875,
                255.0809783935547,
                1011.3011474609375,
                848.4166870117188,
                1.0,
                1.0,
                0.0
            ],
            "personID": 0,
            "keypoints": [
                [
                    934.5206298828125,
                    398.7794494628906,
                    0.9150098562240601
                ],
                [
                    943.7915344238281,
                    466.76585388183594,
                    0.7972574830055237
                ],
                [
                    968.5138549804688,
                    469.85614013671875,
                    0.7972574830055237
                ],
                [
                    937.6109619140625,
                    389.5085754394531,
                    0.9161916971206665
                ],
                [
                    925.249755859375,
                    321.5221862792969,
                    0.921582818031311
                ],
                [
                    919.0692138671875,
                    463.6755676269531,
                    0.8582350611686707
                ],
                [
                    860.3536987304688,
                    398.7794494628906,
                    0.9403193593025208
                ],
                [
                    885.0759887695312,
                    312.2513122558594,
                    0.7794733643531799
                ],
                [
                    948.4269714355469,
                    632.0963745117188,
                    0.7872515320777893
                ],
                [
                    968.5138549804688,
                    627.4609375,
                    0.8049017190933228
                ],
                [
                    894.3468627929688,
                    701.6279296875,
                    0.8676428198814392
                ],
                [
                    931.4303588867188,
                    797.4269409179688,
                    0.8808719515800476
                ],
                [
                    928.340087890625,
                    636.7318115234375,
                    0.7872515320777893
                ],
                [
                    844.9022216796875,
                    701.6279296875,
                    0.9543567299842834
                ],
                [
                    897.4371337890625,
                    803.6075439453125,
                    0.9087371230125427
                ],
                [
                    0.0,
                    0.0,
                    0.0
                ],
                [
                    0.0,
                    0.0,
                    0.0
                ],
                [
                    0.0,
                    0.0,
                    0.0
                ],
                [
                    0.0,
                    0.0,
                    0.0
                ],
                [
                    0.0,
                    0.0,
                    0.0
                ],
                [
                    0.0,
                    0.0,
                    0.0
                ],
                [
                    0.0,
                    0.0,
                    0.0
                ],
                [
                    0.0,
                    0.0,
                    0.0
                ],
                [
                    0.0,
                    0.0,
                    0.0
                ],
                [
                    0.0,
                    0.0,
                    0.0
                ]
            ],
            "isKeyframe": true,
            "area": 352047.2631214189
        },
        {
            "bbox": [
                109.12259674072266,
                282.9954833984375,
                255.49420166015625,
                784.4825439453125,
                1.0,
                1.0,
                0.0
            ],
            "personID": 1,
            "keypoints": [
                [
                    160.10716247558594,
                    401.83746337890625,
                    0.9009267687797546
                ],
                [
                    170.5548095703125,
                    448.8518829345703,
                    0.8940739035606384
                ],
                [
                    141.8237762451172,
                    456.6876220703125,
                    0.9249913096427917
                ],
                [
                    128.76422119140625,
                    407.061279296875,
                    0.8891199827194214
                ],
                [
                    139.2118682861328,
                    352.2111511230469,
                    0.8907167315483093
                ],
                [
                    199.2858428955078,
                    441.0161437988281,
                    0.8940739035606384
                ],
                [
                    222.7930450439453,
                    391.38983154296875,
                    0.9652119278907776
                ],
                [
                    194.06201171875,
                    344.3753967285156,
                    0.9358929991722107
                ],
                [
                    190.14414978027344,
                    557.2462158203125,
                    0.8975535035133362
                ],
                [
                    170.5548095703125,
                    558.5521850585938,
                    0.8975535035133362
                ],
                [
                    199.2858428955078,
                    621.238037109375,
                    0.9391935467720032
                ],
                [
                    183.61436462402344,
                    689.1477661132812,
                    0.9558777213096619
                ],
                [
                    209.73348999023438,
                    555.9402465820312,
                    0.9441170692443848
                ],
                [
                    243.68833923339844,
                    616.0142211914062,
                    0.9311485886573792
                ],
                [
                    209.73348999023438,
                    681.31201171875,
                    0.8856706023216248
                ],
                [
                    0.0,
                    0.0,
                    0.0
                ],
                [
                    0.0,
                    0.0,
                    0.0
                ],
                [
                    0.0,
                    0.0,
                    0.0
                ],
                [
                    0.0,
                    0.0,
                    0.0
                ],
                [
                    0.0,
                    0.0,
                    0.0
                ],
                [
                    0.0,
                    0.0,
                    0.0
                ],
                [
                    0.0,
                    0.0,
                    0.0
                ],
                [
                    0.0,
                    0.0,
                    0.0
                ],
                [
                    0.0,
                    0.0,
                    0.0
                ],
                [
                    0.0,
                    0.0,
                    0.0
                ]
            ],
            "isKeyframe": true,
            "area": 251489.27189594507
        }
    ],
    "isKeyframe": false
}