{
    "filename": "images/demo_H2FNV1/000142.jpg",
    "height": 1080,
    "width": 1920,
    "annots": [
        {
            "bbox": [
                777.8882446289062,
                176.27890014648438,
                1128.3099365234375,
                659.5550537109375,
                1.0,
                1.0,
                0.0
            ],
            "personID": 0,
            "keypoints": [
                [
                    1085.2449951171875,
                    321.0100402832031,
                    0.9066604375839233
                ],
                [
                    1027.3525085449219,
                    372.60984802246094,
                    0.4782153069972992
                ],
                [
                    1034.9036865234375,
                    373.8683776855469,
                    0.4782153069972992
                ],
                [
                    1067.62548828125,
                    308.42474365234375,
                    0.9207437038421631
                ],
                [
                    1077.6937255859375,
                    240.46401977539062,
                    0.8806465268135071
                ],
                [
                    1019.8013305664062,
                    371.351318359375,
                    0.7111406326293945
                ],
                [
                    977.01123046875,
                    298.3564758300781,
                    0.9079850912094116
                ],
                [
                    1027.3525390625,
                    235.42990112304688,
                    0.9065697193145752
                ],
                [
                    914.0846557617188,
                    451.89735412597656,
                    0.5461433529853821
                ],
                [
                    926.6699829101562,
                    459.44854736328125,
                    0.5461433529853821
                ],
                [
                    848.6409912109375,
                    517.3410034179688,
                    0.77546226978302
                ],
                [
                    873.8116455078125,
                    612.9893798828125,
                    0.3838823437690735
                ],
                [
                    901.4993286132812,
                    444.3461608886719,
                    0.6716135740280151
                ],
                [
                    798.2996826171875,
                    507.2727355957031,
                    0.8841792941093445
                ],
                [
                    856.1921997070312,
                    612.9893798828125,
                    0.794322669506073
                ],
                [
                    0.0,
                    0.0,
                    0.0
                ],
                [
                    0.0,
                    0.0,
                    0.0
                ],
                [
                    0.0,
                    0.0,
                    0.0
                ],
                [
                    0.0,
                    0.0,
                    0.0
                ],
                [
                    0.0,
                    0.0,
                    0.0
                ],
                [
                    0.0,
                    0.0,
                    0.0
                ],
                [
                    0.0,
                    0.0,
                    0.0
                ],
                [
                    0.0,
                    0.0,
                    0.0
                ],
                [
                    0.0,
                    0.0,
                    0.0
                ],
                [
                    0.0,
                    0.0,
                    0.0
                ]
            ],
            "isKeyframe": true,
            "area": 233555.84060405288
        },
        {
            "bbox": [
                45.14714431762695,
                257.8117980957031,
                270.62042236328125,
                598.96826171875,
                1.0,
                1.0,
                0.0
            ],
            "personID": 1,
            "keypoints": [
                [
                    101.91281127929688,
                    359.9810485839844,
                    0.45637601613998413
                ],
                [
                    135.67308044433594,
                    376.8611755371094,
                    0.7523791790008545
                ],
                [
                    101.91281127929688,
                    379.5264587402344,
                    0.7868867516517639
                ],
                [
                    50.38398361206055,
                    340.4356384277344,
                    0.9501971006393433
                ],
                [
                    66.37568664550781,
                    299.56793212890625,
                    0.9444675445556641
                ],
                [
                    169.433349609375,
                    374.1958923339844,
                    0.7523791790008545
                ],
                [
                    201.41676330566406,
                    336.8819274902344,
                    0.920312762260437
                ],
                [
                    172.987060546875,
                    296.01422119140625,
                    0.8745639324188232
                ],
                [
                    182.75977325439453,
                    423.9478759765625,
                    0.6929354071617126
                ],
                [
                    165.879638671875,
                    429.2784423828125,
                    0.7940553426742554
                ],
                [
                    204.97047424316406,
                    480.8072814941406,
                    0.9280542731285095
                ],
                [
                    197.86305236816406,
                    564.3195190429688,
                    0.660220742225647
                ],
                [
                    199.63990783691406,
                    418.6173095703125,
                    0.6929354071617126
                ],
                [
                    252.9456024169922,
                    484.3609924316406,
                    0.8812450766563416
                ],
                [
                    236.95388793945312,
                    571.4269409179688,
                    0.5608831644058228
                ],
                [
                    0.0,
                    0.0,
                    0.0
                ],
                [
                    0.0,
                    0.0,
                    0.0
                ],
                [
                    0.0,
                    0.0,
                    0.0
                ],
                [
                    0.0,
                    0.0,
                    0.0
                ],
                [
                    0.0,
                    0.0,
                    0.0
                ],
                [
                    0.0,
                    0.0,
                    0.0
                ],
                [
                    0.0,
                    0.0,
                    0.0
                ],
                [
                    0.0,
                    0.0,
                    0.0
                ],
                [
                    0.0,
                    0.0,
                    0.0
                ],
                [
                    0.0,
                    0.0,
                    0.0
                ]
            ],
            "isKeyframe": true,
            "area": 116387.7326717833
        }
    ],
    "isKeyframe": false
}