{
    "filename": "images/demo_H2FNV1/000189.jpg",
    "height": 1080,
    "width": 1920,
    "annots": [
        {
            "bbox": [
                836,
                252,
                1134,
                617,
                0,
                0,
                1
            ],
            "personID": 0,
            "keypoints": [
                [
                    943.017333984375,
                    565.1886596679688,
                    0.7527113556861877
                ],
                [
                    918.2870178222656,
                    502.82525634765625,
                    0.36495834589004517
                ],
                [
                    927.964111328125,
                    502.82525634765625,
                    0.36495834589004517
                ],
                [
                    983.8761596679688,
                    468.4178466796875,
                    0.2745487689971924
                ],
                [
                    1044.089111328125,
                    408.2048645019531,
                    0.33559444546699524
                ],
                [
                    908.6099243164062,
                    502.82525634765625,
                    0.7395732402801514
                ],
                [
                    906.45947265625,
                    431.8599548339844,
                    0.9088597297668457
                ],
                [
                    979.5752563476562,
                    440.4618225097656,
                    0.7436100244522095
                ],
                [
                    927.964111328125,
                    328.6377410888672,
                    0.34308356046676636
                ],
                [
                    934.41552734375,
                    320.035888671875,
                    0.396440714597702
                ],
                [
                    1041.938720703125,
                    425.4085693359375,
                    0.8665939569473267
                ],
                [
                    1031.1864013671875,
                    326.4872741699219,
                    0.22904494404792786
                ],
                [
                    921.5126953125,
                    337.2395935058594,
                    0.34308356046676636
                ],
                [
                    996.7789306640625,
                    436.160888671875,
                    0.6657468676567078
                ],
                [
                    1020.4340209960938,
                    324.3368225097656,
                    0.5114932656288147
                ],
                [
                    823.6666259765625,
                    217.88888549804688,
                    0.0
                ],
                [
                    823.6666259765625,
                    217.88888549804688,
                    0.0
                ],
                [
                    823.6666259765625,
                    217.88888549804688,
                    0.0
                ],
                [
                    823.6666259765625,
                    217.88888549804688,
                    0.0
                ],
                [
                    0.0,
                    0.0,
                    0.0
                ],
                [
                    0.0,
                    0.0,
                    0.0
                ],
                [
                    0.0,
                    0.0,
                    0.0
                ],
                [
                    0.0,
                    0.0,
                    0.0
                ],
                [
                    0.0,
                    0.0,
                    0.0
                ],
                [
                    0.0,
                    0.0,
                    0.0
                ]
            ],
            "isKeyframe": false
        },
        {
            "bbox": [
                31,
                297,
                262,
                564,
                0,
                0,
                1
            ],
            "personID": 1,
            "keypoints": [
                [
                    167.6875,
                    521.3125,
                    0.26870396733283997
                ],
                [
                    168.375,
                    467.0,
                    0.6880669593811035
                ],
                [
                    134.6875,
                    474.5625,
                    0.7294296622276306
                ],
                [
                    85.1875,
                    427.8125,
                    0.3629990518093109
                ],
                [
                    82.4375,
                    425.0625,
                    0.5719096064567566
                ],
                [
                    202.0625,
                    459.4375,
                    0.6880669593811035
                ],
                [
                    207.5625,
                    400.3125,
                    0.8704912662506104
                ],
                [
                    197.46296296296296,
                    408.25,
                    0.1807042509317398
                ],
                [
                    137.16820987654322,
                    355.78395061728395,
                    0.2037782520055771
                ],
                [
                    115.05555555555556,
                    365.67283950617286,
                    0.2863499492406845
                ],
                [
                    93.62962962962962,
                    428.3024691358025,
                    0.5
                ],
                [
                    82.64197530864197,
                    363.75,
                    0.3918998867273331
                ],
                [
                    159.28086419753086,
                    345.89506172839504,
                    0.30377825200557707
                ],
                [
                    134.6875,
                    412.6875,
                    0.5
                ],
                [
                    112.58333333333333,
                    347.8179012345679,
                    0.21606345549225808
                ],
                [
                    35.0,
                    296.5,
                    0.0
                ],
                [
                    35.0,
                    296.5,
                    0.0
                ],
                [
                    35.0,
                    296.5,
                    0.0
                ],
                [
                    35.0,
                    296.5,
                    0.0
                ],
                [
                    0.0,
                    0.0,
                    0.0
                ],
                [
                    0.0,
                    0.0,
                    0.0
                ],
                [
                    0.0,
                    0.0,
                    0.0
                ],
                [
                    0.0,
                    0.0,
                    0.0
                ],
                [
                    0.0,
                    0.0,
                    0.0
                ],
                [
                    0.0,
                    0.0,
                    0.0
                ]
            ],
            "isKeyframe": false
        }
    ],
    "isKeyframe": true
}