{
    "filename": "images/demo_H2FNV1/000185.jpg",
    "height": 1080,
    "width": 1920,
    "annots": [
        {
            "bbox": [
                837,
                207,
                1101,
                621,
                0,
                0,
                1
            ],
            "personID": 0,
            "keypoints": [
                [
                    982.8958129882812,
                    555.2708740234375,
                    0.7143434882164001
                ],
                [
                    941.4583129882812,
                    494.7083435058594,
                    0.2052183747291565
                ],
                [
                    946.7708129882812,
                    493.6458435058594,
                    0.2052183747291565
                ],
                [
                    999.8958129882812,
                    438.3958435058594,
                    0.24145621061325073
                ],
                [
                    1038.145751953125,
                    387.3958435058594,
                    0.27770596742630005
                ],
                [
                    936.1458129882812,
                    495.7708435058594,
                    0.6402891278266907
                ],
                [
                    914.8958129882812,
                    415.0208435058594,
                    0.8795275688171387
                ],
                [
                    989.2708129882812,
                    395.8958435058594,
                    0.7665204405784607
                ],
                [
                    909.5833129882812,
                    324.7083435058594,
                    0.1960574984550476
                ],
                [
                    914.8958129882812,
                    313.0208435058594,
                    0.5085713267326355
                ],
                [
                    1042.395751953125,
                    378.8958435058594,
                    0.49546560645103455
                ],
                [
                    997.7708129882812,
                    302.3958435058594,
                    0.3489382266998291
                ],
                [
                    904.2708129882812,
                    336.3958435058594,
                    0.1960574984550476
                ],
                [
                    999.8958129882812,
                    393.7708435058594,
                    0.4448626637458801
                ],
                [
                    978.6458129882812,
                    289.6458435058594,
                    0.6667649745941162
                ],
                [
                    811.8333129882812,
                    199.33334350585938,
                    0.0
                ],
                [
                    811.8333129882812,
                    199.33334350585938,
                    0.0
                ],
                [
                    811.8333129882812,
                    199.33334350585938,
                    0.0
                ],
                [
                    811.8333129882812,
                    199.33334350585938,
                    0.0
                ],
                [
                    0.0,
                    0.0,
                    0.0
                ],
                [
                    0.0,
                    0.0,
                    0.0
                ],
                [
                    0.0,
                    0.0,
                    0.0
                ],
                [
                    0.0,
                    0.0,
                    0.0
                ],
                [
                    0.0,
                    0.0,
                    0.0
                ],
                [
                    0.0,
                    0.0,
                    0.0
                ]
            ],
            "isKeyframe": false
        },
        {
            "bbox": [
                35,
                266,
                235,
                555,
                0,
                0,
                1
            ],
            "personID": 1,
            "keypoints": [
                [
                    151.43228149414062,
                    521.765625,
                    0.5771718621253967
                ],
                [
                    157.22395706176758,
                    463.8489685058594,
                    0.5484118461608887
                ],
                [
                    125.36978912353516,
                    468.1927185058594,
                    0.6861808896064758
                ],
                [
                    84.82811737060547,
                    410.2760314941406,
                    0.7299157381057739
                ],
                [
                    84.82811737060547,
                    407.3802185058594,
                    0.29195478558540344
                ],
                [
                    189.078125,
                    459.5052185058594,
                    0.5484118461608887
                ],
                [
                    207.90103149414062,
                    391.453125,
                    0.717873215675354
                ],
                [
                    152.8802032470703,
                    376.9739685058594,
                    0.010505322366952896
                ],
                [
                    144.1927032470703,
                    359.5989532470703,
                    0.050326284021139145
                ],
                [
                    118.13020324707031,
                    361.046875,
                    0.050326284021139145
                ],
                [
                    99.30728912353516,
                    401.5885314941406,
                    0.1038655936717987
                ],
                [
                    93.51561737060547,
                    336.4322814941406,
                    0.5276894569396973
                ],
                [
                    170.2552032470703,
                    358.1510314941406,
                    0.24237298965454102
                ],
                [
                    135.5052032470703,
                    394.3489685058594,
                    0.01917143538594246
                ],
                [
                    122.47395324707031,
                    316.1614685058594,
                    0.22030192613601685
                ],
                [
                    29.083328247070312,
                    272.0,
                    0.0
                ],
                [
                    29.083328247070312,
                    272.0,
                    0.0
                ],
                [
                    29.083328247070312,
                    272.0,
                    0.0
                ],
                [
                    29.083328247070312,
                    272.0,
                    0.0
                ],
                [
                    0.0,
                    0.0,
                    0.0
                ],
                [
                    0.0,
                    0.0,
                    0.0
                ],
                [
                    0.0,
                    0.0,
                    0.0
                ],
                [
                    0.0,
                    0.0,
                    0.0
                ],
                [
                    0.0,
                    0.0,
                    0.0
                ],
                [
                    0.0,
                    0.0,
                    0.0
                ]
            ],
            "isKeyframe": false
        }
    ],
    "isKeyframe": false
}