{
    "filename": "images/demo_H2FNV1/000129.jpg",
    "height": 1080,
    "width": 1920,
    "annots": [
        {
            "bbox": [
                822.7781982421875,
                237.12367248535156,
                1081.0770263671875,
                815.5223388671875,
                1.0,
                1.0,
                0.0
            ],
            "personID": 0,
            "keypoints": [
                [
                    1007.6587524414062,
                    325.9921875,
                    0.981081485748291
                ],
                [
                    989.5837707519531,
                    395.27952575683594,
                    0.6781001687049866
                ],
                [
                    1004.646240234375,
                    401.30450439453125,
                    0.6781001687049866
                ],
                [
                    1031.7586669921875,
                    332.01715087890625,
                    0.5950022339820862
                ],
                [
                    1049.8336181640625,
                    277.7922668457031,
                    0.5882014036178589
                ],
                [
                    974.5213012695312,
                    389.2545471191406,
                    0.7738065719604492
                ],
                [
                    959.4588623046875,
                    322.97967529296875,
                    0.926826000213623
                ],
                [
                    1025.7337646484375,
                    265.7423095703125,
                    0.9406141638755798
                ],
                [
                    908.2464599609375,
                    529.3354797363281,
                    0.785467267036438
                ],
                [
                    929.3339233398438,
                    530.8417358398438,
                    0.795619785785675
                ],
                [
                    905.2339477539062,
                    633.2665405273438,
                    0.9080643057823181
                ],
                [
                    920.2964477539062,
                    744.728759765625,
                    0.8807532787322998
                ],
                [
                    887.1589965820312,
                    527.8292236328125,
                    0.785467267036438
                ],
                [
                    860.0465698242188,
                    645.3164672851562,
                    0.9462695717811584
                ],
                [
                    875.1090087890625,
                    759.791259765625,
                    0.8863794207572937
                ],
                [
                    0.0,
                    0.0,
                    0.0
                ],
                [
                    0.0,
                    0.0,
                    0.0
                ],
                [
                    0.0,
                    0.0,
                    0.0
                ],
                [
                    0.0,
                    0.0,
                    0.0
                ],
                [
                    0.0,
                    0.0,
                    0.0
                ],
                [
                    0.0,
                    0.0,
                    0.0
                ],
                [
                    0.0,
                    0.0,
                    0.0
                ],
                [
                    0.0,
                    0.0,
                    0.0
                ],
                [
                    0.0,
                    0.0,
                    0.0
                ],
                [
                    0.0,
                    0.0,
                    0.0
                ]
            ],
            "isKeyframe": true,
            "area": 334545.01727228635
        },
        {
            "bbox": [
                81.39521026611328,
                293.850830078125,
                251.8871612548828,
                740.7134399414062,
                1.0,
                1.0,
                0.0
            ],
            "personID": 1,
            "keypoints": [
                [
                    121.2566909790039,
                    360.18194580078125,
                    0.8583941459655762
                ],
                [
                    151.51301193237305,
                    392.76568603515625,
                    0.8998339772224426
                ],
                [
                    123.58409881591797,
                    402.0753173828125,
                    0.8998339772224426
                ],
                [
                    72.38108825683594,
                    355.5271301269531,
                    0.9530282616615295
                ],
                [
                    79.36331939697266,
                    322.94342041015625,
                    0.9420165419578552
                ],
                [
                    179.44192504882812,
                    383.4560546875,
                    0.9010562896728516
                ],
                [
                    188.75157165527344,
                    341.56268310546875,
                    0.9453023076057434
                ],
                [
                    137.54855346679688,
                    318.28857421875,
                    0.9102475643157959
                ],
                [
                    201.55231475830078,
                    481.2072448730469,
                    0.797615647315979
                ],
                [
                    179.44192504882812,
                    485.862060546875,
                    0.8980237245559692
                ],
                [
                    188.75157165527344,
                    574.3036499023438,
                    0.8521133661270142
                ],
                [
                    181.7693328857422,
                    653.435546875,
                    0.8195356726646423
                ],
                [
                    223.66270446777344,
                    476.55242919921875,
                    0.797615647315979
                ],
                [
                    232.97235107421875,
                    576.6310424804688,
                    0.9175159335136414
                ],
                [
                    230.6449432373047,
                    658.0903930664062,
                    0.8244635462760925
                ],
                [
                    0.0,
                    0.0,
                    0.0
                ],
                [
                    0.0,
                    0.0,
                    0.0
                ],
                [
                    0.0,
                    0.0,
                    0.0
                ],
                [
                    0.0,
                    0.0,
                    0.0
                ],
                [
                    0.0,
                    0.0,
                    0.0
                ],
                [
                    0.0,
                    0.0,
                    0.0
                ],
                [
                    0.0,
                    0.0,
                    0.0
                ],
                [
                    0.0,
                    0.0,
                    0.0
                ],
                [
                    0.0,
                    0.0,
                    0.0
                ],
                [
                    0.0,
                    0.0,
                    0.0
                ]
            ],
            "isKeyframe": true,
            "area": 199686.1920938231
        }
    ],
    "isKeyframe": false
}