{
    "filename": "images/demo_H2FNV1/000177.jpg",
    "height": 1080,
    "width": 1920,
    "annots": [
        {
            "bbox": [
                73.27098846435547,
                251.71136474609375,
                226.11557006835938,
                512.8065185546875,
                1.0,
                1.0,
                0.0
            ],
            "personID": 1,
            "keypoints": [
                [
                    120.18907165527344,
                    497.4577941894531,
                    0.3390328288078308
                ],
                [
                    132.2218780517578,
                    448.6187438964844,
                    0.24063991010189056
                ],
                [
                    103.20156860351562,
                    443.6640625,
                    0.48341336846351624
                ],
                [
                    87.62969970703125,
                    396.94842529296875,
                    0.8185386061668396
                ],
                [
                    90.46094512939453,
                    353.0640563964844,
                    0.6397268176078796
                ],
                [
                    161.2421875,
                    453.57342529296875,
                    0.24063991010189056
                ],
                [
                    203.7109375,
                    406.8578186035156,
                    0.003861212870106101
                ],
                [
                    165.4890594482422,
                    372.8828125,
                    0.00386500870808959
                ],
                [
                    169.7359390258789,
                    377.8374938964844,
                    0.17968466877937317
                ],
                [
                    141.42344665527344,
                    379.9609375,
                    0.17968466877937317
                ],
                [
                    108.86406707763672,
                    361.55780029296875,
                    0.6652023196220398
                ],
                [
                    118.77344512939453,
                    304.9328308105469,
                    0.5483110547065735
                ],
                [
                    198.04843139648438,
                    375.71405029296875,
                    0.3267628848552704
                ],
                [
                    161.2421875,
                    341.73907470703125,
                    0.258558064699173
                ],
                [
                    161.2421875,
                    306.34844970703125,
                    0.6553159952163696
                ],
                [
                    37.37501525878906,
                    247.6000213623047,
                    0.0
                ],
                [
                    37.37501525878906,
                    247.6000213623047,
                    0.0
                ],
                [
                    37.37501525878906,
                    247.6000213623047,
                    0.0
                ],
                [
                    37.37501525878906,
                    247.6000213623047,
                    0.0
                ],
                [
                    0.0,
                    0.0,
                    0.0
                ],
                [
                    0.0,
                    0.0,
                    0.0
                ],
                [
                    0.0,
                    0.0,
                    0.0
                ],
                [
                    0.0,
                    0.0,
                    0.0
                ],
                [
                    0.0,
                    0.0,
                    0.0
                ],
                [
                    0.0,
                    0.0,
                    0.0
                ]
            ],
            "isKeyframe": true,
            "area": 68170.67934233323
        },
        {
            "bbox": [
                807,
                171,
                1092,
                566,
                0,
                0,
                1
            ],
            "personID": 0,
            "keypoints": [
                [
                    1052.7427978515625,
                    500.45635986328125,
                    0.6608746647834778
                ],
                [
                    1004.0906677246094,
                    455.9449005126953,
                    0.7006390690803528
                ],
                [
                    1021.688232421875,
                    442.4879455566406,
                    0.7034960985183716
                ],
                [
                    998.9149169921875,
                    376.23828125,
                    0.8069337010383606
                ],
                [
                    1019.617919921875,
                    326.5510559082031,
                    0.42842748761177063
                ],
                [
                    986.4931030273438,
                    469.40185546875,
                    0.7006390690803528
                ],
                [
                    928.524658203125,
                    386.5898132324219,
                    0.8536887168884277
                ],
                [
                    976.1416015625,
                    332.761962890625,
                    0.7132863402366638
                ],
                [
                    874.6968383789062,
                    351.3946838378906,
                    0.2885025143623352
                ],
                [
                    882.97802734375,
                    334.832275390625,
                    0.2885025143623352
                ],
                [
                    1013.4070434570312,
                    332.761962890625,
                    0.5011841654777527
                ],
                [
                    924.3840942382812,
                    256.16082763671875,
                    0.17989994585514069
                ],
                [
                    866.4156494140625,
                    367.95709228515625,
                    0.5344311594963074
                ],
                [
                    1005.1258544921875,
                    324.48077392578125,
                    0.42696788907051086
                ],
                [
                    909.8919677734375,
                    258.2311096191406,
                    0.5259886980056763
                ],
                [
                    805.3417358398438,
                    168.1730194091797,
                    0.0
                ],
                [
                    805.3417358398438,
                    168.1730194091797,
                    0.0
                ],
                [
                    805.3417358398438,
                    168.1730194091797,
                    0.0
                ],
                [
                    805.3417358398438,
                    168.1730194091797,
                    0.0
                ],
                [
                    0.0,
                    0.0,
                    0.0
                ],
                [
                    0.0,
                    0.0,
                    0.0
                ],
                [
                    0.0,
                    0.0,
                    0.0
                ],
                [
                    0.0,
                    0.0,
                    0.0
                ],
                [
                    0.0,
                    0.0,
                    0.0
                ],
                [
                    0.0,
                    0.0,
                    0.0
                ]
            ],
            "isKeyframe": false
        }
    ],
    "isKeyframe": false
}