{
    "filename": "images/demo_H2FNV1/000150.jpg",
    "height": 1080,
    "width": 1920,
    "annots": [
        {
            "bbox": [
                771.823486328125,
                167.92613220214844,
                1146.3023681640625,
                563.3714599609375,
                1.0,
                1.0,
                0.0
            ],
            "personID": 0,
            "keypoints": [
                [
                    1111.1949462890625,
                    333.1419677734375,
                    0.9821684956550598
                ],
                [
                    1040.9801635742188,
                    366.94908142089844,
                    0.6394714117050171
                ],
                [
                    1046.1812744140625,
                    369.54962158203125,
                    0.6900840401649475
                ],
                [
                    1043.5806884765625,
                    299.3348388671875,
                    0.9738624095916748
                ],
                [
                    1035.779052734375,
                    229.1200408935547,
                    0.938783586025238
                ],
                [
                    1035.779052734375,
                    364.3485412597656,
                    0.6394714117050171
                ],
                [
                    955.162109375,
                    294.13372802734375,
                    0.936991274356842
                ],
                [
                    970.765380859375,
                    205.71511840820312,
                    0.8982199430465698
                ],
                [
                    913.5533142089844,
                    443.6652374267578,
                    0.6128138303756714
                ],
                [
                    923.9555053710938,
                    450.1665954589844,
                    0.6128138303756714
                ],
                [
                    814.7325439453125,
                    400.7561950683594,
                    0.4607110917568207
                ],
                [
                    843.3385620117188,
                    496.9764709472656,
                    0.8205307722091675
                ],
                [
                    903.151123046875,
                    437.16387939453125,
                    0.6893226504325867
                ],
                [
                    793.9281616210938,
                    403.35675048828125,
                    0.9026169180870056
                ],
                [
                    819.93359375,
                    517.7808227539062,
                    0.8009682893753052
                ],
                [
                    0.0,
                    0.0,
                    0.0
                ],
                [
                    0.0,
                    0.0,
                    0.0
                ],
                [
                    0.0,
                    0.0,
                    0.0
                ],
                [
                    0.0,
                    0.0,
                    0.0
                ],
                [
                    0.0,
                    0.0,
                    0.0
                ],
                [
                    0.0,
                    0.0,
                    0.0
                ],
                [
                    0.0,
                    0.0,
                    0.0
                ],
                [
                    0.0,
                    0.0,
                    0.0
                ],
                [
                    0.0,
                    0.0,
                    0.0
                ],
                [
                    0.0,
                    0.0,
                    0.0
                ]
            ],
            "isKeyframe": true,
            "area": 156377.0072462561
        },
        {
            "bbox": [
                52.896793365478516,
                237.53958129882812,
                269.77679443359375,
                533.5892333984375,
                1.0,
                1.0,
                0.0
            ],
            "personID": 1,
            "keypoints": [
                [
                    105.0565185546875,
                    357.0387878417969,
                    0.9663917422294617
                ],
                [
                    125.1015510559082,
                    375.5418701171875,
                    0.5134170651435852
                ],
                [
                    83.46956634521484,
                    375.5418701171875,
                    0.6810716986656189
                ],
                [
                    63.42454147338867,
                    336.9937438964844,
                    0.8850311040878296
                ],
                [
                    69.59223937988281,
                    283.0263671875,
                    0.843037486076355
                ],
                [
                    166.73353576660156,
                    375.5418701171875,
                    0.5134170651435852
                ],
                [
                    206.82359313964844,
                    338.5356750488281,
                    0.815514087677002
                ],
                [
                    203.73973083496094,
                    292.2779235839844,
                    0.8861969709396362
                ],
                [
                    167.5044937133789,
                    416.4029083251953,
                    0.4170398712158203
                ],
                [
                    149.77235412597656,
                    420.2577209472656,
                    0.45337143540382385
                ],
                [
                    192.94625854492188,
                    411.00616455078125,
                    0.48249515891075134
                ],
                [
                    205.2816619873047,
                    497.3539733886719,
                    0.810466468334198
                ],
                [
                    185.23663330078125,
                    412.548095703125,
                    0.4170398712158203
                ],
                [
                    246.91363525390625,
                    412.548095703125,
                    0.825009822845459
                ],
                [
                    242.28787231445312,
                    498.8959045410156,
                    0.7192232012748718
                ],
                [
                    0.0,
                    0.0,
                    0.0
                ],
                [
                    0.0,
                    0.0,
                    0.0
                ],
                [
                    0.0,
                    0.0,
                    0.0
                ],
                [
                    0.0,
                    0.0,
                    0.0
                ],
                [
                    0.0,
                    0.0,
                    0.0
                ],
                [
                    0.0,
                    0.0,
                    0.0
                ],
                [
                    0.0,
                    0.0,
                    0.0
                ],
                [
                    0.0,
                    0.0,
                    0.0
                ],
                [
                    0.0,
                    0.0,
                    0.0
                ],
                [
                    0.0,
                    0.0,
                    0.0
                ]
            ],
            "isKeyframe": true,
            "area": 87645.39650829975
        }
    ],
    "isKeyframe": false
}