{
    "filename": "images/demo_H2FNV1/000135.jpg",
    "height": 1080,
    "width": 1920,
    "annots": [
        {
            "bbox": [
                817.2806396484375,
                201.69065856933594,
                1081.1153564453125,
                767.3462524414062,
                1.0,
                1.0,
                0.0
            ],
            "personID": 0,
            "keypoints": [
                [
                    1033.1624755859375,
                    321.00860595703125,
                    0.9389880895614624
                ],
                [
                    1003.7012634277344,
                    390.24249267578125,
                    0.6033623218536377
                ],
                [
                    1012.5396118164062,
                    394.66168212890625,
                    0.6033623218536377
                ],
                [
                    1065.56982421875,
                    323.9547424316406,
                    0.41097959876060486
                ],
                [
                    1068.5159912109375,
                    265.03228759765625,
                    0.5756960511207581
                ],
                [
                    994.8629150390625,
                    385.82330322265625,
                    0.7877634763717651
                ],
                [
                    977.1861572265625,
                    318.0625,
                    0.9105870127677917
                ],
                [
                    1044.947021484375,
                    262.0861511230469,
                    0.9344356060028076
                ],
                [
                    905.0061645507812,
                    493.35679626464844,
                    0.7368689775466919
                ],
                [
                    921.2098388671875,
                    494.8298645019531,
                    0.7706052660942078
                ],
                [
                    888.802490234375,
                    592.0519409179688,
                    0.9110987782478333
                ],
                [
                    906.4791870117188,
                    698.1123657226562,
                    0.8681538701057434
                ],
                [
                    888.802490234375,
                    491.88372802734375,
                    0.7368689775466919
                ],
                [
                    841.6644897460938,
                    600.8902587890625,
                    0.9374457597732544
                ],
                [
                    871.125732421875,
                    715.7890625,
                    0.7850701808929443
                ],
                [
                    0.0,
                    0.0,
                    0.0
                ],
                [
                    0.0,
                    0.0,
                    0.0
                ],
                [
                    0.0,
                    0.0,
                    0.0
                ],
                [
                    0.0,
                    0.0,
                    0.0
                ],
                [
                    0.0,
                    0.0,
                    0.0
                ],
                [
                    0.0,
                    0.0,
                    0.0
                ],
                [
                    0.0,
                    0.0,
                    0.0
                ],
                [
                    0.0,
                    0.0,
                    0.0
                ],
                [
                    0.0,
                    0.0,
                    0.0
                ],
                [
                    0.0,
                    0.0,
                    0.0
                ]
            ],
            "isKeyframe": true,
            "area": 319966.25087876455
        },
        {
            "bbox": [
                65.09928894042969,
                289.5166320800781,
                257.13861083984375,
                684.4352416992188,
                1.0,
                1.0,
                0.0
            ],
            "personID": 1,
            "keypoints": [
                [
                    110.72569274902344,
                    358.4217224121094,
                    0.7429261803627014
                ],
                [
                    141.5787124633789,
                    384.13255310058594,
                    0.8507356643676758
                ],
                [
                    112.78256225585938,
                    389.27471923828125,
                    0.8507356643676758
                ],
                [
                    61.360870361328125,
                    352.2510986328125,
                    0.9315381646156311
                ],
                [
                    75.75894165039062,
                    319.3412170410156,
                    0.9267159104347229
                ],
                [
                    170.37486267089844,
                    378.9903869628906,
                    0.8761892914772034
                ],
                [
                    188.8866729736328,
                    339.909912109375,
                    0.9543637037277222
                ],
                [
                    141.57872009277344,
                    315.22747802734375,
                    0.9276931881904602
                ],
                [
                    195.05728149414062,
                    459.20823669433594,
                    0.8432718515396118
                ],
                [
                    174.4886016845703,
                    461.2651062011719,
                    0.8432718515396118
                ],
                [
                    195.05728149414062,
                    549.71044921875,
                    0.9195629954338074
                ],
                [
                    184.77293395996094,
                    621.7008056640625,
                    0.8778168559074402
                ],
                [
                    215.62596130371094,
                    457.1513671875,
                    0.8475770354270935
                ],
                [
                    240.30836486816406,
                    545.5966796875,
                    0.9011048674583435
                ],
                [
                    234.1377716064453,
                    621.7008056640625,
                    0.8661550879478455
                ],
                [
                    0.0,
                    0.0,
                    0.0
                ],
                [
                    0.0,
                    0.0,
                    0.0
                ],
                [
                    0.0,
                    0.0,
                    0.0
                ],
                [
                    0.0,
                    0.0,
                    0.0
                ],
                [
                    0.0,
                    0.0,
                    0.0
                ],
                [
                    0.0,
                    0.0,
                    0.0
                ],
                [
                    0.0,
                    0.0,
                    0.0
                ],
                [
                    0.0,
                    0.0,
                    0.0
                ],
                [
                    0.0,
                    0.0,
                    0.0
                ],
                [
                    0.0,
                    0.0,
                    0.0
                ]
            ],
            "isKeyframe": true,
            "area": 155960.7082235152
        }
    ],
    "isKeyframe": false
}