{
    "filename": "images/demo_H2FNV1/000141.jpg",
    "height": 1080,
    "width": 1920,
    "annots": [
        {
            "bbox": [
                789.398193359375,
                186.60401916503906,
                1128.8929443359375,
                662.4459228515625,
                1.0,
                1.0,
                0.0
            ],
            "personID": 0,
            "keypoints": [
                [
                    1079.34521484375,
                    316.717041015625,
                    0.9335008859634399
                ],
                [
                    1021.1041870117188,
                    377.4364318847656,
                    0.5052614212036133
                ],
                [
                    1027.300048828125,
                    378.67559814453125,
                    0.5052614212036133
                ],
                [
                    1071.91015625,
                    304.3253173828125,
                    0.9026365876197815
                ],
                [
                    1079.34521484375,
                    239.8883819580078,
                    0.8280717730522156
                ],
                [
                    1014.9083251953125,
                    376.197265625,
                    0.6385201215744019
                ],
                [
                    977.733154296875,
                    301.8469543457031,
                    0.9234858751296997
                ],
                [
                    1032.2567138671875,
                    242.36672973632812,
                    0.8746609091758728
                ],
                [
                    907.1003723144531,
                    459.2217712402344,
                    0.5383356213569641
                ],
                [
                    920.7312622070312,
                    465.4176330566406,
                    0.5383356213569641
                ],
                [
                    858.7726440429688,
                    532.3328857421875,
                    0.8066624999046326
                ],
                [
                    900.9044799804688,
                    648.8150634765625,
                    0.3410807251930237
                ],
                [
                    893.469482421875,
                    453.0259094238281,
                    0.7158005237579346
                ],
                [
                    806.7274169921875,
                    522.4194946289062,
                    0.8841211199760437
                ],
                [
                    856.2943115234375,
                    633.9449462890625,
                    0.7133888006210327
                ],
                [
                    0.0,
                    0.0,
                    0.0
                ],
                [
                    0.0,
                    0.0,
                    0.0
                ],
                [
                    0.0,
                    0.0,
                    0.0
                ],
                [
                    0.0,
                    0.0,
                    0.0
                ],
                [
                    0.0,
                    0.0,
                    0.0
                ],
                [
                    0.0,
                    0.0,
                    0.0
                ],
                [
                    0.0,
                    0.0,
                    0.0
                ],
                [
                    0.0,
                    0.0,
                    0.0
                ],
                [
                    0.0,
                    0.0,
                    0.0
                ],
                [
                    0.0,
                    0.0,
                    0.0
                ]
            ],
            "isKeyframe": true,
            "area": 226425.51730401465
        },
        {
            "bbox": [
                35.63053894042969,
                265.7920837402344,
                276.0813293457031,
                609.5030517578125,
                1.0,
                1.0,
                0.0
            ],
            "personID": 1,
            "keypoints": [
                [
                    95.88552856445312,
                    354.40509033203125,
                    0.0
                ],
                [
                    131.68875122070312,
                    374.09686279296875,
                    0.7853399515151978
                ],
                [
                    97.67568969726562,
                    374.09686279296875,
                    0.791324257850647
                ],
                [
                    51.131500244140625,
                    340.08380126953125,
                    0.9385636448860168
                ],
                [
                    67.24295043945312,
                    304.28057861328125,
                    0.9438652992248535
                ],
                [
                    165.70181274414062,
                    374.09686279296875,
                    0.7853399515151978
                ],
                [
                    197.92471313476562,
                    338.29364013671875,
                    0.9413658380508423
                ],
                [
                    167.49197387695312,
                    298.91009521484375,
                    0.8846781849861145
                ],
                [
                    181.81326293945312,
                    422.43121337890625,
                    0.663983941078186
                ],
                [
                    165.70181274414062,
                    426.01153564453125,
                    0.8263019919395447
                ],
                [
                    203.29519653320312,
                    490.45733642578125,
                    0.9313123822212219
                ],
                [
                    196.13455200195312,
                    572.8047485351562,
                    0.8368239402770996
                ],
                [
                    197.92471313476562,
                    418.85089111328125,
                    0.663983941078186
                ],
                [
                    251.62954711914062,
                    494.03765869140625,
                    0.8963829874992371
                ],
                [
                    241.78366088867188,
                    605.9227294921875,
                    0.5212929248809814
                ],
                [
                    0.0,
                    0.0,
                    0.0
                ],
                [
                    0.0,
                    0.0,
                    0.0
                ],
                [
                    0.0,
                    0.0,
                    0.0
                ],
                [
                    0.0,
                    0.0,
                    0.0
                ],
                [
                    0.0,
                    0.0,
                    0.0
                ],
                [
                    0.0,
                    0.0,
                    0.0
                ],
                [
                    0.0,
                    0.0,
                    0.0
                ],
                [
                    0.0,
                    0.0,
                    0.0
                ],
                [
                    0.0,
                    0.0,
                    0.0
                ],
                [
                    0.0,
                    0.0,
                    0.0
                ]
            ],
            "isKeyframe": true,
            "area": 118137.22953558061
        }
    ],
    "isKeyframe": false
}