{
    "filename": "images/demo_H2FNV1/000132.jpg",
    "height": 1080,
    "width": 1920,
    "annots": [
        {
            "bbox": [
                820.0889282226562,
                202.64573669433594,
                1081.082763671875,
                817.41943359375,
                1.0,
                1.0,
                0.0
            ],
            "personID": 0,
            "keypoints": [
                [
                    1019.4276733398438,
                    322.71875,
                    1.0206620693206787
                ],
                [
                    997.0140380859375,
                    389.95960998535156,
                    0.5218588709831238
                ],
                [
                    1006.619873046875,
                    393.16156005859375,
                    0.5218588709831238
                ],
                [
                    1045.043212890625,
                    309.91094970703125,
                    0.8140012621879578
                ],
                [
                    1054.6490478515625,
                    319.51678466796875,
                    0.576968252658844
                ],
                [
                    987.408203125,
                    386.7576599121094,
                    0.8425400257110596
                ],
                [
                    971.3984985351562,
                    322.71875,
                    0.9527753591537476
                ],
                [
                    1035.4373779296875,
                    268.28564453125,
                    0.9349033236503601
                ],
                [
                    902.5566101074219,
                    511.6335754394531,
                    0.7945983409881592
                ],
                [
                    920.1672973632812,
                    511.6335754394531,
                    0.7945983409881592
                ],
                [
                    897.7537231445312,
                    610.8939208984375,
                    0.863547146320343
                ],
                [
                    910.5614624023438,
                    719.7600708007812,
                    0.8278172612190247
                ],
                [
                    884.9459228515625,
                    511.6335754394531,
                    0.806892991065979
                ],
                [
                    852.9264526367188,
                    620.499755859375,
                    0.9192280769348145
                ],
                [
                    872.1381225585938,
                    742.1737060546875,
                    0.8217632174491882
                ],
                [
                    0.0,
                    0.0,
                    0.0
                ],
                [
                    0.0,
                    0.0,
                    0.0
                ],
                [
                    0.0,
                    0.0,
                    0.0
                ],
                [
                    0.0,
                    0.0,
                    0.0
                ],
                [
                    0.0,
                    0.0,
                    0.0
                ],
                [
                    0.0,
                    0.0,
                    0.0
                ],
                [
                    0.0,
                    0.0,
                    0.0
                ],
                [
                    0.0,
                    0.0,
                    0.0
                ],
                [
                    0.0,
                    0.0,
                    0.0
                ],
                [
                    0.0,
                    0.0,
                    0.0
                ]
            ],
            "isKeyframe": true,
            "area": 377946.69839937263
        },
        {
            "bbox": [
                68.72329711914062,
                293.1586608886719,
                252.86679077148438,
                695.9147338867188,
                1.0,
                1.0,
                0.0
            ],
            "personID": 1,
            "keypoints": [
                [
                    119.89012908935547,
                    355.0404357910156,
                    0.7888447642326355
                ],
                [
                    148.20891952514648,
                    387.5545959472656,
                    0.8569321632385254
                ],
                [
                    119.89012908935547,
                    394.8965148925781,
                    0.8569321632385254
                ],
                [
                    67.44792938232422,
                    352.9427490234375,
                    0.9531229734420776
                ],
                [
                    77.93636322021484,
                    323.5751037597656,
                    0.9214351773262024
                ],
                [
                    176.5277099609375,
                    380.2126770019531,
                    0.8602520227432251
                ],
                [
                    187.01614379882812,
                    342.45428466796875,
                    0.9497109055519104
                ],
                [
                    138.76931762695312,
                    317.28204345703125,
                    0.9391873478889465
                ],
                [
                    198.55342864990234,
                    472.5109558105469,
                    0.8424181938171387
                ],
                [
                    178.62539672851562,
                    474.608642578125,
                    0.8424181938171387
                ],
                [
                    193.3092041015625,
                    560.6138305664062,
                    0.8602281212806702
                ],
                [
                    187.01614379882812,
                    638.2283325195312,
                    0.8213604092597961
                ],
                [
                    218.48146057128906,
                    470.41326904296875,
                    0.8571813106536865
                ],
                [
                    235.26296997070312,
                    558.5161743164062,
                    0.9128013253211975
                ],
                [
                    231.06759643554688,
                    638.2283325195312,
                    0.7970458269119263
                ],
                [
                    0.0,
                    0.0,
                    0.0
                ],
                [
                    0.0,
                    0.0,
                    0.0
                ],
                [
                    0.0,
                    0.0,
                    0.0
                ],
                [
                    0.0,
                    0.0,
                    0.0
                ],
                [
                    0.0,
                    0.0,
                    0.0
                ],
                [
                    0.0,
                    0.0,
                    0.0
                ],
                [
                    0.0,
                    0.0,
                    0.0
                ],
                [
                    0.0,
                    0.0,
                    0.0
                ],
                [
                    0.0,
                    0.0,
                    0.0
                ],
                [
                    0.0,
                    0.0,
                    0.0
                ]
            ],
            "isKeyframe": true,
            "area": 162212.45433680806
        }
    ],
    "isKeyframe": false
}