{
    "filename": "images/demo_H2FNV1/000121.jpg",
    "height": 1080,
    "width": 1920,
    "annots": [
        {
            "bbox": [
                819.473388671875,
                222.39407348632812,
                1023.7551879882812,
                844.9826049804688,
                1.0,
                1.0,
                0.0
            ],
            "personID": 0,
            "keypoints": [
                [
                    939.4488525390625,
                    395.87579345703125,
                    0.9714544415473938
                ],
                [
                    952.4194030761719,
                    442.8942108154297,
                    0.8366943001747131
                ],
                [
                    978.360595703125,
                    447.7581787109375,
                    0.8366943001747131
                ],
                [
                    958.9047241210938,
                    369.93463134765625,
                    0.9505290389060974
                ],
                [
                    955.6620483398438,
                    311.56695556640625,
                    0.9752348065376282
                ],
                [
                    926.4782104492188,
                    438.0302429199219,
                    0.9319273829460144
                ],
                [
                    881.0811767578125,
                    369.93463134765625,
                    0.9872584342956543
                ],
                [
                    916.7503051757812,
                    292.1110534667969,
                    0.8786994218826294
                ],
                [
                    939.4488220214844,
                    616.3758544921875,
                    0.7679826021194458
                ],
                [
                    962.1473388671875,
                    616.3758544921875,
                    0.7679826021194458
                ],
                [
                    894.0517578125,
                    700.6847534179688,
                    0.9003967642784119
                ],
                [
                    926.4782104492188,
                    788.2362670898438,
                    0.8773462176322937
                ],
                [
                    916.7503051757812,
                    616.3758544921875,
                    0.8225618004798889
                ],
                [
                    845.4119873046875,
                    700.6847534179688,
                    0.9493144154548645
                ],
                [
                    897.2943725585938,
                    801.2068481445312,
                    0.9103103280067444
                ],
                [
                    0.0,
                    0.0,
                    0.0
                ],
                [
                    0.0,
                    0.0,
                    0.0
                ],
                [
                    0.0,
                    0.0,
                    0.0
                ],
                [
                    0.0,
                    0.0,
                    0.0
                ],
                [
                    0.0,
                    0.0,
                    0.0
                ],
                [
                    0.0,
                    0.0,
                    0.0
                ],
                [
                    0.0,
                    0.0,
                    0.0
                ],
                [
                    0.0,
                    0.0,
                    0.0
                ],
                [
                    0.0,
                    0.0,
                    0.0
                ],
                [
                    0.0,
                    0.0,
                    0.0
                ]
            ],
            "isKeyframe": true,
            "area": 387616.47954803053
        },
        {
            "bbox": [
                95.05376434326172,
                291.38421630859375,
                258.7790832519531,
                725.19482421875,
                1.0,
                1.0,
                0.0
            ],
            "personID": 1,
            "keypoints": [
                [
                    157.7112579345703,
                    387.4100036621094,
                    0.7971810698509216
                ],
                [
                    167.87869262695312,
                    437.1174621582031,
                    0.876144289970398
                ],
                [
                    141.89524841308594,
                    446.1551818847656,
                    0.8825672268867493
                ],
                [
                    112.52264404296875,
                    389.66943359375,
                    0.9035285115242004
                ],
                [
                    119.30094146728516,
                    339.9619445800781,
                    0.9244354367256165
                ],
                [
                    193.8621368408203,
                    428.0797424316406,
                    0.876144289970398
                ],
                [
                    209.6781463623047,
                    373.8534240722656,
                    0.9708563685417175
                ],
                [
                    178.04612731933594,
                    335.4430847167969,
                    0.9510945677757263
                ],
                [
                    191.6027069091797,
                    543.3106689453125,
                    0.8287337422370911
                ],
                [
                    171.26783752441406,
                    547.8295288085938,
                    0.8287337422370911
                ],
                [
                    198.38099670410156,
                    613.35302734375,
                    0.892693817615509
                ],
                [
                    187.08384704589844,
                    687.9142456054688,
                    0.9024407267570496
                ],
                [
                    211.9375762939453,
                    538.7918090820312,
                    0.8873400092124939
                ],
                [
                    241.3101806640625,
                    613.35302734375,
                    0.9319186806678772
                ],
                [
                    211.9375762939453,
                    681.1359252929688,
                    0.8954364657402039
                ],
                [
                    0.0,
                    0.0,
                    0.0
                ],
                [
                    0.0,
                    0.0,
                    0.0
                ],
                [
                    0.0,
                    0.0,
                    0.0
                ],
                [
                    0.0,
                    0.0,
                    0.0
                ],
                [
                    0.0,
                    0.0,
                    0.0
                ],
                [
                    0.0,
                    0.0,
                    0.0
                ],
                [
                    0.0,
                    0.0,
                    0.0
                ],
                [
                    0.0,
                    0.0,
                    0.0
                ],
                [
                    0.0,
                    0.0,
                    0.0
                ],
                [
                    0.0,
                    0.0,
                    0.0
                ]
            ],
            "isKeyframe": true,
            "area": 188191.64353537932
        }
    ],
    "isKeyframe": false
}