{
    "filename": "images/demo_H2FNV1/000130.jpg",
    "height": 1080,
    "width": 1920,
    "annots": [
        {
            "bbox": [
                822.486328125,
                236.74449157714844,
                1081.8873291015625,
                816.1536254882812,
                1.0,
                1.0,
                0.0
            ],
            "personID": 0,
            "keypoints": [
                [
                    1008.0153198242188,
                    325.7682800292969,
                    0.9794718027114868
                ],
                [
                    989.9087829589844,
                    395.17665100097656,
                    0.7004194855690002
                ],
                [
                    1004.99755859375,
                    401.212158203125,
                    0.7004194855690002
                ],
                [
                    1032.1573486328125,
                    331.8038024902344,
                    0.5930207967758179
                ],
                [
                    1050.263916015625,
                    277.48419189453125,
                    0.5816724896430969
                ],
                [
                    974.8200073242188,
                    389.1411437988281,
                    0.7745566964149475
                ],
                [
                    956.7134399414062,
                    322.7505187988281,
                    0.9282061457633972
                ],
                [
                    1026.121826171875,
                    268.430908203125,
                    0.9438506364822388
                ],
                [
                    909.9382629394531,
                    527.9578857421875,
                    0.7899872660636902
                ],
                [
                    932.5714111328125,
                    527.9578857421875,
                    0.7979524731636047
                ],
                [
                    905.41162109375,
                    633.579345703125,
                    0.9059368371963501
                ],
                [
                    920.5004272460938,
                    745.236328125,
                    0.885407030582428
                ],
                [
                    887.3051147460938,
                    527.9578857421875,
                    0.7899872660636902
                ],
                [
                    860.145263671875,
                    645.650390625,
                    0.9436686635017395
                ],
                [
                    875.2340698242188,
                    760.3251342773438,
                    0.8866977095603943
                ],
                [
                    0.0,
                    0.0,
                    0.0
                ],
                [
                    0.0,
                    0.0,
                    0.0
                ],
                [
                    0.0,
                    0.0,
                    0.0
                ],
                [
                    0.0,
                    0.0,
                    0.0
                ],
                [
                    0.0,
                    0.0,
                    0.0
                ],
                [
                    0.0,
                    0.0,
                    0.0
                ],
                [
                    0.0,
                    0.0,
                    0.0
                ],
                [
                    0.0,
                    0.0,
                    0.0
                ],
                [
                    0.0,
                    0.0,
                    0.0
                ],
                [
                    0.0,
                    0.0,
                    0.0
                ]
            ],
            "isKeyframe": true,
            "area": 335714.94445964904
        },
        {
            "bbox": [
                81.1682357788086,
                293.8472595214844,
                251.87387084960938,
                734.5391235351562,
                1.0,
                1.0,
                0.0
            ],
            "personID": 1,
            "keypoints": [
                [
                    119.468017578125,
                    359.2624206542969,
                    0.8386884927749634
                ],
                [
                    151.60180282592773,
                    393.6914825439453,
                    0.8808248043060303
                ],
                [
                    124.05855560302734,
                    402.87255859375,
                    0.918427050113678
                ],
                [
                    73.56260681152344,
                    354.6719055175781,
                    0.9416801333427429
                ],
                [
                    80.44842529296875,
                    322.5381164550781,
                    0.9340492486953735
                ],
                [
                    179.14505004882812,
                    384.5104064941406,
                    0.8808248043060303
                ],
                [
                    188.3261260986328,
                    340.9002685546875,
                    0.9425195455551147
                ],
                [
                    137.83018493652344,
                    317.94757080078125,
                    0.905676007270813
                ],
                [
                    202.09774780273438,
                    486.6499328613281,
                    0.8159978985786438
                ],
                [
                    179.14505004882812,
                    487.7975769042969,
                    0.8928715586662292
                ],
                [
                    188.3261260986328,
                    575.017822265625,
                    0.8299559950828552
                ],
                [
                    183.73558044433594,
                    653.0570068359375,
                    0.8112392425537109
                ],
                [
                    225.05044555664062,
                    485.5022888183594,
                    0.8159978985786438
                ],
                [
                    231.93626403808594,
                    577.3131103515625,
                    0.9147560000419617
                ],
                [
                    229.6409912109375,
                    655.352294921875,
                    0.8311452269554138
                ],
                [
                    0.0,
                    0.0,
                    0.0
                ],
                [
                    0.0,
                    0.0,
                    0.0
                ],
                [
                    0.0,
                    0.0,
                    0.0
                ],
                [
                    0.0,
                    0.0,
                    0.0
                ],
                [
                    0.0,
                    0.0,
                    0.0
                ],
                [
                    0.0,
                    0.0,
                    0.0
                ],
                [
                    0.0,
                    0.0,
                    0.0
                ],
                [
                    0.0,
                    0.0,
                    0.0
                ],
                [
                    0.0,
                    0.0,
                    0.0
                ],
                [
                    0.0,
                    0.0,
                    0.0
                ]
            ],
            "isKeyframe": true,
            "area": 194209.31900784466
        }
    ],
    "isKeyframe": false
}