{
    "filename": "images/demo_H2FNV1/000190.jpg",
    "height": 1080,
    "width": 1920,
    "annots": [
        {
            "bbox": [
                815,
                240,
                1126,
                611,
                0,
                0,
                1
            ],
            "personID": 0,
            "keypoints": [
                [
                    941.515625,
                    564.6024169921875,
                    0.9320575594902039
                ],
                [
                    918.1788024902344,
                    503.078125,
                    0.4745729863643646
                ],
                [
                    930.907958984375,
                    503.078125,
                    0.4745729863643646
                ],
                [
                    983.9461669921875,
                    462.76910400390625,
                    0.4136698842048645
                ],
                [
                    1034.86279296875,
                    420.3385314941406,
                    0.21669000387191772
                ],
                [
                    905.4496459960938,
                    503.078125,
                    0.8066287040710449
                ],
                [
                    907.5711669921875,
                    435.1892395019531,
                    0.935114324092865
                ],
                [
                    979.703125,
                    445.796875,
                    0.8038729429244995
                ],
                [
                    927.7257080078125,
                    335.47743225097656,
                    0.3983410596847534
                ],
                [
                    939.3941040039062,
                    320.6267395019531,
                    0.3983410596847534
                ],
                [
                    1043.3489990234375,
                    430.9461669921875,
                    0.8929035663604736
                ],
                [
                    1041.2274169921875,
                    335.4774169921875,
                    0.35246938467025757
                ],
                [
                    916.0573120117188,
                    350.328125,
                    0.45445773005485535
                ],
                [
                    998.796875,
                    443.67535400390625,
                    0.6326517462730408
                ],
                [
                    1022.1336669921875,
                    329.11285400390625,
                    0.6717271208763123
                ],
                [
                    933.029541015625,
                    573.0885620117188,
                    0.0
                ],
                [
                    928.7864379882812,
                    564.6024169921875,
                    0.0
                ],
                [
                    905.4496459960938,
                    545.5086669921875,
                    0.0
                ],
                [
                    909.6926879882812,
                    545.5086669921875,
                    0.0
                ],
                [
                    0.0,
                    0.0,
                    0.0
                ],
                [
                    0.0,
                    0.0,
                    0.0
                ],
                [
                    0.0,
                    0.0,
                    0.0
                ],
                [
                    0.0,
                    0.0,
                    0.0
                ],
                [
                    0.0,
                    0.0,
                    0.0
                ],
                [
                    0.0,
                    0.0,
                    0.0
                ]
            ],
            "isKeyframe": false
        },
        {
            "bbox": [
                17,
                290,
                252,
                554,
                0,
                0,
                1
            ],
            "personID": 1,
            "keypoints": [
                [
                    165.515625,
                    518.984375,
                    0.3878917098045349
                ],
                [
                    168.453125,
                    466.109375,
                    0.6822347640991211
                ],
                [
                    133.203125,
                    473.453125,
                    0.7545971274375916
                ],
                [
                    84.734375,
                    426.453125,
                    0.86515212059021
                ],
                [
                    86.203125,
                    422.046875,
                    0.30589672923088074
                ],
                [
                    203.703125,
                    458.765625,
                    0.6822347640991211
                ],
                [
                    208.109375,
                    401.484375,
                    0.8252336382865906
                ],
                [
                    213.984375,
                    420.578125,
                    0.33927762508392334
                ],
                [
                    144.21875,
                    358.890625,
                    0.11685900390148163
                ],
                [
                    127.328125,
                    366.234375,
                    0.11685900390148163
                ],
                [
                    103.828125,
                    444.078125,
                    0.000406459002988413
                ],
                [
                    86.203125,
                    370.640625,
                    0.21611130237579346
                ],
                [
                    161.109375,
                    351.546875,
                    0.30989402532577515
                ],
                [
                    133.203125,
                    405.890625,
                    0.008499532006680965
                ],
                [
                    108.234375,
                    357.421875,
                    0.01767849735915661
                ],
                [
                    166.984375,
                    517.515625,
                    0.0
                ],
                [
                    178.734375,
                    526.328125,
                    0.0
                ],
                [
                    168.453125,
                    518.984375,
                    0.0
                ],
                [
                    205.171875,
                    495.484375,
                    0.0
                ],
                [
                    0.0,
                    0.0,
                    0.0
                ],
                [
                    0.0,
                    0.0,
                    0.0
                ],
                [
                    0.0,
                    0.0,
                    0.0
                ],
                [
                    0.0,
                    0.0,
                    0.0
                ],
                [
                    0.0,
                    0.0,
                    0.0
                ],
                [
                    0.0,
                    0.0,
                    0.0
                ]
            ],
            "isKeyframe": false
        }
    ],
    "isKeyframe": false
}