{
    "filename": "images/demo_H2FNV1/000186.jpg",
    "height": 1080,
    "width": 1920,
    "annots": [
        {
            "bbox": [
                837,
                206,
                1111,
                628,
                0,
                0,
                1
            ],
            "personID": 0,
            "keypoints": [
                [
                    980.6813354492188,
                    555.528564453125,
                    0.7877564430236816
                ],
                [
                    935.0602111816406,
                    493.9930419921875,
                    0.21915259957313538
                ],
                [
                    936.1211547851562,
                    489.74920654296875,
                    0.21915259957313538
                ],
                [
                    993.412841796875,
                    438.82330322265625,
                    0.3028823733329773
                ],
                [
                    1037.9730224609375,
                    375.1658935546875,
                    0.22364956140518188
                ],
                [
                    933.999267578125,
                    498.23687744140625,
                    0.7226189970970154
                ],
                [
                    912.7801513671875,
                    417.6041564941406,
                    0.8870148658752441
                ],
                [
                    984.9251708984375,
                    400.62884521484375,
                    0.8104817271232605
                ],
                [
                    913.841064453125,
                    314.69134521484375,
                    0.19051066040992737
                ],
                [
                    917.02392578125,
                    311.50848388671875,
                    0.4442954361438751
                ],
                [
                    1044.3387451171875,
                    385.77545166015625,
                    0.4422018527984619
                ],
                [
                    1001.9005126953125,
                    298.7769775390625,
                    0.23654671013355255
                ],
                [
                    910.658203125,
                    317.87420654296875,
                    0.19051066040992737
                ],
                [
                    1001.9005126953125,
                    394.2630920410156,
                    0.4251547157764435
                ],
                [
                    980.6813354492188,
                    288.16741943359375,
                    0.641800045967102
                ],
                [
                    814.1111450195312,
                    204.35182189941406,
                    0.0
                ],
                [
                    814.1111450195312,
                    204.35182189941406,
                    0.0
                ],
                [
                    814.1111450195312,
                    204.35182189941406,
                    0.0
                ],
                [
                    814.1111450195312,
                    204.35182189941406,
                    0.0
                ],
                [
                    0.0,
                    0.0,
                    0.0
                ],
                [
                    0.0,
                    0.0,
                    0.0
                ],
                [
                    0.0,
                    0.0,
                    0.0
                ],
                [
                    0.0,
                    0.0,
                    0.0
                ],
                [
                    0.0,
                    0.0,
                    0.0
                ],
                [
                    0.0,
                    0.0,
                    0.0
                ]
            ],
            "isKeyframe": false
        },
        {
            "bbox": [
                41,
                281,
                241,
                564,
                0,
                0,
                1
            ],
            "personID": 1,
            "keypoints": [
                [
                    152.22222900390625,
                    523.7222290039062,
                    0.6103523373603821
                ],
                [
                    160.8888931274414,
                    465.2222137451172,
                    0.556796669960022
                ],
                [
                    129.11111450195312,
                    468.83331298828125,
                    0.672477126121521
                ],
                [
                    84.33334350585938,
                    409.6111145019531,
                    0.6821691393852234
                ],
                [
                    84.33334350585938,
                    411.0555419921875,
                    0.443682998418808
                ],
                [
                    192.6666717529297,
                    461.6111145019531,
                    0.556796669960022
                ],
                [
                    208.55555725097656,
                    392.27777099609375,
                    0.7600052952766418
                ],
                [
                    185.4444580078125,
                    403.83331298828125,
                    0.011945968493819237
                ],
                [
                    146.44445419311523,
                    361.2222137451172,
                    0.07783319801092148
                ],
                [
                    117.5555648803711,
                    364.83331298828125,
                    0.07783319801092148
                ],
                [
                    98.77778625488281,
                    399.5,
                    0.11010395735502243
                ],
                [
                    93.00000762939453,
                    337.3888854980469,
                    0.644293487071991
                ],
                [
                    175.33334350585938,
                    357.6111145019531,
                    0.3446083068847656
                ],
                [
                    134.88890075683594,
                    398.0555419921875,
                    0.022342024371027946
                ],
                [
                    121.8888931274414,
                    318.6111145019531,
                    0.2934090793132782
                ],
                [
                    28.72222900390625,
                    276.0,
                    0.0
                ],
                [
                    28.72222900390625,
                    276.0,
                    0.0
                ],
                [
                    28.72222900390625,
                    276.0,
                    0.0
                ],
                [
                    28.72222900390625,
                    276.0,
                    0.0
                ],
                [
                    0.0,
                    0.0,
                    0.0
                ],
                [
                    0.0,
                    0.0,
                    0.0
                ],
                [
                    0.0,
                    0.0,
                    0.0
                ],
                [
                    0.0,
                    0.0,
                    0.0
                ],
                [
                    0.0,
                    0.0,
                    0.0
                ],
                [
                    0.0,
                    0.0,
                    0.0
                ]
            ],
            "isKeyframe": false
        }
    ],
    "isKeyframe": false
}