{
    "filename": "images/demo_H2FNV1/000160.jpg",
    "height": 1080,
    "width": 1920,
    "annots": [
        {
            "bbox": [
                749.7139892578125,
                225.9325408935547,
                1135.6378173828125,
                466.8799743652344,
                1.0,
                1.0,
                0.0
            ],
            "personID": 0,
            "keypoints": [
                [
                    1118.931640625,
                    378.1591033935547,
                    0.9306141138076782
                ],
                [
                    1043.8909301757812,
                    386.1991729736328,
                    0.6566506028175354
                ],
                [
                    1051.9310302734375,
                    383.51914978027344,
                    0.6566506028175354
                ],
                [
                    1003.6904907226562,
                    321.87852478027344,
                    0.9170689582824707
                ],
                [
                    968.8501586914062,
                    268.2779998779297,
                    0.9281358122825623
                ],
                [
                    1035.850830078125,
                    388.8791961669922,
                    0.7270585894584656
                ],
                [
                    939.369873046875,
                    319.19850158691406,
                    0.8846427202224731
                ],
                [
                    904.5294799804688,
                    252.19784545898438,
                    0.922289252281189
                ],
                [
                    901.8494873046875,
                    430.41961669921875,
                    0.44558972120285034
                ],
                [
                    915.2496337890625,
                    426.3995819091797,
                    0.44558972120285034
                ],
                [
                    907.2095336914062,
                    308.47840881347656,
                    0.7127198576927185
                ],
                [
                    794.6484375,
                    370.11900329589844,
                    0.5934174060821533
                ],
                [
                    888.4493408203125,
                    434.4396514892578,
                    0.6933290958404541
                ],
                [
                    869.6891479492188,
                    297.75828552246094,
                    0.8583065271377563
                ],
                [
                    783.9282836914062,
                    367.43898010253906,
                    0.8378444910049438
                ],
                [
                    0.7139892578125,
                    0.9325408935546875,
                    0.0
                ],
                [
                    0.7139892578125,
                    0.9325408935546875,
                    0.0
                ],
                [
                    0.7139892578125,
                    0.9325408935546875,
                    0.0
                ],
                [
                    0.7139892578125,
                    0.9325408935546875,
                    0.0
                ],
                [
                    0.7139892578125,
                    0.9325408935546875,
                    0.0
                ],
                [
                    0.7139892578125,
                    0.9325408935546875,
                    0.0
                ],
                [
                    0.7139892578125,
                    0.9325408935546875,
                    0.0
                ],
                [
                    0.7139892578125,
                    0.9325408935546875,
                    0.0
                ],
                [
                    0.7139892578125,
                    0.9325408935546875,
                    0.0
                ],
                [
                    0.7139892578125,
                    0.9325408935546875,
                    0.0
                ]
            ],
            "isKeyframe": true,
            "area": 148937.20111465454
        },
        {
            "bbox": [
                32,
                252,
                275,
                462,
                0,
                0,
                1
            ],
            "personID": 1,
            "keypoints": [
                [
                    100.34375,
                    366.28125,
                    0.23977336287498474
                ],
                [
                    116.04726080246913,
                    384.0599922839506,
                    0.20764809846878052
                ],
                [
                    85.15625,
                    388.21875,
                    0.7536532878875732
                ],
                [
                    86.84375,
                    354.46875,
                    0.8717131614685059
                ],
                [
                    102.03125,
                    305.53125,
                    0.9002372622489929
                ],
                [
                    146.93827160493828,
                    379.9012345679012,
                    0.20764809846878052
                ],
                [
                    197.06172839506172,
                    358.7283950617284,
                    0.7986308336257935
                ],
                [
                    208.34375,
                    312.28125,
                    0.9361186027526855
                ],
                [
                    172.90625,
                    423.65625,
                    0.6970975995063782
                ],
                [
                    150.96875,
                    423.65625,
                    0.6970975995063782
                ],
                [
                    156.03125,
                    329.15625,
                    0.935905396938324
                ],
                [
                    191.46875,
                    376.40625,
                    0.6049327254295349
                ],
                [
                    194.84375,
                    423.65625,
                    0.8087183833122253
                ],
                [
                    213.40625,
                    337.59375,
                    0.6594505310058594
                ],
                [
                    231.96875,
                    386.53125,
                    0.7364155054092407
                ],
                [
                    0.0,
                    0.0,
                    -1.0
                ],
                [
                    0.0,
                    0.0,
                    -1.0
                ],
                [
                    0.0,
                    0.0,
                    -1.0
                ],
                [
                    0.0,
                    0.0,
                    -1.0
                ],
                [
                    0.0,
                    0.0,
                    -1.0
                ],
                [
                    0.0,
                    0.0,
                    -1.0
                ],
                [
                    0.0,
                    0.0,
                    -1.0
                ],
                [
                    0.0,
                    0.0,
                    -1.0
                ],
                [
                    0.0,
                    0.0,
                    -1.0
                ],
                [
                    0.0,
                    0.0,
                    -1.0
                ]
            ],
            "isKeyframe": false
        }
    ],
    "isKeyframe": true
}