{
    "filename": "images/demo_H2FNV1/000110.jpg",
    "height": 1080,
    "width": 1920,
    "annots": [
        {
            "bbox": [
                773.6066284179688,
                397.32159423828125,
                997.7830810546875,
                852.3478393554688,
                1.0,
                1.0,
                0.0
            ],
            "personID": 0,
            "keypoints": [
                [
                    903.4692993164062,
                    450.6449890136719,
                    0.9272832870483398
                ],
                [
                    934.2783508300781,
                    517.0029907226562,
                    0.7469932436943054
                ],
                [
                    957.9776611328125,
                    512.2631225585938,
                    0.8609728217124939
                ],
                [
                    886.8797607421875,
                    490.93377685546875,
                    0.7736558318138123
                ],
                [
                    837.1112670898438,
                    460.1247253417969,
                    0.8405337929725647
                ],
                [
                    910.5790405273438,
                    521.7428588867188,
                    0.7469932436943054
                ],
                [
                    818.15185546875,
                    514.633056640625,
                    0.8507863879203796
                ],
                [
                    782.6029663085938,
                    462.49462890625,
                    0.8037052154541016
                ],
                [
                    960.3475646972656,
                    673.4182739257812,
                    0.729377031326294
                ],
                [
                    981.6769409179688,
                    673.4182739257812,
                    0.734211802482605
                ],
                [
                    893.9895629882812,
                    708.9671630859375,
                    0.7267842292785645
                ],
                [
                    934.2783813476562,
                    803.7642822265625,
                    0.8766356110572815
                ],
                [
                    939.0181884765625,
                    673.4182739257812,
                    0.729377031326294
                ],
                [
                    844.2210693359375,
                    708.9671630859375,
                    0.9075559973716736
                ],
                [
                    898.7294311523438,
                    813.2440185546875,
                    0.8433343768119812
                ],
                [
                    0.0,
                    0.0,
                    0.0
                ],
                [
                    0.0,
                    0.0,
                    0.0
                ],
                [
                    0.0,
                    0.0,
                    0.0
                ],
                [
                    0.0,
                    0.0,
                    0.0
                ],
                [
                    0.0,
                    0.0,
                    0.0
                ],
                [
                    0.0,
                    0.0,
                    0.0
                ],
                [
                    0.0,
                    0.0,
                    0.0
                ],
                [
                    0.0,
                    0.0,
                    0.0
                ],
                [
                    0.0,
                    0.0,
                    0.0
                ],
                [
                    0.0,
                    0.0,
                    0.0
                ]
            ],
            "isKeyframe": true,
            "area": 207048.8837454468
        },
        {
            "bbox": [
                117.24042510986328,
                399.3725891113281,
                270.9303283691406,
                736.7762451171875,
                1.0,
                1.0,
                0.0
            ],
            "personID": 1,
            "keypoints": [
                [
                    177.39093017578125,
                    435.3974609375,
                    0.9459523558616638
                ],
                [
                    172.11900329589844,
                    483.72349548339844,
                    0.8838215470314026
                ],
                [
                    136.97279357910156,
                    486.3594665527344,
                    0.8838215470314026
                ],
                [
                    145.75933837890625,
                    495.14599609375,
                    0.873653769493103
                ],
                [
                    179.14825439453125,
                    474.05828857421875,
                    0.675061821937561
                ],
                [
                    207.2652130126953,
                    481.0875244140625,
                    0.8950167298316956
                ],
                [
                    244.1687469482422,
                    481.0875244140625,
                    0.8228055238723755
                ],
                [
                    265.2564697265625,
                    451.2132568359375,
                    0.731050431728363
                ],
                [
                    181.78421020507812,
                    583.0115356445312,
                    0.8475110530853271
                ],
                [
                    159.8178253173828,
                    584.7688598632812,
                    0.8478128910064697
                ],
                [
                    201.9932861328125,
                    623.4296875,
                    0.923352062702179
                ],
                [
                    184.42018127441406,
                    693.7221069335938,
                    0.8288966417312622
                ],
                [
                    203.75059509277344,
                    581.2542114257812,
                    0.8475110530853271
                ],
                [
                    244.1687469482422,
                    621.67236328125,
                    0.9138613343238831
                ],
                [
                    209.02252197265625,
                    684.935546875,
                    0.838438868522644
                ],
                [
                    0.0,
                    0.0,
                    0.0
                ],
                [
                    0.0,
                    0.0,
                    0.0
                ],
                [
                    0.0,
                    0.0,
                    0.0
                ],
                [
                    0.0,
                    0.0,
                    0.0
                ],
                [
                    0.0,
                    0.0,
                    0.0
                ],
                [
                    0.0,
                    0.0,
                    0.0
                ],
                [
                    0.0,
                    0.0,
                    0.0
                ],
                [
                    0.0,
                    0.0,
                    0.0
                ],
                [
                    0.0,
                    0.0,
                    0.0
                ],
                [
                    0.0,
                    0.0,
                    0.0
                ]
            ],
            "isKeyframe": true,
            "area": 113841.22708612029
        }
    ],
    "isKeyframe": false
}