{
    "filename": "images/demo_H2FNV1/000155.jpg",
    "height": 1080,
    "width": 1920,
    "annots": [
        {
            "bbox": [
                776.6139526367188,
                175.1208038330078,
                1140.076171875,
                467.4275817871094,
                1.0,
                1.0,
                0.0
            ],
            "personID": 0,
            "keypoints": [
                [
                    1121.1458740234375,
                    355.3487548828125,
                    0.9605576992034912
                ],
                [
                    1041.6384887695312,
                    375.5410919189453,
                    0.6124860048294067
                ],
                [
                    1050.47265625,
                    370.4930114746094,
                    0.6124860048294067
                ],
                [
                    1020.1841430664062,
                    307.3919372558594,
                    0.9273924231529236
                ],
                [
                    989.8956298828125,
                    249.3389434814453,
                    0.8919473886489868
                ],
                [
                    1032.8043212890625,
                    380.58917236328125,
                    0.7205196022987366
                ],
                [
                    944.4628295898438,
                    302.3438415527344,
                    0.9079399108886719
                ],
                [
                    921.7464599609375,
                    224.0985107421875,
                    0.8941776752471924
                ],
                [
                    905.3401794433594,
                    422.23590087890625,
                    0.3651507794857025
                ],
                [
                    919.222412109375,
                    415.92578125,
                    0.3651507794857025
                ],
                [
                    876.313720703125,
                    335.1564025878906,
                    0.7888180613517761
                ],
                [
                    818.2607421875,
                    446.21429443359375,
                    0.7935379147529602
                ],
                [
                    891.4579467773438,
                    428.5460205078125,
                    0.7276920080184937
                ],
                [
                    833.4049682617188,
                    327.58428955078125,
                    0.9264795184135437
                ],
                [
                    787.9722290039062,
                    443.6902770996094,
                    0.7887243628501892
                ],
                [
                    0.0,
                    0.0,
                    0.0
                ],
                [
                    0.0,
                    0.0,
                    0.0
                ],
                [
                    0.0,
                    0.0,
                    0.0
                ],
                [
                    0.0,
                    0.0,
                    0.0
                ],
                [
                    0.0,
                    0.0,
                    0.0
                ],
                [
                    0.0,
                    0.0,
                    0.0
                ],
                [
                    0.0,
                    0.0,
                    0.0
                ],
                [
                    0.0,
                    0.0,
                    0.0
                ],
                [
                    0.0,
                    0.0,
                    0.0
                ],
                [
                    0.0,
                    0.0,
                    0.0
                ]
            ],
            "isKeyframe": true,
            "area": 132104.78481361642
        },
        {
            "bbox": [
                55,
                244,
                262.41015625,
                467,
                1.0,
                1.0,
                0.0
            ],
            "personID": 1,
            "keypoints": [
                [
                    103.25167083740234,
                    363.4219055175781,
                    0.12543928623199463
                ],
                [
                    124.13672256469727,
                    374.9447021484375,
                    0.2784935235977173
                ],
                [
                    81.64644622802734,
                    382.1464538574219,
                    0.39487797021865845
                ],
                [
                    75.88504791259766,
                    350.4587707519531,
                    0.8593712449073792
                ],
                [
                    88.84818267822266,
                    289.9641418457031,
                    0.8816947937011719
                ],
                [
                    166.6269989013672,
                    367.7429504394531,
                    0.2784935235977173
                ],
                [
                    201.1953582763672,
                    346.1377258300781,
                    0.8857182860374451
                ],
                [
                    212.7181396484375,
                    298.6062316894531,
                    0.9230684041976929
                ],
                [
                    181.75064849853516,
                    439.0401916503906,
                    0.4514995217323303
                ],
                [
                    159.4252471923828,
                    441.2007141113281,
                    0.6381704807281494
                ],
                [
                    168.0673370361328,
                    356.2201843261719,
                    0.8720501065254211
                ],
                [
                    206.9567413330078,
                    435.4393310546875,
                    0.7971347570419312
                ],
                [
                    204.0760498046875,
                    436.8796691894531,
                    0.4514995217323303
                ],
                [
                    227.1216278076172,
                    361.9815673828125,
                    0.8036668300628662
                ],
                [
                    240.0847625732422,
                    438.3200378417969,
                    0.7904070615768433
                ],
                [
                    0.0,
                    0.0,
                    0.0
                ],
                [
                    0.0,
                    0.0,
                    0.0
                ],
                [
                    0.0,
                    0.0,
                    0.0
                ],
                [
                    0.0,
                    0.0,
                    0.0
                ],
                [
                    0.0,
                    0.0,
                    0.0
                ],
                [
                    0.0,
                    0.0,
                    0.0
                ],
                [
                    0.0,
                    0.0,
                    0.0
                ],
                [
                    0.0,
                    0.0,
                    0.0
                ],
                [
                    0.0,
                    0.0,
                    0.0
                ],
                [
                    0.0,
                    0.0,
                    0.0
                ]
            ],
            "isKeyframe": true,
            "area": 37917.26940572634
        }
    ],
    "isKeyframe": false
}