{
    "filename": "images/demo_H2FNV1/000179.jpg",
    "height": 1080,
    "width": 1920,
    "annots": [
        {
            "bbox": [
                804,
                162,
                1101,
                588,
                0,
                0,
                1
            ],
            "personID": 0,
            "keypoints": [
                [
                    1040.140625,
                    518.109375,
                    0.7550275921821594
                ],
                [
                    995.9601658950617,
                    469.7693865740741,
                    0.2227289378643036
                ],
                [
                    1016.1234567901234,
                    459.14814814814815,
                    0.2227289378643036
                ],
                [
                    1003.4135802469136,
                    387.7098765432099,
                    0.3556613624095917
                ],
                [
                    1031.0246913580247,
                    333.8024691358024,
                    0.4080702066421509
                ],
                [
                    975.796875,
                    480.390625,
                    0.6879839897155762
                ],
                [
                    926.984375,
                    396.078125,
                    0.883826732635498
                ],
                [
                    986.890625,
                    351.703125,
                    0.7289440631866455
                ],
                [
                    879.6018518518518,
                    337.52777777777777,
                    0.4164843261241913
                ],
                [
                    891.216049382716,
                    321.96913580246917,
                    0.4164843261241913
                ],
                [
                    1022.6975308641975,
                    331.6111111111111,
                    0.21667452156543732
                ],
                [
                    961.3395061728395,
                    252.28395061728395,
                    0.4412711560726166
                ],
                [
                    867.9876543209876,
                    353.0864197530864,
                    0.5358812808990479
                ],
                [
                    1006.859375,
                    345.046875,
                    0.4418163001537323
                ],
                [
                    933.640625,
                    256.296875,
                    0.4443303942680359
                ],
                [
                    0.0,
                    0.0,
                    -1.0
                ],
                [
                    0.0,
                    0.0,
                    -1.0
                ],
                [
                    0.0,
                    0.0,
                    -1.0
                ],
                [
                    0.0,
                    0.0,
                    -1.0
                ],
                [
                    0.0,
                    0.0,
                    -1.0
                ],
                [
                    0.0,
                    0.0,
                    -1.0
                ],
                [
                    0.0,
                    0.0,
                    -1.0
                ],
                [
                    0.0,
                    0.0,
                    -1.0
                ],
                [
                    0.0,
                    0.0,
                    -1.0
                ],
                [
                    0.0,
                    0.0,
                    -1.0
                ]
            ],
            "isKeyframe": false
        },
        {
            "bbox": [
                38,
                248,
                236,
                530,
                0,
                0,
                1
            ],
            "personID": 1,
            "keypoints": [
                [
                    131.859375,
                    507.234375,
                    0.4013337790966034
                ],
                [
                    145.8125,
                    449.953125,
                    0.6140850782394409
                ],
                [
                    111.296875,
                    451.421875,
                    0.6140850782394409
                ],
                [
                    86.328125,
                    400.015625,
                    0.8764572739601135
                ],
                [
                    92.54320987654322,
                    355.6358024691358,
                    0.5860887765884399
                ],
                [
                    180.328125,
                    448.484375,
                    0.6543678045272827
                ],
                [
                    210.62345679012347,
                    380.87654320987656,
                    0.7039757966995239
                ],
                [
                    173.48765432098767,
                    363.75925925925924,
                    0.382697731256485
                ],
                [
                    164.6388888888889,
                    366.3703703703704,
                    0.3970978558063507
                ],
                [
                    137.51234567901236,
                    369.85185185185185,
                    0.3970978558063507
                ],
                [
                    100.95679012345678,
                    364.91975308641975,
                    0.9494436383247375
                ],
                [
                    111.296875,
                    310.421875,
                    0.7909473180770874
                ],
                [
                    191.76543209876544,
                    362.8888888888889,
                    0.439239501953125
                ],
                [
                    153.179012345679,
                    357.9567901234568,
                    0.49644771218299866
                ],
                [
                    150.953125,
                    306.015625,
                    0.7863320112228394
                ],
                [
                    0.0,
                    -2.842170943040401e-14,
                    -1.0
                ],
                [
                    0.0,
                    -2.842170943040401e-14,
                    -1.0
                ],
                [
                    0.0,
                    -2.842170943040401e-14,
                    -1.0
                ],
                [
                    0.0,
                    -2.842170943040401e-14,
                    -1.0
                ],
                [
                    0.0,
                    -2.842170943040401e-14,
                    -1.0
                ],
                [
                    0.0,
                    -2.842170943040401e-14,
                    -1.0
                ],
                [
                    0.0,
                    -2.842170943040401e-14,
                    -1.0
                ],
                [
                    0.0,
                    -2.842170943040401e-14,
                    -1.0
                ],
                [
                    0.0,
                    -2.842170943040401e-14,
                    -1.0
                ],
                [
                    0.0,
                    -2.842170943040401e-14,
                    -1.0
                ]
            ],
            "isKeyframe": false
        }
    ],
    "isKeyframe": true
}