{
    "filename": "images/demo_H2FNV1/000131.jpg",
    "height": 1080,
    "width": 1920,
    "annots": [
        {
            "bbox": [
                828.7093505859375,
                213.01144409179688,
                1064.1898193359375,
                809.4364013671875,
                1.0,
                1.0,
                0.0
            ],
            "personID": 0,
            "keypoints": [
                [
                    1013.2367553710938,
                    326.3943176269531,
                    1.020676612854004
                ],
                [
                    991.4920959472656,
                    394.73468017578125,
                    0.5641385912895203
                ],
                [
                    1000.8112182617188,
                    397.841064453125,
                    0.5641385912895203
                ],
                [
                    1041.194091796875,
                    317.0751953125,
                    0.820106565952301
                ],
                [
                    1056.72607421875,
                    270.4794921875,
                    0.6818022131919861
                ],
                [
                    982.1729736328125,
                    391.6282958984375,
                    0.8179419636726379
                ],
                [
                    966.6410522460938,
                    323.2879333496094,
                    0.9456815123558044
                ],
                [
                    1031.875,
                    267.37310791015625,
                    0.9534640908241272
                ],
                [
                    907.6198425292969,
                    518.9898681640625,
                    0.8048912286758423
                ],
                [
                    929.364501953125,
                    518.9898681640625,
                    0.8048912286758423
                ],
                [
                    901.4071044921875,
                    612.1812744140625,
                    0.875843346118927
                ],
                [
                    913.8325805664062,
                    730.2236938476562,
                    0.8528637290000916
                ],
                [
                    885.8751831054688,
                    518.9898681640625,
                    0.8372726440429688
                ],
                [
                    861.024169921875,
                    637.0322875976562,
                    0.9139223098754883
                ],
                [
                    873.4496459960938,
                    751.9683227539062,
                    0.8125274777412415
                ],
                [
                    0.0,
                    0.0,
                    0.0
                ],
                [
                    0.0,
                    0.0,
                    0.0
                ],
                [
                    0.0,
                    0.0,
                    0.0
                ],
                [
                    0.0,
                    0.0,
                    0.0
                ],
                [
                    0.0,
                    0.0,
                    0.0
                ],
                [
                    0.0,
                    0.0,
                    0.0
                ],
                [
                    0.0,
                    0.0,
                    0.0
                ],
                [
                    0.0,
                    0.0,
                    0.0
                ],
                [
                    0.0,
                    0.0,
                    0.0
                ],
                [
                    0.0,
                    0.0,
                    0.0
                ]
            ],
            "isKeyframe": true,
            "area": 355722.72966095153
        },
        {
            "bbox": [
                77.76502227783203,
                294.1939697265625,
                250.42465209960938,
                700.6654663085938,
                1.0,
                1.0,
                0.0
            ],
            "personID": 1,
            "keypoints": [
                [
                    122.81258392333984,
                    358.7636413574219,
                    0.8079042434692383
                ],
                [
                    149.27557754516602,
                    390.5192413330078,
                    0.8726474642753601
                ],
                [
                    120.69554901123047,
                    398.9873962402344,
                    0.874826192855835
                ],
                [
                    69.88660430908203,
                    354.5295715332031,
                    0.9479570388793945
                ],
                [
                    78.35476684570312,
                    322.77398681640625,
                    0.9181845784187317
                ],
                [
                    177.85560607910156,
                    382.05108642578125,
                    0.8726474642753601
                ],
                [
                    184.20672607421875,
                    341.82733154296875,
                    0.9540025591850281
                ],
                [
                    137.63186645507812,
                    316.4228820800781,
                    0.9159681797027588
                ],
                [
                    199.02599334716797,
                    478.37635803222656,
                    0.8586951494216919
                ],
                [
                    177.85560607910156,
                    481.5519104003906,
                    0.8586951494216919
                ],
                [
                    188.4407958984375,
                    568.3505249023438,
                    0.8753783702850342
                ],
                [
                    186.32376098632812,
                    646.6809692382812,
                    0.8133283853530884
                ],
                [
                    220.19638061523438,
                    475.2008056640625,
                    0.8706194162368774
                ],
                [
                    235.01565551757812,
                    568.3505249023438,
                    0.8982821702957153
                ],
                [
                    232.89862060546875,
                    650.9150390625,
                    0.867365300655365
                ],
                [
                    0.0,
                    0.0,
                    0.0
                ],
                [
                    0.0,
                    0.0,
                    0.0
                ],
                [
                    0.0,
                    0.0,
                    0.0
                ],
                [
                    0.0,
                    0.0,
                    0.0
                ],
                [
                    0.0,
                    0.0,
                    0.0
                ],
                [
                    0.0,
                    0.0,
                    0.0
                ],
                [
                    0.0,
                    0.0,
                    0.0
                ],
                [
                    0.0,
                    0.0,
                    0.0
                ],
                [
                    0.0,
                    0.0,
                    0.0
                ],
                [
                    0.0,
                    0.0,
                    0.0
                ]
            ],
            "isKeyframe": true,
            "area": 165219.07753363624
        }
    ],
    "isKeyframe": false
}