{
    "filename": "images/demo_H2FNV1/000103.jpg",
    "height": 1080,
    "width": 1920,
    "annots": [
        {
            "bbox": [
                790.161865234375,
                436.6028747558594,
                1001.1530151367188,
                846.774658203125,
                1.0,
                1.0,
                0.0
            ],
            "personID": 0,
            "keypoints": [
                [
                    871.0899047851562,
                    478.2609558105469,
                    0.9461827874183655
                ],
                [
                    918.0887451171875,
                    545.5547790527344,
                    0.8240906000137329
                ],
                [
                    952.2697143554688,
                    538.0776977539062,
                    0.8431812524795532
                ],
                [
                    879.6351318359375,
                    602.1669921875,
                    0.5663334131240845
                ],
                [
                    843.3178100585938,
                    610.7122802734375,
                    0.7507380843162537
                ],
                [
                    883.9077758789062,
                    553.0318603515625,
                    0.8240906000137329
                ],
                [
                    832.6362915039062,
                    634.211669921875,
                    0.8386258482933044
                ],
                [
                    796.3189697265625,
                    681.2105712890625,
                    0.7232428193092346
                ],
                [
                    965.0876159667969,
                    688.6876220703125,
                    0.6779754757881165
                ],
                [
                    988.5870361328125,
                    685.483154296875,
                    0.6779754757881165
                ],
                [
                    892.4530029296875,
                    704.7099609375,
                    0.6771958470344543
                ],
                [
                    930.9066162109375,
                    805.1165771484375,
                    0.783761739730835
                ],
                [
                    941.5881958007812,
                    691.89208984375,
                    0.6888828873634338
                ],
                [
                    843.3178100585938,
                    708.9826049804688,
                    0.8789629340171814
                ],
                [
                    898.8619384765625,
                    811.5255126953125,
                    0.8031536936759949
                ],
                [
                    0.0,
                    0.0,
                    0.0
                ],
                [
                    0.0,
                    0.0,
                    0.0
                ],
                [
                    0.0,
                    0.0,
                    0.0
                ],
                [
                    0.0,
                    0.0,
                    0.0
                ],
                [
                    0.0,
                    0.0,
                    0.0
                ],
                [
                    0.0,
                    0.0,
                    0.0
                ],
                [
                    0.0,
                    0.0,
                    0.0
                ],
                [
                    0.0,
                    0.0,
                    0.0
                ],
                [
                    0.0,
                    0.0,
                    0.0
                ],
                [
                    0.0,
                    0.0,
                    0.0
                ]
            ],
            "isKeyframe": true,
            "area": 168240.89193631057
        },
        {
            "bbox": [
                125.7430648803711,
                420.22247314453125,
                282.5610046386719,
                734.3746337890625,
                1.0,
                1.0,
                0.0
            ],
            "personID": 1,
            "keypoints": [
                [
                    196.78909301757812,
                    455.4010009765625,
                    0.9448620676994324
                ],
                [
                    183.69942474365234,
                    506.1234893798828,
                    0.8520208597183228
                ],
                [
                    149.3390350341797,
                    507.75970458984375,
                    0.8522863388061523
                ],
                [
                    157.52008056640625,
                    566.6632080078125,
                    0.8728833198547363
                ],
                [
                    190.2442626953125,
                    602.6598510742188,
                    0.8288613557815552
                ],
                [
                    218.059814453125,
                    504.4872741699219,
                    0.8520208597183228
                ],
                [
                    249.14779663085938,
                    548.6649169921875,
                    0.8432669639587402
                ],
                [
                    276.9633483886719,
                    586.2977294921875,
                    0.8664618134498596
                ],
                [
                    179.60890197753906,
                    596.9330749511719,
                    0.8056793808937073
                ],
                [
                    157.52008056640625,
                    599.3873901367188,
                    0.8141921162605286
                ],
                [
                    203.3339385986328,
                    625.5667724609375,
                    0.8443670272827148
                ],
                [
                    183.6994171142578,
                    694.2875366210938,
                    0.8230852484703064
                ],
                [
                    201.69772338867188,
                    594.478759765625,
                    0.8056793808937073
                ],
                [
                    240.9667510986328,
                    622.2943115234375,
                    0.848790168762207
                ],
                [
                    209.87876892089844,
                    684.4702758789062,
                    0.7906922698020935
                ],
                [
                    0.0,
                    0.0,
                    0.0
                ],
                [
                    0.0,
                    0.0,
                    0.0
                ],
                [
                    0.0,
                    0.0,
                    0.0
                ],
                [
                    0.0,
                    0.0,
                    0.0
                ],
                [
                    0.0,
                    0.0,
                    0.0
                ],
                [
                    0.0,
                    0.0,
                    0.0
                ],
                [
                    0.0,
                    0.0,
                    0.0
                ],
                [
                    0.0,
                    0.0,
                    0.0
                ],
                [
                    0.0,
                    0.0,
                    0.0
                ],
                [
                    0.0,
                    0.0,
                    0.0
                ]
            ],
            "isKeyframe": true,
            "area": 98691.58003762737
        }
    ],
    "isKeyframe": false
}