{
    "filename": "images/demo_H2FNV1/000178.jpg",
    "height": 1080,
    "width": 1920,
    "annots": [
        {
            "bbox": [
                73.44705200195312,
                254.72096252441406,
                220.7790985107422,
                518.0861206054688,
                1.0,
                1.0,
                0.0
            ],
            "personID": 1,
            "keypoints": [
                [
                    123.00702667236328,
                    496.57733154296875,
                    0.7865312099456787
                ],
                [
                    145.3609275817871,
                    447.54296875,
                    0.42067253589630127
                ],
                [
                    110.02733612060547,
                    450.4273376464844,
                    0.5339959263801575
                ],
                [
                    86.95233917236328,
                    398.50860595703125,
                    0.8157612681388855
                ],
                [
                    88.39453125,
                    358.1273498535156,
                    0.526235044002533
                ],
                [
                    180.69451904296875,
                    444.6585998535156,
                    0.42067253589630127
                ],
                [
                    209.53826904296875,
                    385.5289001464844,
                    0.30253732204437256
                ],
                [
                    173.48358154296875,
                    359.56951904296875,
                    0.014111645519733429
                ],
                [
                    169.87811279296875,
                    374.71250915527344,
                    0.19144776463508606
                ],
                [
                    143.19764709472656,
                    379.7601623535156,
                    0.19144776463508606
                ],
                [
                    105.70077514648438,
                    365.3382873535156,
                    0.8344429731369019
                ],
                [
                    114.3539047241211,
                    309.0929870605469,
                    0.6432276368141174
                ],
                [
                    196.55857849121094,
                    369.66485595703125,
                    0.3664607107639313
                ],
                [
                    160.50390625,
                    350.9164123535156,
                    0.3357027769088745
                ],
                [
                    154.7351531982422,
                    306.2085876464844,
                    0.6959744095802307
                ],
                [
                    34.3125,
                    247.8000030517578,
                    0.0
                ],
                [
                    34.3125,
                    247.8000030517578,
                    0.0
                ],
                [
                    34.3125,
                    247.8000030517578,
                    0.0
                ],
                [
                    34.3125,
                    247.8000030517578,
                    0.0
                ],
                [
                    0.0,
                    0.0,
                    0.0
                ],
                [
                    0.0,
                    0.0,
                    0.0
                ],
                [
                    0.0,
                    0.0,
                    0.0
                ],
                [
                    0.0,
                    0.0,
                    0.0
                ],
                [
                    0.0,
                    0.0,
                    0.0
                ],
                [
                    0.0,
                    0.0,
                    0.0
                ]
            ],
            "isKeyframe": true,
            "area": 69361.20649105893
        },
        {
            "bbox": [
                806,
                181,
                1098,
                574,
                0,
                0,
                1
            ],
            "personID": 0,
            "keypoints": [
                [
                    1044.593994140625,
                    509.2828674316406,
                    0.7015606164932251
                ],
                [
                    997.4144897460938,
                    462.1033020019531,
                    0.49244776368141174
                ],
                [
                    1014.5706787109375,
                    447.09161376953125,
                    0.49244776368141174
                ],
                [
                    999.5590209960938,
                    378.466796875,
                    0.7772622108459473
                ],
                [
                    1023.1488037109375,
                    324.8536682128906,
                    0.3033764362335205
                ],
                [
                    980.25830078125,
                    477.114990234375,
                    0.7276754975318909
                ],
                [
                    926.6451416015625,
                    391.3339538574219,
                    0.8878565430641174
                ],
                [
                    980.25830078125,
                    344.1543884277344,
                    0.6739203929901123
                ],
                [
                    870.8874816894531,
                    345.22666931152344,
                    0.3533446490764618
                ],
                [
                    879.465576171875,
                    326.9981994628906,
                    0.3533446490764618
                ],
                [
                    1016.7152099609375,
                    337.7208251953125,
                    0.1633048951625824
                ],
                [
                    924.5006103515625,
                    254.08432006835938,
                    0.1627824604511261
                ],
                [
                    862.3093872070312,
                    363.45513916015625,
                    0.5913377404212952
                ],
                [
                    1012.4261474609375,
                    339.8653564453125,
                    0.3998986482620239
                ],
                [
                    913.7780151367188,
                    254.08432006835938,
                    0.5553013682365417
                ],
                [
                    799.0458984375,
                    165.08651733398438,
                    0.0
                ],
                [
                    799.0458984375,
                    165.08651733398438,
                    0.0
                ],
                [
                    799.0458984375,
                    165.08651733398438,
                    0.0
                ],
                [
                    799.0458984375,
                    165.08651733398438,
                    0.0
                ],
                [
                    0.0,
                    0.0,
                    0.0
                ],
                [
                    0.0,
                    0.0,
                    0.0
                ],
                [
                    0.0,
                    0.0,
                    0.0
                ],
                [
                    0.0,
                    0.0,
                    0.0
                ],
                [
                    0.0,
                    0.0,
                    0.0
                ],
                [
                    0.0,
                    0.0,
                    0.0
                ]
            ],
            "isKeyframe": false
        }
    ],
    "isKeyframe": false
}