{
    "filename": "images/demo_H2FNV1/000171.jpg",
    "height": 1080,
    "width": 1920,
    "annots": [
        {
            "bbox": [
                824.9491577148438,
                183.6131134033203,
                1099.6068115234375,
                497.10455322265625,
                1.0,
                1.0,
                0.0
            ],
            "personID": 0,
            "keypoints": [
                [
                    1088.2705078125,
                    448.2887878417969,
                    0.8153203129768372
                ],
                [
                    1019.5785217285156,
                    428.8089904785156,
                    0.476959764957428
                ],
                [
                    1034.957275390625,
                    415.480712890625,
                    0.6905056238174438
                ],
                [
                    991.896728515625,
                    366.26861572265625,
                    0.793113112449646
                ],
                [
                    985.7451782226562,
                    304.75347900390625,
                    0.6557188034057617
                ],
                [
                    1004.1997680664062,
                    442.13726806640625,
                    0.476959764957428
                ],
                [
                    930.381591796875,
                    364.2181091308594,
                    0.8479507565498352
                ],
                [
                    948.8361206054688,
                    288.34942626953125,
                    0.39192265272140503
                ],
                [
                    876.0431823730469,
                    378.57164001464844,
                    0.17896436154842377
                ],
                [
                    879.1189575195312,
                    370.36962890625,
                    0.17896436154842377
                ],
                [
                    977.543212890625,
                    300.6524658203125,
                    0.46330687403678894
                ],
                [
                    879.1189575195312,
                    261.69287109375,
                    0.28513991832733154
                ],
                [
                    872.9674072265625,
                    386.7736511230469,
                    0.3911486268043518
                ],
                [
                    952.9371337890625,
                    292.450439453125,
                    0.1920800656080246
                ],
                [
                    858.6138916015625,
                    259.6423645019531,
                    0.3288671374320984
                ],
                [
                    812.4775390625,
                    145.83935546875,
                    0.0
                ],
                [
                    812.4775390625,
                    145.83935546875,
                    0.0
                ],
                [
                    812.4775390625,
                    145.83935546875,
                    0.0
                ],
                [
                    812.4775390625,
                    145.83935546875,
                    0.0
                ],
                [
                    0.0,
                    0.0,
                    0.0
                ],
                [
                    0.0,
                    0.0,
                    0.0
                ],
                [
                    0.0,
                    0.0,
                    0.0
                ],
                [
                    0.0,
                    0.0,
                    0.0
                ],
                [
                    0.0,
                    0.0,
                    0.0
                ],
                [
                    0.0,
                    0.0,
                    0.0
                ]
            ],
            "isKeyframe": true,
            "area": 98276.88284000033
        },
        {
            "bbox": [
                55,
                236,
                240,
                475,
                0,
                0,
                1
            ],
            "personID": 1,
            "keypoints": [
                [
                    104.95416259765625,
                    460.3458557128906,
                    0.21924608945846558
                ],
                [
                    126.6624984741211,
                    436.4666748046875,
                    0.16336913406848907
                ],
                [
                    96.27082824707031,
                    425.6125183105469,
                    0.437495619058609
                ],
                [
                    90.48193359375,
                    380.7486267089844,
                    0.8325307369232178
                ],
                [
                    103.5069351196289,
                    330.0958251953125,
                    0.7843111753463745
                ],
                [
                    157.05416870117188,
                    447.3208312988281,
                    0.16336913406848907
                ],
                [
                    200.47084045410156,
                    390.8791809082031,
                    0.008729389868676662
                ],
                [
                    181.65695190429688,
                    318.5180358886719,
                    0.01081264391541481
                ],
                [
                    170.80277252197266,
                    389.43194580078125,
                    0.2761918902397156
                ],
                [
                    145.47637939453125,
                    392.3263854980469,
                    0.29024580121040344
                ],
                [
                    119.42638397216797,
                    343.1208190917969,
                    0.25215834379196167
                ],
                [
                    136.7930450439453,
                    305.4930419921875,
                    0.6975855827331543
                ],
                [
                    196.12916564941406,
                    386.5375061035156,
                    0.2761918902397156
                ],
                [
                    172.97361755371094,
                    331.5430603027344,
                    0.24343548715114594
                ],
                [
                    183.1041717529297,
                    322.8597106933594,
                    0.5981928110122681
                ],
                [
                    41.99998474121094,
                    228.066650390625,
                    0.0
                ],
                [
                    41.99998474121094,
                    228.066650390625,
                    0.0
                ],
                [
                    41.99998474121094,
                    228.066650390625,
                    0.0
                ],
                [
                    41.99998474121094,
                    228.066650390625,
                    0.0
                ],
                [
                    0.0,
                    0.0,
                    0.0
                ],
                [
                    0.0,
                    0.0,
                    0.0
                ],
                [
                    0.0,
                    0.0,
                    0.0
                ],
                [
                    0.0,
                    0.0,
                    0.0
                ],
                [
                    0.0,
                    0.0,
                    0.0
                ],
                [
                    0.0,
                    0.0,
                    0.0
                ]
            ],
            "isKeyframe": false
        }
    ],
    "isKeyframe": false
}