{
    "filename": "images/demo_H2FNV1/000106.jpg",
    "height": 1080,
    "width": 1920,
    "annots": [
        {
            "bbox": [
                816.98095703125,
                422.2194519042969,
                1002.2236938476562,
                845.9165649414062,
                1.0,
                1.0,
                0.0
            ],
            "personID": 0,
            "keypoints": [
                [
                    893.0516357421875,
                    469.6647033691406,
                    0.8918290734291077
                ],
                [
                    930.5664672851562,
                    531.453857421875,
                    0.8219882845878601
                ],
                [
                    957.0475463867188,
                    527.0403442382812,
                    0.8380700349807739
                ],
                [
                    875.3975830078125,
                    540.2808837890625,
                    0.6369410157203674
                ],
                [
                    840.0894775390625,
                    540.2808837890625,
                    0.5840076208114624
                ],
                [
                    904.0853881835938,
                    535.8673706054688,
                    0.8219882845878601
                ],
                [
                    857.7435302734375,
                    546.901123046875,
                    0.6927235126495361
                ],
                [
                    778.3003540039062,
                    557.9349365234375,
                    0.34677523374557495
                ],
                [
                    963.6678161621094,
                    683.719970703125,
                    0.6749634146690369
                ],
                [
                    987.942138671875,
                    679.3064575195312,
                    0.6749634146690369
                ],
                [
                    895.2583618164062,
                    707.9943237304688,
                    0.6864504814147949
                ],
                [
                    934.97998046875,
                    805.091552734375,
                    0.7860216498374939
                ],
                [
                    939.3934936523438,
                    688.1334838867188,
                    0.718909740447998
                ],
                [
                    842.2962646484375,
                    707.9943237304688,
                    0.9045319557189941
                ],
                [
                    897.4651489257812,
                    811.7118530273438,
                    0.866815447807312
                ],
                [
                    0.0,
                    0.0,
                    0.0
                ],
                [
                    0.0,
                    0.0,
                    0.0
                ],
                [
                    0.0,
                    0.0,
                    0.0
                ],
                [
                    0.0,
                    0.0,
                    0.0
                ],
                [
                    0.0,
                    0.0,
                    0.0
                ],
                [
                    0.0,
                    0.0,
                    0.0
                ],
                [
                    0.0,
                    0.0,
                    0.0
                ],
                [
                    0.0,
                    0.0,
                    0.0
                ],
                [
                    0.0,
                    0.0,
                    0.0
                ],
                [
                    0.0,
                    0.0,
                    0.0
                ]
            ],
            "isKeyframe": true,
            "area": 179519.24359598104
        },
        {
            "bbox": [
                123.51101684570312,
                411.134765625,
                280.08026123046875,
                739.4092407226562,
                1.0,
                1.0,
                0.0
            ],
            "personID": 1,
            "keypoints": [
                [
                    185.55288696289062,
                    444.47509765625,
                    0.9581186771392822
                ],
                [
                    176.14920043945312,
                    493.20335388183594,
                    0.8363975286483765
                ],
                [
                    142.80882263183594,
                    497.4777526855469,
                    0.8363975286483765
                ],
                [
                    156.48692321777344,
                    526.543701171875,
                    0.8473542332649231
                ],
                [
                    219.74815368652344,
                    514.5753784179688,
                    0.8025671243667603
                ],
                [
                    209.4895782470703,
                    488.928955078125,
                    0.8646080493927002
                ],
                [
                    245.39459228515625,
                    511.1558532714844,
                    0.8023949861526489
                ],
                [
                    281.29962158203125,
                    511.1558532714844,
                    0.7020406126976013
                ],
                [
                    178.71383666992188,
                    588.9500732421875,
                    0.8064181804656982
                ],
                [
                    156.48692321777344,
                    591.5147094726562,
                    0.8107191920280457
                ],
                [
                    200.9407501220703,
                    627.4197387695312,
                    0.930243730545044
                ],
                [
                    183.84312438964844,
                    690.6809692382812,
                    0.8467099666595459
                ],
                [
                    200.9407501220703,
                    586.3854370117188,
                    0.8064181804656982
                ],
                [
                    245.39459228515625,
                    620.5806884765625,
                    0.8935992121696472
                ],
                [
                    209.4895782470703,
                    683.8419189453125,
                    0.8091054558753967
                ],
                [
                    0.0,
                    0.0,
                    0.0
                ],
                [
                    0.0,
                    0.0,
                    0.0
                ],
                [
                    0.0,
                    0.0,
                    0.0
                ],
                [
                    0.0,
                    0.0,
                    0.0
                ],
                [
                    0.0,
                    0.0,
                    0.0
                ],
                [
                    0.0,
                    0.0,
                    0.0
                ],
                [
                    0.0,
                    0.0,
                    0.0
                ],
                [
                    0.0,
                    0.0,
                    0.0
                ],
                [
                    0.0,
                    0.0,
                    0.0
                ],
                [
                    0.0,
                    0.0,
                    0.0
                ]
            ],
            "isKeyframe": true,
            "area": 107764.13100064173
        }
    ],
    "isKeyframe": false
}