{
    "filename": "images/demo_H2FNV1/000161.jpg",
    "height": 1080,
    "width": 1920,
    "annots": [
        {
            "bbox": [
                726,
                202,
                1143,
                484,
                0,
                0,
                1
            ],
            "personID": 0,
            "keypoints": [
                [
                    1115.4896240234375,
                    379.1979064941406,
                    0.9397990703582764
                ],
                [
                    1041.6458129882812,
                    386.4375,
                    0.6365177035331726
                ],
                [
                    1048.8853759765625,
                    382.09375,
                    0.6365177035331726
                ],
                [
                    999.65625,
                    329.96875,
                    0.8888521790504456
                ],
                [
                    964.90625,
                    269.15625,
                    0.9068648219108582
                ],
                [
                    1034.40625,
                    390.78125,
                    0.7668311595916748
                ],
                [
                    938.84375,
                    321.28125,
                    0.8278221487998962
                ],
                [
                    901.1979370117188,
                    254.6770782470703,
                    0.9513264298439026
                ],
                [
                    905.5416564941406,
                    415.3958282470703,
                    0.47154584527015686
                ],
                [
                    921.46875,
                    413.9479064941406,
                    0.47154584527015686
                ],
                [
                    840.3854370117188,
                    358.9270935058594,
                    0.4635465741157532
                ],
                [
                    796.9479370117188,
                    367.6145935058594,
                    0.4361249506473541
                ],
                [
                    889.6145629882812,
                    416.84375,
                    0.6746073365211487
                ],
                [
                    880.9270629882812,
                    292.3229064941406,
                    0.9176185131072998
                ],
                [
                    785.3645629882812,
                    344.4479064941406,
                    0.9161158800125122
                ],
                [
                    0.0,
                    0.0,
                    -1.0
                ],
                [
                    0.0,
                    0.0,
                    -1.0
                ],
                [
                    0.0,
                    0.0,
                    -1.0
                ],
                [
                    0.0,
                    0.0,
                    -1.0
                ],
                [
                    0.0,
                    0.0,
                    -1.0
                ],
                [
                    0.0,
                    0.0,
                    -1.0
                ],
                [
                    0.0,
                    0.0,
                    -1.0
                ],
                [
                    0.0,
                    0.0,
                    -1.0
                ],
                [
                    0.0,
                    0.0,
                    -1.0
                ],
                [
                    0.0,
                    0.0,
                    -1.0
                ]
            ],
            "isKeyframe": false
        },
        {
            "bbox": [
                43,
                268,
                273,
                456,
                0,
                0,
                1
            ],
            "personID": 1,
            "keypoints": [
                [
                    85.32638549804688,
                    380.3680419921875,
                    0.1275220364332199
                ],
                [
                    128.45138931274414,
                    381.1666717529297,
                    0.2111203372478485
                ],
                [
                    83.72916412353516,
                    391.5486145019531,
                    0.6773558259010315
                ],
                [
                    88.52083587646484,
                    356.40972900390625,
                    0.8558117747306824
                ],
                [
                    102.89583587646484,
                    310.09027099609375,
                    0.899002194404602
                ],
                [
                    173.17361450195312,
                    370.78472900390625,
                    0.2111203372478485
                ],
                [
                    200.32638549804688,
                    356.40972900390625,
                    0.45664313435554504
                ],
                [
                    206.71527099609375,
                    316.4791564941406,
                    0.9303578734397888
                ],
                [
                    172.375,
                    420.29859924316406,
                    0.7224252223968506
                ],
                [
                    147.61805725097656,
                    423.4930419921875,
                    0.7224252223968506
                ],
                [
                    150.8125,
                    327.65972900390625,
                    0.9192771315574646
                ],
                [
                    192.34027099609375,
                    364.3958435058594,
                    0.6962301135063171
                ],
                [
                    197.13194274902344,
                    417.1041564941406,
                    0.7769883871078491
                ],
                [
                    205.11805725097656,
                    345.2291564941406,
                    0.23958586156368256
                ],
                [
                    230.67361450195312,
                    377.1736145019531,
                    0.7866634130477905
                ],
                [
                    0.0,
                    0.0,
                    -1.0
                ],
                [
                    0.0,
                    0.0,
                    -1.0
                ],
                [
                    0.0,
                    0.0,
                    -1.0
                ],
                [
                    0.0,
                    0.0,
                    -1.0
                ],
                [
                    0.0,
                    0.0,
                    -1.0
                ],
                [
                    0.0,
                    0.0,
                    -1.0
                ],
                [
                    0.0,
                    0.0,
                    -1.0
                ],
                [
                    0.0,
                    0.0,
                    -1.0
                ],
                [
                    0.0,
                    0.0,
                    -1.0
                ],
                [
                    0.0,
                    0.0,
                    -1.0
                ]
            ],
            "isKeyframe": false
        }
    ],
    "isKeyframe": true
}