{
    "filename": "images/demo_H2FNV1/000170.jpg",
    "height": 1080,
    "width": 1920,
    "annots": [
        {
            "bbox": [
                820.1577758789062,
                180.66246032714844,
                1105.9996337890625,
                484.051513671875,
                1.0,
                1.0,
                0.0
            ],
            "personID": 0,
            "keypoints": [
                [
                    1093.2264404296875,
                    440.07452392578125,
                    0.8536803126335144
                ],
                [
                    1022.5357360839844,
                    424.7070007324219,
                    0.3996177017688751
                ],
                [
                    1035.854248046875,
                    413.4374694824219,
                    0.6673346757888794
                ],
                [
                    990.7761840820312,
                    364.2613525390625,
                    0.8214731812477112
                ],
                [
                    980.5311889648438,
                    300.7421875,
                    0.5605565905570984
                ],
                [
                    1009.2172241210938,
                    435.9765319824219,
                    0.3996177017688751
                ],
                [
                    929.3060302734375,
                    360.163330078125,
                    0.7582834959030151
                ],
                [
                    951.8450927734375,
                    288.4481506347656,
                    0.21873505413532257
                ],
                [
                    868.8603820800781,
                    385.77589416503906,
                    0.29373452067375183
                ],
                [
                    865.786865234375,
                    378.6043701171875,
                    0.29373452067375183
                ],
                [
                    978.482177734375,
                    296.6441650390625,
                    0.7035427689552307
                ],
                [
                    863.7378540039062,
                    265.9090881347656,
                    0.4065604507923126
                ],
                [
                    871.9338989257812,
                    392.9474182128906,
                    0.5262879133224487
                ],
                [
                    945.6980590820312,
                    278.203125,
                    0.4806990325450897
                ],
                [
                    861.6888427734375,
                    265.9090881347656,
                    0.5701131224632263
                ],
                [
                    813.5372314453125,
                    141.9442596435547,
                    0.0
                ],
                [
                    813.5372314453125,
                    141.9442596435547,
                    0.0
                ],
                [
                    813.5372314453125,
                    141.9442596435547,
                    0.0
                ],
                [
                    813.5372314453125,
                    141.9442596435547,
                    0.0
                ],
                [
                    0.0,
                    0.0,
                    0.0
                ],
                [
                    0.0,
                    0.0,
                    0.0
                ],
                [
                    0.0,
                    0.0,
                    0.0
                ],
                [
                    0.0,
                    0.0,
                    0.0
                ],
                [
                    0.0,
                    0.0,
                    0.0
                ],
                [
                    0.0,
                    0.0,
                    0.0
                ]
            ],
            "isKeyframe": true,
            "area": 92044.91768940934
        },
        {
            "bbox": [
                37,
                247,
                270,
                483,
                0,
                0,
                1
            ],
            "personID": 1,
            "keypoints": [
                [
                    102.93439483642578,
                    415.9468688964844,
                    0.07115240395069122
                ],
                [
                    127.69063568115234,
                    435.6062316894531,
                    0.2872849106788635
                ],
                [
                    97.10939025878906,
                    424.6843566894531,
                    0.2872849106788635
                ],
                [
                    91.28439331054688,
                    378.0843811035156,
                    0.7871255874633789
                ],
                [
                    104.39064025878906,
                    330.02813720703125,
                    0.8330684304237366
                ],
                [
                    158.27188110351562,
                    446.5281066894531,
                    0.30675628781318665
                ],
                [
                    210.69686889648438,
                    370.8031311035156,
                    0.08249976485967636
                ],
                [
                    178.6593780517578,
                    341.6781311035156,
                    0.05033581331372261
                ],
                [
                    169.1937484741211,
                    394.83123779296875,
                    0.20157700777053833
                ],
                [
                    142.2531280517578,
                    391.19061279296875,
                    0.20157700777053833
                ],
                [
                    120.40938568115234,
                    331.484375,
                    0.20076200366020203
                ],
                [
                    139.34063720703125,
                    308.18438720703125,
                    0.6365641355514526
                ],
                [
                    196.13436889648438,
                    398.47186279296875,
                    0.4114641547203064
                ],
                [
                    175.7468719482422,
                    325.6593933105469,
                    0.18549461662769318
                ],
                [
                    183.0281219482422,
                    325.6593933105469,
                    0.5543432235717773
                ],
                [
                    42.500030517578125,
                    224.4500274658203,
                    0.0
                ],
                [
                    42.500030517578125,
                    224.4500274658203,
                    0.0
                ],
                [
                    42.500030517578125,
                    224.4500274658203,
                    0.0
                ],
                [
                    42.500030517578125,
                    224.4500274658203,
                    0.0
                ],
                [
                    0.0,
                    0.0,
                    0.0
                ],
                [
                    0.0,
                    0.0,
                    0.0
                ],
                [
                    0.0,
                    0.0,
                    0.0
                ],
                [
                    0.0,
                    0.0,
                    0.0
                ],
                [
                    0.0,
                    0.0,
                    0.0
                ],
                [
                    0.0,
                    0.0,
                    0.0
                ]
            ],
            "isKeyframe": false
        }
    ],
    "isKeyframe": false
}