{
    "filename": "images/demo_H2FNV1/000198.jpg",
    "height": 1080,
    "width": 1920,
    "annots": [
        {
            "bbox": [
                812,
                311,
                1181,
                586,
                1.0,
                1.0,
                0.0
            ],
            "personID": 0,
            "keypoints": [
                [
                    895.4948120117188,
                    555.453369140625,
                    0.9977899193763733
                ],
                [
                    884.7445068359375,
                    496.9241485595703,
                    0.4585103988647461
                ],
                [
                    897.8837280273438,
                    498.1186218261719,
                    0.4585103988647461
                ],
                [
                    974.330078125,
                    488.5628356933594,
                    0.3695865273475647
                ],
                [
                    974.330078125,
                    500.507568359375,
                    0.42714986205101013
                ],
                [
                    871.6052856445312,
                    495.72967529296875,
                    0.659450113773346
                ],
                [
                    893.1058349609375,
                    459.89544677734375,
                    0.8402232527732849
                ],
                [
                    957.607421875,
                    505.28546142578125,
                    0.8396403789520264
                ],
                [
                    971.9411315917969,
                    360.7541198730469,
                    0.6689764261245728
                ],
                [
                    993.441650390625,
                    350.00384521484375,
                    0.6689764261245728
                ],
                [
                    1024.498046875,
                    488.5628356933594,
                    0.5370922088623047
                ],
                [
                    1091.3885498046875,
                    474.2291564941406,
                    0.4981735944747925
                ],
                [
                    950.4406127929688,
                    371.50439453125,
                    0.734665036201477
                ],
                [
                    976.7190551757812,
                    498.1186218261719,
                    0.7233969569206238
                ],
                [
                    1081.832763671875,
                    467.06231689453125,
                    0.5826080441474915
                ],
                [
                    888.3279418945312,
                    560.2312622070312,
                    0.0
                ],
                [
                    878.7721557617188,
                    557.8423461914062,
                    0.0
                ],
                [
                    866.827392578125,
                    531.5639038085938,
                    0.0
                ],
                [
                    864.4384765625,
                    531.5639038085938,
                    0.0
                ],
                [
                    0.0,
                    0.0,
                    0.0
                ],
                [
                    0.0,
                    0.0,
                    0.0
                ],
                [
                    0.0,
                    0.0,
                    0.0
                ],
                [
                    0.0,
                    0.0,
                    0.0
                ],
                [
                    0.0,
                    0.0,
                    0.0
                ],
                [
                    0.0,
                    0.0,
                    0.0
                ]
            ],
            "isKeyframe": true,
            "area": 63950.920773450285
        },
        {
            "bbox": [
                52.15526580810547,
                354.3569030761719,
                235.10508728027344,
                536.2837524414062,
                1.0,
                1.0,
                0.0
            ],
            "personID": 1,
            "keypoints": [
                [
                    181.02871704101562,
                    507.94464111328125,
                    0.806602954864502
                ],
                [
                    178.85501861572266,
                    463.0214538574219,
                    0.7249032855033875
                ],
                [
                    146.2494659423828,
                    468.8179931640625,
                    0.7249032855033875
                ],
                [
                    105.67366790771484,
                    454.3266296386719,
                    0.448771595954895
                ],
                [
                    72.34354400634766,
                    451.4283447265625,
                    0.30640479922294617
                ],
                [
                    211.4605712890625,
                    457.22491455078125,
                    0.7748016715049744
                ],
                [
                    196.96920776367188,
                    419.54736328125,
                    0.2561531662940979
                ],
                [
                    114.36847686767578,
                    465.9197082519531,
                    0.3394138514995575
                ],
                [
                    131.0335350036621,
                    384.0435485839844,
                    0.3606643080711365
                ],
                [
                    104.22452545166016,
                    384.76812744140625,
                    0.6455419659614563
                ],
                [
                    92.6314468383789,
                    470.2671203613281,
                    0.25919532775878906
                ],
                [
                    70.8944091796875,
                    451.4283447265625,
                    0.36834847927093506
                ],
                [
                    157.84254455566406,
                    383.3189697265625,
                    0.3606643080711365
                ],
                [
                    133.20724487304688,
                    474.6145324707031,
                    0.057144127786159515
                ],
                [
                    86.83489990234375,
                    442.7335510253906,
                    0.10340848565101624
                ],
                [
                    39.73799133300781,
                    307.2393493652344,
                    0.0
                ],
                [
                    39.73799133300781,
                    307.2393493652344,
                    0.0
                ],
                [
                    39.73799133300781,
                    307.2393493652344,
                    0.0
                ],
                [
                    39.73799133300781,
                    307.2393493652344,
                    0.0
                ],
                [
                    0.0,
                    0.0,
                    0.0
                ],
                [
                    0.0,
                    0.0,
                    0.0
                ],
                [
                    0.0,
                    0.0,
                    0.0
                ],
                [
                    0.0,
                    0.0,
                    0.0
                ],
                [
                    0.0,
                    0.0,
                    0.0
                ],
                [
                    0.0,
                    0.0,
                    0.0
                ]
            ],
            "isKeyframe": true,
            "area": 33470.63717669813
        }
    ],
    "isKeyframe": false
}