{
    "filename": "images/demo_H2FNV1/000109.jpg",
    "height": 1080,
    "width": 1920,
    "annots": [
        {
            "bbox": [
                813.0211791992188,
                407.6013488769531,
                1001.0322875976562,
                850.211181640625,
                1.0,
                1.0,
                0.0
            ],
            "personID": 0,
            "keypoints": [
                [
                    903.56884765625,
                    461.7749328613281,
                    0.9330514073371887
                ],
                [
                    931.2319641113281,
                    524.0169372558594,
                    0.8201556205749512
                ],
                [
                    958.8950805664062,
                    519.4064331054688,
                    0.8724350929260254
                ],
                [
                    889.7373046875,
                    519.4064331054688,
                    0.600642740726471
                ],
                [
                    834.4110717773438,
                    482.5222473144531,
                    0.8338808417320251
                ],
                [
                    903.56884765625,
                    528.62744140625,
                    0.8201556205749512
                ],
                [
                    813.6636962890625,
                    528.62744140625,
                    0.7594444751739502
                ],
                [
                    772.1690673828125,
                    494.0485534667969,
                    0.6085385680198669
                ],
                [
                    960.0477294921875,
                    677.3167114257812,
                    0.7334324717521667
                ],
                [
                    981.9476928710938,
                    678.4693603515625,
                    0.7334324717521667
                ],
                [
                    894.3477783203125,
                    703.8272094726562,
                    0.7201733589172363
                ],
                [
                    933.5372314453125,
                    802.953369140625,
                    0.8273111581802368
                ],
                [
                    938.1477661132812,
                    676.1640625,
                    0.7543039917945862
                ],
                [
                    843.632080078125,
                    708.4376831054688,
                    0.8939430713653564
                ],
                [
                    898.9583129882812,
                    812.1743774414062,
                    0.8197535872459412
                ],
                [
                    0.0,
                    0.0,
                    0.0
                ],
                [
                    0.0,
                    0.0,
                    0.0
                ],
                [
                    0.0,
                    0.0,
                    0.0
                ],
                [
                    0.0,
                    0.0,
                    0.0
                ],
                [
                    0.0,
                    0.0,
                    0.0
                ],
                [
                    0.0,
                    0.0,
                    0.0
                ],
                [
                    0.0,
                    0.0,
                    0.0
                ],
                [
                    0.0,
                    0.0,
                    0.0
                ],
                [
                    0.0,
                    0.0,
                    0.0
                ],
                [
                    0.0,
                    0.0,
                    0.0
                ]
            ],
            "isKeyframe": true,
            "area": 195903.46405908559
        },
        {
            "bbox": [
                120.1843032836914,
                408.2639465332031,
                285.503173828125,
                743.42822265625,
                1.0,
                1.0,
                0.0
            ],
            "personID": 1,
            "keypoints": [
                [
                    181.02316284179688,
                    438.8127746582031,
                    0.9463902115821838
                ],
                [
                    174.0405731201172,
                    485.94525146484375,
                    0.8386908173561096
                ],
                [
                    140.87327575683594,
                    489.4365539550781,
                    0.8557931780815125
                ],
                [
                    149.6015167236328,
                    503.4017333984375,
                    0.7691261768341064
                ],
                [
                    207.20787048339844,
                    489.4365539550781,
                    0.7097561955451965
                ],
                [
                    207.20787048339844,
                    482.4539489746094,
                    0.8386908173561096
                ],
                [
                    249.1033935546875,
                    492.9278259277344,
                    0.7625096440315247
                ],
                [
                    271.79681396484375,
                    475.47137451171875,
                    0.7590860724449158
                ],
                [
                    178.40469360351562,
                    582.8286743164062,
                    0.8375939130783081
                ],
                [
                    156.5841064453125,
                    585.4471435546875,
                    0.8375939130783081
                ],
                [
                    200.22528076171875,
                    622.105712890625,
                    0.9092317819595337
                ],
                [
                    182.76881408691406,
                    690.1859741210938,
                    0.8170399069786072
                ],
                [
                    200.22528076171875,
                    580.210205078125,
                    0.8513480424880981
                ],
                [
                    242.1208038330078,
                    622.105712890625,
                    0.8918137550354004
                ],
                [
                    210.69915771484375,
                    683.203369140625,
                    0.8068875670433044
                ],
                [
                    0.0,
                    0.0,
                    0.0
                ],
                [
                    0.0,
                    0.0,
                    0.0
                ],
                [
                    0.0,
                    0.0,
                    0.0
                ],
                [
                    0.0,
                    0.0,
                    0.0
                ],
                [
                    0.0,
                    0.0,
                    0.0
                ],
                [
                    0.0,
                    0.0,
                    0.0
                ],
                [
                    0.0,
                    0.0,
                    0.0
                ],
                [
                    0.0,
                    0.0,
                    0.0
                ],
                [
                    0.0,
                    0.0,
                    0.0
                ],
                [
                    0.0,
                    0.0,
                    0.0
                ]
            ],
            "isKeyframe": true,
            "area": 112335.09198908601
        }
    ],
    "isKeyframe": false
}