{
    "filename": "images/demo_H2FNV1/000128.jpg",
    "height": 1080,
    "width": 1920,
    "annots": [
        {
            "bbox": [
                811.9517211914062,
                221.6999053955078,
                1073.537841796875,
                853.6148681640625,
                1.0,
                1.0,
                0.0
            ],
            "personID": 0,
            "keypoints": [
                [
                    987.17626953125,
                    338.5383605957031,
                    0.9749132990837097
                ],
                [
                    974.0113830566406,
                    409.2996826171875,
                    0.6704683899879456
                ],
                [
                    990.467529296875,
                    414.23651123046875,
                    0.6704683899879456
                ],
                [
                    1020.0885009765625,
                    331.9559326171875,
                    0.8784210681915283
                ],
                [
                    1029.962158203125,
                    279.2963562011719,
                    0.8697674870491028
                ],
                [
                    957.5552368164062,
                    404.36285400390625,
                    0.8191590309143066
                ],
                [
                    941.09912109375,
                    325.37347412109375,
                    0.9022803902626038
                ],
                [
                    1010.21484375,
                    276.005126953125,
                    0.9995253086090088
                ],
                [
                    909.8324890136719,
                    554.113525390625,
                    0.8124116063117981
                ],
                [
                    934.5166625976562,
                    552.4678955078125,
                    0.8124116063117981
                ],
                [
                    904.8956909179688,
                    657.7870483398438,
                    0.9453763961791992
                ],
                [
                    921.351806640625,
                    759.8150024414062,
                    0.9244085550308228
                ],
                [
                    885.1483154296875,
                    555.7591552734375,
                    0.8265448212623596
                ],
                [
                    858.8185424804688,
                    667.6607666015625,
                    0.9629964232444763
                ],
                [
                    885.1483154296875,
                    782.8535766601562,
                    0.8826406598091125
                ],
                [
                    0.0,
                    0.0,
                    0.0
                ],
                [
                    0.0,
                    0.0,
                    0.0
                ],
                [
                    0.0,
                    0.0,
                    0.0
                ],
                [
                    0.0,
                    0.0,
                    0.0
                ],
                [
                    0.0,
                    0.0,
                    0.0
                ],
                [
                    0.0,
                    0.0,
                    0.0
                ],
                [
                    0.0,
                    0.0,
                    0.0
                ],
                [
                    0.0,
                    0.0,
                    0.0
                ],
                [
                    0.0,
                    0.0,
                    0.0
                ],
                [
                    0.0,
                    0.0,
                    0.0
                ]
            ],
            "isKeyframe": true,
            "area": 399316.52017078386
        },
        {
            "bbox": [
                93.95553588867188,
                294.46466064453125,
                254.3632049560547,
                705.7880249023438,
                1.0,
                1.0,
                0.0
            ],
            "personID": 1,
            "keypoints": [
                [
                    132.3843231201172,
                    366.23199462890625,
                    0.6372949481010437
                ],
                [
                    155.9497299194336,
                    402.65126037597656,
                    0.8788791298866272
                ],
                [
                    130.2420196533203,
                    411.2204895019531,
                    0.8788791298866272
                ],
                [
                    80.96890258789062,
                    359.8050842285156,
                    0.9226170182228088
                ],
                [
                    83.11121368408203,
                    325.52813720703125,
                    0.9320387840270996
                ],
                [
                    181.65744018554688,
                    394.08203125,
                    0.9063940644264221
                ],
                [
                    190.2266845703125,
                    344.80889892578125,
                    0.918264627456665
                ],
                [
                    143.0958709716797,
                    321.2434997558594,
                    0.9072462320327759
                ],
                [
                    202.00938415527344,
                    497.9840393066406,
                    0.898260772228241
                ],
                [
                    181.65744018554688,
                    501.197509765625,
                    0.9058886766433716
                ],
                [
                    192.36898803710938,
                    593.3167724609375,
                    0.8866862058639526
                ],
                [
                    183.7997589111328,
                    674.7245483398438,
                    0.8288760781288147
                ],
                [
                    222.361328125,
                    494.77056884765625,
                    0.898260772228241
                ],
                [
                    235.21517944335938,
                    586.889892578125,
                    0.9345361590385437
                ],
                [
                    222.361328125,
                    664.0130004882812,
                    0.8640078902244568
                ],
                [
                    0.0,
                    0.0,
                    0.0
                ],
                [
                    0.0,
                    0.0,
                    0.0
                ],
                [
                    0.0,
                    0.0,
                    0.0
                ],
                [
                    0.0,
                    0.0,
                    0.0
                ],
                [
                    0.0,
                    0.0,
                    0.0
                ],
                [
                    0.0,
                    0.0,
                    0.0
                ],
                [
                    0.0,
                    0.0,
                    0.0
                ],
                [
                    0.0,
                    0.0,
                    0.0
                ],
                [
                    0.0,
                    0.0,
                    0.0
                ],
                [
                    0.0,
                    0.0,
                    0.0
                ]
            ],
            "isKeyframe": true,
            "area": 169186.9099843651
        }
    ],
    "isKeyframe": false
}