{
    "filename": "images/demo_H2FNV1/000181.jpg",
    "height": 1080,
    "width": 1920,
    "annots": [
        {
            "bbox": [
                812,
                183,
                1067,
                594,
                0,
                0,
                1
            ],
            "personID": 0,
            "keypoints": [
                [
                    1025.517333984375,
                    534.2882080078125,
                    0.7486351728439331
                ],
                [
                    983.954833984375,
                    475.2257080078125,
                    0.1330794245004654
                ],
                [
                    1001.454833984375,
                    464.2882080078125,
                    0.1330794245004654
                ],
                [
                    994.892333984375,
                    400.8507080078125,
                    0.14854371547698975
                ],
                [
                    1018.954833984375,
                    368.0382080078125,
                    0.09028256684541702
                ],
                [
                    966.454833984375,
                    486.1632080078125,
                    0.697817862033844
                ],
                [
                    922.704833984375,
                    398.6632080078125,
                    0.8794206380844116
                ],
                [
                    983.954833984375,
                    365.8507080078125,
                    0.7122413516044617
                ],
                [
                    878.954833984375,
                    337.4132080078125,
                    0.2271229475736618
                ],
                [
                    885.517333984375,
                    324.2882080078125,
                    0.2271229475736618
                ],
                [
                    1021.142333984375,
                    348.3507080078125,
                    0.24960041046142578
                ],
                [
                    957.704833984375,
                    263.0382080078125,
                    0.25302204489707947
                ],
                [
                    872.392333984375,
                    350.5382080078125,
                    0.2974618971347809
                ],
                [
                    1016.767333984375,
                    354.9132080078125,
                    0.2874925434589386
                ],
                [
                    942.392333984375,
                    263.0382080078125,
                    0.5276423692703247
                ],
                [
                    799.111083984375,
                    174.4444580078125,
                    0.0
                ],
                [
                    799.111083984375,
                    174.4444580078125,
                    0.0
                ],
                [
                    799.111083984375,
                    174.4444580078125,
                    0.0
                ],
                [
                    799.111083984375,
                    174.4444580078125,
                    0.0
                ],
                [
                    0.0,
                    0.0,
                    0.0
                ],
                [
                    0.0,
                    0.0,
                    0.0
                ],
                [
                    0.0,
                    0.0,
                    0.0
                ],
                [
                    0.0,
                    0.0,
                    0.0
                ],
                [
                    0.0,
                    0.0,
                    0.0
                ],
                [
                    0.0,
                    0.0,
                    0.0
                ]
            ],
            "isKeyframe": false
        },
        {
            "bbox": [
                38,
                257,
                241,
                537,
                0,
                0,
                1
            ],
            "personID": 1,
            "keypoints": [
                [
                    140.8940887451172,
                    512.546875,
                    0.27183014154434204
                ],
                [
                    151.1267318725586,
                    453.34375,
                    0.511745810508728
                ],
                [
                    117.50520324707031,
                    456.9982604980469,
                    0.511745810508728
                ],
                [
                    88.26908874511719,
                    402.9114685058594,
                    0.8161252737045288
                ],
                [
                    86.80728149414062,
                    369.2899475097656,
                    0.16400368511676788
                ],
                [
                    184.74826049804688,
                    449.6892395019531,
                    0.525851845741272
                ],
                [
                    208.13714599609375,
                    385.36981201171875,
                    0.7245701551437378
                ],
                [
                    167.2065887451172,
                    385.36981201171875,
                    0.05699629709124565
                ],
                [
                    161.35936737060547,
                    361.25001525878906,
                    0.2733089327812195
                ],
                [
                    137.97047424316406,
                    363.4427185058594,
                    0.2733089327812195
                ],
                [
                    102.88714599609375,
                    373.67535400390625,
                    0.8346318602561951
                ],
                [
                    107.2725601196289,
                    316.6649475097656,
                    0.6364113688468933
                ],
                [
                    184.74826049804688,
                    359.05731201171875,
                    0.4300938844680786
                ],
                [
                    158.43576049804688,
                    361.9809265136719,
                    0.24073417484760284
                ],
                [
                    146.74131774902344,
                    310.8177185058594,
                    0.6952937245368958
                ],
                [
                    30.52777099609375,
                    256.0,
                    0.0
                ],
                [
                    30.52777099609375,
                    256.0,
                    0.0
                ],
                [
                    30.52777099609375,
                    256.0,
                    0.0
                ],
                [
                    30.52777099609375,
                    256.0,
                    0.0
                ],
                [
                    0.0,
                    0.0,
                    0.0
                ],
                [
                    0.0,
                    0.0,
                    0.0
                ],
                [
                    0.0,
                    0.0,
                    0.0
                ],
                [
                    0.0,
                    0.0,
                    0.0
                ],
                [
                    0.0,
                    0.0,
                    0.0
                ],
                [
                    0.0,
                    0.0,
                    0.0
                ]
            ],
            "isKeyframe": false
        }
    ],
    "isKeyframe": false
}