{
    "filename": "images/demo_H2FNV1/000136.jpg",
    "height": 1080,
    "width": 1920,
    "annots": [
        {
            "bbox": [
                807.0106201171875,
                207.0393829345703,
                1097.1700439453125,
                777.446044921875,
                1.0,
                1.0,
                0.0
            ],
            "personID": 0,
            "keypoints": [
                [
                    1036.760009765625,
                    318.44696044921875,
                    0.981480598449707
                ],
                [
                    1011.5076599121094,
                    385.29148864746094,
                    0.5353691577911377
                ],
                [
                    1021.9057006835938,
                    389.747802734375,
                    0.5353691577911377
                ],
                [
                    1069.4395751953125,
                    315.4761047363281,
                    0.621146559715271
                ],
                [
                    1072.4105224609375,
                    262.0004577636719,
                    0.6202495098114014
                ],
                [
                    1001.109619140625,
                    380.8351745605469,
                    0.7766832709312439
                ],
                [
                    980.3135986328125,
                    318.44696044921875,
                    0.9606050252914429
                ],
                [
                    1045.672607421875,
                    259.02960205078125,
                    0.9503531455993652
                ],
                [
                    900.1001586914062,
                    490.75730895996094,
                    0.7790396213531494
                ],
                [
                    920.896240234375,
                    493.7281799316406,
                    0.7790396213531494
                ],
                [
                    885.2457885742188,
                    588.7959594726562,
                    0.9506552815437317
                ],
                [
                    906.0418701171875,
                    689.8054809570312,
                    0.85624760389328
                ],
                [
                    879.3040771484375,
                    487.78643798828125,
                    0.7999131083488464
                ],
                [
                    837.7119140625,
                    588.7959594726562,
                    0.9573090076446533
                ],
                [
                    864.4497680664062,
                    716.5432739257812,
                    0.7041901350021362
                ],
                [
                    0.0,
                    0.0,
                    0.0
                ],
                [
                    0.0,
                    0.0,
                    0.0
                ],
                [
                    0.0,
                    0.0,
                    0.0
                ],
                [
                    0.0,
                    0.0,
                    0.0
                ],
                [
                    0.0,
                    0.0,
                    0.0
                ],
                [
                    0.0,
                    0.0,
                    0.0
                ],
                [
                    0.0,
                    0.0,
                    0.0
                ],
                [
                    0.0,
                    0.0,
                    0.0
                ],
                [
                    0.0,
                    0.0,
                    0.0
                ],
                [
                    0.0,
                    0.0,
                    0.0
                ]
            ],
            "isKeyframe": true,
            "area": 325363.76003949926
        },
        {
            "bbox": [
                65.32754516601562,
                285.0865783691406,
                261.25408935546875,
                672.69482421875,
                1.0,
                1.0,
                0.0
            ],
            "personID": 1,
            "keypoints": [
                [
                    101.71763610839844,
                    366.8476867675781,
                    0.7793490886688232
                ],
                [
                    140.07470321655273,
                    380.97923278808594,
                    0.8201163411140442
                ],
                [
                    109.79280853271484,
                    385.0168151855469,
                    0.8798724412918091
                ],
                [
                    59.32298278808594,
                    348.6785583496094,
                    0.9453585147857666
                ],
                [
                    73.45453643798828,
                    316.37786865234375,
                    0.9234983921051025
                ],
                [
                    170.35659790039062,
                    376.941650390625,
                    0.8201163411140442
                ],
                [
                    190.54452514648438,
                    340.6033630371094,
                    0.9451577067375183
                ],
                [
                    144.11228942871094,
                    310.32147216796875,
                    0.9161999225616455
                ],
                [
                    194.5821075439453,
                    452.64637756347656,
                    0.8416051864624023
                ],
                [
                    174.39418029785156,
                    453.65576171875,
                    0.8676390051841736
                ],
                [
                    196.6009063720703,
                    542.482666015625,
                    0.9345669746398926
                ],
                [
                    186.50694274902344,
                    619.19677734375,
                    0.863629162311554
                ],
                [
                    214.77003479003906,
                    451.6369934082031,
                    0.8416051864624023
                ],
                [
                    243.03314208984375,
                    538.445068359375,
                    0.8835179209709167
                ],
                [
                    234.9579620361328,
                    613.1404418945312,
                    0.8622965812683105
                ],
                [
                    0.0,
                    0.0,
                    0.0
                ],
                [
                    0.0,
                    0.0,
                    0.0
                ],
                [
                    0.0,
                    0.0,
                    0.0
                ],
                [
                    0.0,
                    0.0,
                    0.0
                ],
                [
                    0.0,
                    0.0,
                    0.0
                ],
                [
                    0.0,
                    0.0,
                    0.0
                ],
                [
                    0.0,
                    0.0,
                    0.0
                ],
                [
                    0.0,
                    0.0,
                    0.0
                ],
                [
                    0.0,
                    0.0,
                    0.0
                ],
                [
                    0.0,
                    0.0,
                    0.0
                ]
            ],
            "isKeyframe": true,
            "area": 150240.15225061122
        }
    ],
    "isKeyframe": false
}