{
    "filename": "images/demo_H2FNV1/000134.jpg",
    "height": 1080,
    "width": 1920,
    "annots": [
        {
            "bbox": [
                817.4869995117188,
                201.09466552734375,
                1080.9578857421875,
                765.0238647460938,
                1.0,
                1.0,
                0.0
            ],
            "personID": 0,
            "keypoints": [
                [
                    1032.9306640625,
                    322.9856262207031,
                    0.9740438461303711
                ],
                [
                    1003.559326171875,
                    392.00819396972656,
                    0.6156116724014282
                ],
                [
                    1012.3707275390625,
                    396.41387939453125,
                    0.6156116724014282
                ],
                [
                    1065.2391357421875,
                    322.9856262207031,
                    0.4266359806060791
                ],
                [
                    1068.17626953125,
                    264.24298095703125,
                    0.569225549697876
                ],
                [
                    994.7479248046875,
                    387.6025085449219,
                    0.7807260155677795
                ],
                [
                    977.1251831054688,
                    320.0484924316406,
                    0.9111754298210144
                ],
                [
                    1044.67919921875,
                    261.30584716796875,
                    0.9277472496032715
                ],
                [
                    902.2283020019531,
                    493.3392333984375,
                    0.7374075651168823
                ],
                [
                    921.3196411132812,
                    493.3392333984375,
                    0.7686680555343628
                ],
                [
                    889.01123046875,
                    590.2645263671875,
                    0.8996922969818115
                ],
                [
                    906.634033203125,
                    698.9384155273438,
                    0.8476414680480957
                ],
                [
                    883.136962890625,
                    493.3392333984375,
                    0.7374075651168823
                ],
                [
                    842.0171508789062,
                    602.0130615234375,
                    0.9324180483818054
                ],
                [
                    871.388427734375,
                    713.6240844726562,
                    0.7641440629959106
                ],
                [
                    0.0,
                    0.0,
                    0.0
                ],
                [
                    0.0,
                    0.0,
                    0.0
                ],
                [
                    0.0,
                    0.0,
                    0.0
                ],
                [
                    0.0,
                    0.0,
                    0.0
                ],
                [
                    0.0,
                    0.0,
                    0.0
                ],
                [
                    0.0,
                    0.0,
                    0.0
                ],
                [
                    0.0,
                    0.0,
                    0.0
                ],
                [
                    0.0,
                    0.0,
                    0.0
                ],
                [
                    0.0,
                    0.0,
                    0.0
                ],
                [
                    0.0,
                    0.0,
                    0.0
                ]
            ],
            "isKeyframe": true,
            "area": 318016.1417315006
        },
        {
            "bbox": [
                65.30271911621094,
                290.0340576171875,
                256.9945983886719,
                684.39697265625,
                1.0,
                1.0,
                0.0
            ],
            "personID": 1,
            "keypoints": [
                [
                    112.8802719116211,
                    356.7881774902344,
                    0.7476068735122681
                ],
                [
                    141.63590621948242,
                    384.51683044433594,
                    0.8511574864387512
                ],
                [
                    112.8802719116211,
                    389.6517639160156,
                    0.8511574864387512
                ],
                [
                    59.476951599121094,
                    350.6262512207031,
                    0.9362002611160278
                ],
                [
                    75.90874481201172,
                    317.7626953125,
                    0.9285051822662354
                ],
                [
                    170.39154052734375,
                    379.38189697265625,
                    0.8699629902839661
                ],
                [
                    188.87728881835938,
                    340.35638427734375,
                    0.9549803733825684
                ],
                [
                    141.63589477539062,
                    313.65472412109375,
                    0.9293399453163147
                ],
                [
                    195.03921508789062,
                    459.4868621826172,
                    0.8426399827003479
                ],
                [
                    174.49948120117188,
                    461.54083251953125,
                    0.8426399827003479
                ],
                [
                    195.03921508789062,
                    549.8616943359375,
                    0.9205900430679321
                ],
                [
                    184.76934814453125,
                    621.7507934570312,
                    0.8748979568481445
                ],
                [
                    215.57894897460938,
                    457.4328918457031,
                    0.8450088500976562
                ],
                [
                    240.2266387939453,
                    543.6997680664062,
                    0.8985496163368225
                ],
                [
                    234.06471252441406,
                    621.7507934570312,
                    0.8665907382965088
                ],
                [
                    0.0,
                    0.0,
                    0.0
                ],
                [
                    0.0,
                    0.0,
                    0.0
                ],
                [
                    0.0,
                    0.0,
                    0.0
                ],
                [
                    0.0,
                    0.0,
                    0.0
                ],
                [
                    0.0,
                    0.0,
                    0.0
                ],
                [
                    0.0,
                    0.0,
                    0.0
                ],
                [
                    0.0,
                    0.0,
                    0.0
                ],
                [
                    0.0,
                    0.0,
                    0.0
                ],
                [
                    0.0,
                    0.0,
                    0.0
                ],
                [
                    0.0,
                    0.0,
                    0.0
                ]
            ],
            "isKeyframe": true,
            "area": 155522.10875810683
        }
    ],
    "isKeyframe": false
}