{
    "filename": "images/demo_H2FNV1/000107.jpg",
    "height": 1080,
    "width": 1920,
    "annots": [
        {
            "bbox": [
                816.650146484375,
                421.8900451660156,
                1002.3087158203125,
                846.63720703125,
                1.0,
                1.0,
                0.0
            ],
            "personID": 0,
            "keypoints": [
                [
                    892.8877563476562,
                    469.452880859375,
                    0.8908777236938477
                ],
                [
                    930.4955749511719,
                    531.3951416015625,
                    0.8214501738548279
                ],
                [
                    957.0422973632812,
                    526.970703125,
                    0.8450696468353271
                ],
                [
                    875.18994140625,
                    540.2440795898438,
                    0.6500446200370789
                ],
                [
                    839.7943115234375,
                    540.2440795898438,
                    0.6070225834846497
                ],
                [
                    903.9488525390625,
                    535.819580078125,
                    0.8214501738548279
                ],
                [
                    857.4921264648438,
                    546.8807373046875,
                    0.6704134941101074
                ],
                [
                    780.0642700195312,
                    557.9418334960938,
                    0.34596776962280273
                ],
                [
                    962.5728454589844,
                    682.9325561523438,
                    0.6787614822387695
                ],
                [
                    985.8012084960938,
                    679.6141967773438,
                    0.6787614822387695
                ],
                [
                    895.0999755859375,
                    708.3731689453125,
                    0.6991044878959656
                ],
                [
                    934.9200439453125,
                    805.7109985351562,
                    0.7868063449859619
                ],
                [
                    939.344482421875,
                    686.2509155273438,
                    0.7241010069847107
                ],
                [
                    842.006591796875,
                    708.3731689453125,
                    0.9022956490516663
                ],
                [
                    897.3121948242188,
                    812.3477172851562,
                    0.8629710078239441
                ],
                [
                    0.0,
                    0.0,
                    0.0
                ],
                [
                    0.0,
                    0.0,
                    0.0
                ],
                [
                    0.0,
                    0.0,
                    0.0
                ],
                [
                    0.0,
                    0.0,
                    0.0
                ],
                [
                    0.0,
                    0.0,
                    0.0
                ],
                [
                    0.0,
                    0.0,
                    0.0
                ],
                [
                    0.0,
                    0.0,
                    0.0
                ],
                [
                    0.0,
                    0.0,
                    0.0
                ],
                [
                    0.0,
                    0.0,
                    0.0
                ],
                [
                    0.0,
                    0.0,
                    0.0
                ]
            ],
            "isKeyframe": true,
            "area": 180410.1515125716
        },
        {
            "bbox": [
                123.50008392333984,
                411.41265869140625,
                278.6385803222656,
                738.6666259765625,
                1.0,
                1.0,
                0.0
            ],
            "personID": 1,
            "keypoints": [
                [
                    184.8770751953125,
                    444.6494140625,
                    0.9545184373855591
                ],
                [
                    176.35484313964844,
                    493.22618103027344,
                    0.8398053050041199
                ],
                [
                    142.26588439941406,
                    497.4873046875,
                    0.8398053050041199
                ],
                [
                    155.90147399902344,
                    524.7584838867188,
                    0.8461860418319702
                ],
                [
                    220.6704864501953,
                    514.5317993164062,
                    0.8043293952941895
                ],
                [
                    210.4438018798828,
                    488.9650573730469,
                    0.8626531362533569
                ],
                [
                    244.5327606201172,
                    511.12286376953125,
                    0.8149422407150269
                ],
                [
                    283.73504638671875,
                    511.12286376953125,
                    0.7253377437591553
                ],
                [
                    178.91151428222656,
                    587.8230285644531,
                    0.8040860295295715
                ],
                [
                    157.6059112548828,
                    591.23193359375,
                    0.8045223355293274
                ],
                [
                    200.2171173095703,
                    627.0253295898438,
                    0.9362679123878479
                ],
                [
                    183.17263793945312,
                    691.7943725585938,
                    0.8455221056938171
                ],
                [
                    200.2171173095703,
                    584.4141235351562,
                    0.8040860295295715
                ],
                [
                    244.5327606201172,
                    620.20751953125,
                    0.8933876752853394
                ],
                [
                    210.4438018798828,
                    683.2720947265625,
                    0.8055697083473206
                ],
                [
                    0.0,
                    0.0,
                    0.0
                ],
                [
                    0.0,
                    0.0,
                    0.0
                ],
                [
                    0.0,
                    0.0,
                    0.0
                ],
                [
                    0.0,
                    0.0,
                    0.0
                ],
                [
                    0.0,
                    0.0,
                    0.0
                ],
                [
                    0.0,
                    0.0,
                    0.0
                ],
                [
                    0.0,
                    0.0,
                    0.0
                ],
                [
                    0.0,
                    0.0,
                    0.0
                ],
                [
                    0.0,
                    0.0,
                    0.0
                ],
                [
                    0.0,
                    0.0,
                    0.0
                ]
            ],
            "isKeyframe": true,
            "area": 107095.15910387412
        }
    ],
    "isKeyframe": false
}