{
    "filename": "images/demo_H2FNV1/000175.jpg",
    "height": 1080,
    "width": 1920,
    "annots": [
        {
            "bbox": [
                31,
                227,
                248,
                507,
                0,
                0,
                1
            ],
            "personID": 1,
            "keypoints": [
                [
                    149.36111450195312,
                    480.3055725097656,
                    0.22226043045520782
                ],
                [
                    133.1333351135254,
                    442.20556640625,
                    0.28996360301971436
                ],
                [
                    104.20555877685547,
                    437.97222900390625,
                    0.44201135635375977
                ],
                [
                    87.27222442626953,
                    391.4055480957031,
                    0.8323767185211182
                ],
                [
                    94.3277816772461,
                    342.01666259765625,
                    0.577876627445221
                ],
                [
                    162.0611114501953,
                    446.43890380859375,
                    0.28996360301971436
                ],
                [
                    214.27223205566406,
                    389.99444580078125,
                    0.02236310765147209
                ],
                [
                    181.81668090820312,
                    356.1277770996094,
                    0.019178304821252823
                ],
                [
                    164.88333892822266,
                    381.5277862548828,
                    0.2156745344400406
                ],
                [
                    133.83889770507812,
                    388.5833435058594,
                    0.2156745344400406
                ],
                [
                    104.20555877685547,
                    349.0722351074219,
                    0.3833576738834381
                ],
                [
                    125.37223052978516,
                    306.7388916015625,
                    0.5894009470939636
                ],
                [
                    195.9277801513672,
                    374.47222900390625,
                    0.361935019493103
                ],
                [
                    160.65000915527344,
                    343.4277648925781,
                    0.2938898205757141
                ],
                [
                    169.11666870117188,
                    310.97222900390625,
                    0.6576210856437683
                ],
                [
                    40.0,
                    242.5333251953125,
                    0.0
                ],
                [
                    40.0,
                    242.5333251953125,
                    0.0
                ],
                [
                    40.0,
                    242.5333251953125,
                    0.0
                ],
                [
                    40.0,
                    242.5333251953125,
                    0.0
                ],
                [
                    0.0,
                    0.0,
                    0.0
                ],
                [
                    0.0,
                    0.0,
                    0.0
                ],
                [
                    0.0,
                    0.0,
                    0.0
                ],
                [
                    0.0,
                    0.0,
                    0.0
                ],
                [
                    0.0,
                    0.0,
                    0.0
                ],
                [
                    0.0,
                    0.0,
                    0.0
                ]
            ],
            "isKeyframe": false
        },
        {
            "bbox": [
                798,
                158,
                1101,
                547,
                0,
                0,
                1
            ],
            "personID": 0,
            "keypoints": [
                [
                    1068.3863525390625,
                    485.31878662109375,
                    0.6644187569618225
                ],
                [
                    1008.7477722167969,
                    445.2169952392578,
                    0.5846700072288513
                ],
                [
                    1025.1998291015625,
                    431.8497314453125,
                    0.7871219515800476
                ],
                [
                    996.4087524414062,
                    368.0981750488281,
                    0.8432205319404602
                ],
                [
                    1008.7477416992188,
                    304.3465881347656,
                    0.6523474454879761
                ],
                [
                    992.2957153320312,
                    458.5842590332031,
                    0.5846700072288513
                ],
                [
                    926.4876708984375,
                    376.32415771484375,
                    0.9038200378417969
                ],
                [
                    971.730712890625,
                    314.62908935546875,
                    0.5853832960128784
                ],
                [
                    873.0185852050781,
                    363.9851531982422,
                    0.264370858669281
                ],
                [
                    877.131591796875,
                    351.6461486816406,
                    0.264370858669281
                ],
                [
                    1004.634765625,
                    316.68560791015625,
                    0.60915207862854
                ],
                [
                    907.9791259765625,
                    259.1035461425781,
                    0.16040222346782684
                ],
                [
                    868.9055786132812,
                    376.32415771484375,
                    0.49612897634506226
                ],
                [
                    990.2392578125,
                    314.62908935546875,
                    0.44124436378479004
                ],
                [
                    887.4141235351562,
                    252.9340362548828,
                    0.3907773494720459
                ],
                [
                    808.23876953125,
                    161.41969299316406,
                    0.0
                ],
                [
                    808.23876953125,
                    161.41969299316406,
                    0.0
                ],
                [
                    808.23876953125,
                    161.41969299316406,
                    0.0
                ],
                [
                    808.23876953125,
                    161.41969299316406,
                    0.0
                ],
                [
                    0.0,
                    0.0,
                    0.0
                ],
                [
                    0.0,
                    0.0,
                    0.0
                ],
                [
                    0.0,
                    0.0,
                    0.0
                ],
                [
                    0.0,
                    0.0,
                    0.0
                ],
                [
                    0.0,
                    0.0,
                    0.0
                ],
                [
                    0.0,
                    0.0,
                    0.0
                ]
            ],
            "isKeyframe": false
        }
    ],
    "isKeyframe": false
}