{
    "filename": "images/demo_H2FNV1/000191.jpg",
    "height": 1080,
    "width": 1920,
    "annots": [
        {
            "bbox": [
                837,
                276,
                1150,
                600,
                1.0,
                1.0,
                0.0
            ],
            "personID": 0,
            "keypoints": [
                [
                    933.7257080078125,
                    565.15625,
                    0.8769999742507935
                ],
                [
                    911.9895935058594,
                    507.55555725097656,
                    0.42327892780303955
                ],
                [
                    925.03125,
                    508.6423645019531,
                    0.42327892780303955
                ],
                [
                    985.6666666666666,
                    484.66666666666663,
                    0.0
                ],
                [
                    1040.3333333333333,
                    463.33333333333337,
                    0.0
                ],
                [
                    898.9479370117188,
                    506.46875,
                    0.7499721050262451
                ],
                [
                    905.46875,
                    436.9132080078125,
                    0.9211441874504089
                ],
                [
                    977.1979370117188,
                    454.3020935058594,
                    0.8694404363632202
                ],
                [
                    934.8125,
                    335.8402862548828,
                    0.4667821526527405
                ],
                [
                    951.1145629882812,
                    319.5382080078125,
                    0.4667821526527405
                ],
                [
                    1046.75341796875,
                    439.0867919921875,
                    0.8525071740150452
                ],
                [
                    1046.75341796875,
                    339.1007080078125,
                    0.5277939438819885
                ],
                [
                    918.5104370117188,
                    352.1423645019531,
                    0.6009247899055481
                ],
                [
                    994.5867919921875,
                    449.9548645019531,
                    0.7334164381027222
                ],
                [
                    1038.05908203125,
                    339.1007080078125,
                    0.5957944989204407
                ],
                [
                    0.0,
                    0.0,
                    0.0
                ],
                [
                    0.0,
                    0.0,
                    0.0
                ],
                [
                    0.0,
                    0.0,
                    0.0
                ],
                [
                    0.0,
                    0.0,
                    0.0
                ],
                [
                    0.0,
                    0.0,
                    0.0
                ],
                [
                    0.0,
                    0.0,
                    0.0
                ],
                [
                    0.0,
                    0.0,
                    0.0
                ],
                [
                    0.0,
                    0.0,
                    0.0
                ],
                [
                    0.0,
                    0.0,
                    0.0
                ],
                [
                    0.0,
                    0.0,
                    0.0
                ]
            ],
            "isKeyframe": true,
            "area": 60927.46780980006
        },
        {
            "bbox": [
                43,
                322,
                235,
                561,
                1.0,
                1.0,
                0.0
            ],
            "personID": 1,
            "keypoints": [
                [
                    167.6666717529297,
                    508.8333435058594,
                    0.6747127771377563
                ],
                [
                    173.6877572016461,
                    463.99845679012344,
                    0.6994503736495972
                ],
                [
                    135.45267489711932,
                    471.7438271604938,
                    0.6994503736495972
                ],
                [
                    82.09567901234567,
                    427.4845679012346,
                    0.412901908159256
                ],
                [
                    78.16152263374485,
                    439.5329218106996,
                    0.3523600578308106
                ],
                [
                    211.92283950617283,
                    456.2530864197531,
                    0.8013376593589783
                ],
                [
                    206.3333282470703,
                    403.5,
                    0.863448441028595
                ],
                [
                    180.94135802469134,
                    400.6831275720165,
                    0.0
                ],
                [
                    145.53395061728395,
                    364.0462962962963,
                    0.41175010800361633
                ],
                [
                    129.059670781893,
                    372.6522633744856,
                    0.41175010800361633
                ],
                [
                    97.83230452674897,
                    443.22119341563786,
                    0.1558442920446396
                ],
                [
                    81.11213991769547,
                    361.09567901234567,
                    0.15969474837183953
                ],
                [
                    162.0082304526749,
                    355.44032921810697,
                    0.5581620335578918
                ],
                [
                    133.97736625514403,
                    420.84567901234567,
                    0.16710419803857804
                ],
                [
                    111.3559670781893,
                    348.30967078189303,
                    0.15762768164277077
                ],
                [
                    0.0,
                    0.0,
                    0.0
                ],
                [
                    0.0,
                    0.0,
                    0.0
                ],
                [
                    0.0,
                    0.0,
                    0.0
                ],
                [
                    0.0,
                    0.0,
                    0.0
                ],
                [
                    0.0,
                    0.0,
                    0.0
                ],
                [
                    0.0,
                    0.0,
                    0.0
                ],
                [
                    0.0,
                    0.0,
                    0.0
                ],
                [
                    0.0,
                    0.0,
                    0.0
                ],
                [
                    0.0,
                    0.0,
                    0.0
                ],
                [
                    0.0,
                    0.0,
                    0.0
                ]
            ],
            "isKeyframe": true,
            "area": 49079.677908496
        }
    ],
    "isKeyframe": true
}