{
    "filename": "images/demo_H2FNV1/000197.jpg",
    "height": 1080,
    "width": 1920,
    "annots": [
        {
            "bbox": [
                820,
                304,
                1182,
                591,
                1.0,
                1.0,
                0.0
            ],
            "personID": 0,
            "keypoints": [
                [
                    895.5130004882812,
                    560.4854736328125,
                    0.8912807106971741
                ],
                [
                    886.9695129394531,
                    499.46043395996094,
                    0.3432619869709015
                ],
                [
                    897.9540405273438,
                    501.90142822265625,
                    0.3432619869709015
                ],
                [
                    1007.7991333007812,
                    484.8144226074219,
                    0.34915655851364136
                ],
                [
                    976.0661010742188,
                    492.1374206542969,
                    0.3598029315471649
                ],
                [
                    875.9849853515625,
                    497.0194396972656,
                    0.6449680924415588
                ],
                [
                    900.39501953125,
                    457.9634094238281,
                    0.8740317821502686
                ],
                [
                    958.9790649414062,
                    497.0194396972656,
                    0.8665409088134766
                ],
                [
                    966.3020935058594,
                    354.22080993652344,
                    0.6965949535369873
                ],
                [
                    983.3890991210938,
                    343.2362976074219,
                    0.6965949535369873
                ],
                [
                    1027.3271484375,
                    482.3734130859375,
                    0.5437800884246826
                ],
                [
                    1095.6751708984375,
                    457.9634094238281,
                    0.34035414457321167
                ],
                [
                    949.215087890625,
                    365.205322265625,
                    0.7692868113517761
                ],
                [
                    978.507080078125,
                    492.1374206542969,
                    0.6872876286506653
                ],
                [
                    1081.0291748046875,
                    440.8763732910156,
                    0.5283129215240479
                ],
                [
                    888.1900024414062,
                    565.3674926757812,
                    0.0
                ],
                [
                    880.8670043945312,
                    562.9264526367188,
                    0.0
                ],
                [
                    868.6619873046875,
                    531.1934814453125,
                    0.0
                ],
                [
                    871.10302734375,
                    533.6344604492188,
                    0.0
                ],
                [
                    0.0,
                    0.0,
                    0.0
                ],
                [
                    0.0,
                    0.0,
                    0.0
                ],
                [
                    0.0,
                    0.0,
                    0.0
                ],
                [
                    0.0,
                    0.0,
                    0.0
                ],
                [
                    0.0,
                    0.0,
                    0.0
                ],
                [
                    0.0,
                    0.0,
                    0.0
                ]
            ],
            "isKeyframe": true,
            "area": 62795.0556637682
        },
        {
            "bbox": [
                37,
                327,
                255,
                552,
                0,
                0,
                1
            ],
            "personID": 1,
            "keypoints": [
                [
                    177.85342407226562,
                    503.4109802246094,
                    0.8729344606399536
                ],
                [
                    178.59417724609375,
                    463.4101257324219,
                    0.7206732630729675
                ],
                [
                    145.26014709472656,
                    470.81768798828125,
                    0.7206732630729675
                ],
                [
                    111.18534851074219,
                    450.0765075683594,
                    0.586945116519928
                ],
                [
                    80.0735855102539,
                    438.2243957519531,
                    0.7071768045425415
                ],
                [
                    211.92820739746094,
                    456.0025634765625,
                    0.783243715763092
                ],
                [
                    197.1130828857422,
                    420.4462585449219,
                    0.4595295190811157
                ],
                [
                    108.22232055664062,
                    442.6689453125,
                    0.11753588914871216
                ],
                [
                    133.40804290771484,
                    378.9638977050781,
                    0.20724442601203918
                ],
                [
                    103.77778625488281,
                    378.9638977050781,
                    0.48928627371788025
                ],
                [
                    85.9996337890625,
                    442.6689453125,
                    0.24175792932510376
                ],
                [
                    74.14752960205078,
                    438.2243957519531,
                    0.5810975432395935
                ],
                [
                    163.03829956054688,
                    378.9638977050781,
                    0.20724442601203918
                ],
                [
                    133.4080352783203,
                    460.4471130371094,
                    0.028878938406705856
                ],
                [
                    85.9996337890625,
                    436.7428894042969,
                    0.10084258764982224
                ],
                [
                    36.36895751953125,
                    299.7029724121094,
                    0.0
                ],
                [
                    36.36895751953125,
                    299.7029724121094,
                    0.0
                ],
                [
                    36.36895751953125,
                    299.7029724121094,
                    0.0
                ],
                [
                    36.36895751953125,
                    299.7029724121094,
                    0.0
                ],
                [
                    0.0,
                    0.0,
                    0.0
                ],
                [
                    0.0,
                    0.0,
                    0.0
                ],
                [
                    0.0,
                    0.0,
                    0.0
                ],
                [
                    0.0,
                    0.0,
                    0.0
                ],
                [
                    0.0,
                    0.0,
                    0.0
                ],
                [
                    0.0,
                    0.0,
                    0.0
                ]
            ],
            "isKeyframe": false
        }
    ],
    "isKeyframe": false
}