{
    "filename": "images/demo_H2FNV1/000157.jpg",
    "height": 1080,
    "width": 1920,
    "annots": [
        {
            "bbox": [
                744.3845825195312,
                173.0933837890625,
                1131.927978515625,
                459.60748291015625,
                1.0,
                1.0,
                0.0
            ],
            "personID": 0,
            "keypoints": [
                [
                    1114.4346923828125,
                    363.4477233886719,
                    0.9089083671569824
                ],
                [
                    1041.770263671875,
                    376.9040985107422,
                    0.6311396360397339
                ],
                [
                    1047.15283203125,
                    374.21282958984375,
                    0.6311396360397339
                ],
                [
                    1012.166259765625,
                    312.31353759765625,
                    0.900599479675293
                ],
                [
                    977.1797485351562,
                    261.1793212890625,
                    0.9291741847991943
                ],
                [
                    1036.3876953125,
                    379.5953674316406,
                    0.7709600925445557
                ],
                [
                    939.5018920898438,
                    309.62225341796875,
                    0.9367966055870056
                ],
                [
                    909.8978881835938,
                    236.95785522460938,
                    0.9226052165031433
                ],
                [
                    907.2066040039062,
                    429.38392639160156,
                    0.4459429979324341
                ],
                [
                    920.6629638671875,
                    430.72955322265625,
                    0.4459429979324341
                ],
                [
                    893.750244140625,
                    320.3873291015625,
                    0.9913386106491089
                ],
                [
                    810.3207397460938,
                    409.1993713378906,
                    0.7060670256614685
                ],
                [
                    893.750244140625,
                    428.0382995605469,
                    0.6814380288124084
                ],
                [
                    850.6898193359375,
                    306.93096923828125,
                    0.945306658744812
                ],
                [
                    783.4080200195312,
                    403.81683349609375,
                    0.8240419626235962
                ],
                [
                    0.0,
                    0.0,
                    0.0
                ],
                [
                    0.0,
                    0.0,
                    0.0
                ],
                [
                    0.0,
                    0.0,
                    0.0
                ],
                [
                    0.0,
                    0.0,
                    0.0
                ],
                [
                    0.0,
                    0.0,
                    0.0
                ],
                [
                    0.0,
                    0.0,
                    0.0
                ],
                [
                    0.0,
                    0.0,
                    0.0
                ],
                [
                    0.0,
                    0.0,
                    0.0
                ],
                [
                    0.0,
                    0.0,
                    0.0
                ],
                [
                    0.0,
                    0.0,
                    0.0
                ]
            ],
            "isKeyframe": true,
            "area": 150189.88378018513
        },
        {
            "bbox": [
                61,
                264.85528564453125,
                263.92645263671875,
                452,
                1.0,
                1.0,
                0.0
            ],
            "personID": 1,
            "keypoints": [
                [
                    91.29804992675781,
                    368.9967346191406,
                    0.1962766796350479
                ],
                [
                    127.93754196166992,
                    378.15660095214844,
                    0.23050636053085327
                ],
                [
                    85.66120147705078,
                    385.9072570800781,
                    0.5882540345191956
                ],
                [
                    82.84278106689453,
                    353.4953918457031,
                    0.8702060580253601
                ],
                [
                    96.93489074707031,
                    295.7177429199219,
                    0.8575892448425293
                ],
                [
                    170.21388244628906,
                    370.40594482421875,
                    0.23050636053085327
                ],
                [
                    196.98890686035156,
                    352.086181640625,
                    0.8109609484672546
                ],
                [
                    211.08102416992188,
                    305.58221435546875,
                    0.9358383417129517
                ],
                [
                    171.62310028076172,
                    427.47901916503906,
                    0.6329725384712219
                ],
                [
                    149.07571411132812,
                    426.7744140625,
                    0.6329725384712219
                ],
                [
                    160.3494110107422,
                    340.8125,
                    0.8369507193565369
                ],
                [
                    202.62574768066406,
                    401.4085998535156,
                    0.6871575117111206
                ],
                [
                    194.1704864501953,
                    428.1836242675781,
                    0.6872693300247192
                ],
                [
                    219.53628540039062,
                    345.0401306152344,
                    0.8637891411781311
                ],
                [
                    239.2652587890625,
                    416.909912109375,
                    0.7644563317298889
                ],
                [
                    0.0,
                    0.0,
                    0.0
                ],
                [
                    0.0,
                    0.0,
                    0.0
                ],
                [
                    0.0,
                    0.0,
                    0.0
                ],
                [
                    0.0,
                    0.0,
                    0.0
                ],
                [
                    0.0,
                    0.0,
                    0.0
                ],
                [
                    0.0,
                    0.0,
                    0.0
                ],
                [
                    0.0,
                    0.0,
                    0.0
                ],
                [
                    0.0,
                    0.0,
                    0.0
                ],
                [
                    0.0,
                    0.0,
                    0.0
                ],
                [
                    0.0,
                    0.0,
                    0.0
                ]
            ],
            "isKeyframe": true,
            "area": 32223.26291833166
        }
    ],
    "isKeyframe": false
}