{
    "filename": "images/demo_H2FNV1/000119.jpg",
    "height": 1080,
    "width": 1920,
    "annots": [
        {
            "bbox": [
                824.7321166992188,
                266.4085998535156,
                1011.8240356445312,
                845.508056640625,
                1.0,
                1.0,
                0.0
            ],
            "personID": 0,
            "keypoints": [
                [
                    928.8345947265625,
                    403.6431579589844,
                    0.8897264003753662
                ],
                [
                    946.9314575195312,
                    453.4095001220703,
                    0.8574107885360718
                ],
                [
                    971.0606079101562,
                    454.9175720214844,
                    0.8574107885360718
                ],
                [
                    943.915283203125,
                    379.5140075683594,
                    0.9513034820556641
                ],
                [
                    937.8829956054688,
                    310.1427307128906,
                    0.9817198514938354
                ],
                [
                    922.8023071289062,
                    451.90142822265625,
                    0.8680540919303894
                ],
                [
                    868.51171875,
                    382.5301513671875,
                    0.9364119172096252
                ],
                [
                    907.7215576171875,
                    301.09429931640625,
                    0.7777215242385864
                ],
                [
                    943.915283203125,
                    625.3296508789062,
                    0.7588257789611816
                ],
                [
                    968.04443359375,
                    623.8215942382812,
                    0.8085806369781494
                ],
                [
                    892.640869140625,
                    699.2251586914062,
                    0.8862341046333313
                ],
                [
                    928.8345947265625,
                    795.7417602539062,
                    0.8760629892349243
                ],
                [
                    919.7861328125,
                    626.8377075195312,
                    0.7588257789611816
                ],
                [
                    841.366455078125,
                    699.2251586914062,
                    0.9399513602256775
                ],
                [
                    898.6731567382812,
                    801.7740478515625,
                    0.901340663433075
                ],
                [
                    0.0,
                    0.0,
                    0.0
                ],
                [
                    0.0,
                    0.0,
                    0.0
                ],
                [
                    0.0,
                    0.0,
                    0.0
                ],
                [
                    0.0,
                    0.0,
                    0.0
                ],
                [
                    0.0,
                    0.0,
                    0.0
                ],
                [
                    0.0,
                    0.0,
                    0.0
                ],
                [
                    0.0,
                    0.0,
                    0.0
                ],
                [
                    0.0,
                    0.0,
                    0.0
                ],
                [
                    0.0,
                    0.0,
                    0.0
                ],
                [
                    0.0,
                    0.0,
                    0.0
                ]
            ],
            "isKeyframe": true,
            "area": 335356.18085112516
        },
        {
            "bbox": [
                98.67877197265625,
                287.8102722167969,
                260.11865234375,
                739.4613647460938,
                1.0,
                1.0,
                0.0
            ],
            "personID": 1,
            "keypoints": [
                [
                    161.75608825683594,
                    394.8421630859375,
                    0.9016837477684021
                ],
                [
                    167.636962890625,
                    443.06532287597656,
                    0.8848185539245605
                ],
                [
                    140.58494567871094,
                    451.2985534667969,
                    0.8848185539245605
                ],
                [
                    117.06146240234375,
                    394.8421630859375,
                    0.9157525897026062
                ],
                [
                    128.82321166992188,
                    340.7381286621094,
                    0.92461097240448
                ],
                [
                    194.68898010253906,
                    434.83209228515625,
                    0.8983704447746277
                ],
                [
                    215.86012268066406,
                    383.0804138183594,
                    0.9520151615142822
                ],
                [
                    185.2795867919922,
                    340.7381286621094,
                    0.922981321811676
                ],
                [
                    191.16046142578125,
                    551.2734069824219,
                    0.856107771396637
                ],
                [
                    171.16549682617188,
                    554.8019409179688,
                    0.856107771396637
                ],
                [
                    199.3936767578125,
                    620.6676635742188,
                    0.9223247766494751
                ],
                [
                    187.63192749023438,
                    686.533447265625,
                    0.8713182806968689
                ],
                [
                    211.15542602539062,
                    547.744873046875,
                    0.8780238628387451
                ],
                [
                    244.08831787109375,
                    613.6106567382812,
                    0.9281224012374878
                ],
                [
                    213.50778198242188,
                    681.8287963867188,
                    0.8883886933326721
                ],
                [
                    0.0,
                    0.0,
                    0.0
                ],
                [
                    0.0,
                    0.0,
                    0.0
                ],
                [
                    0.0,
                    0.0,
                    0.0
                ],
                [
                    0.0,
                    0.0,
                    0.0
                ],
                [
                    0.0,
                    0.0,
                    0.0
                ],
                [
                    0.0,
                    0.0,
                    0.0
                ],
                [
                    0.0,
                    0.0,
                    0.0
                ],
                [
                    0.0,
                    0.0,
                    0.0
                ],
                [
                    0.0,
                    0.0,
                    0.0
                ],
                [
                    0.0,
                    0.0,
                    0.0
                ]
            ],
            "isKeyframe": true,
            "area": 203988.7093829075
        }
    ],
    "isKeyframe": false
}