{
    "filename": "images/demo_H2FNV1/000111.jpg",
    "height": 1080,
    "width": 1920,
    "annots": [
        {
            "bbox": [
                770.9324951171875,
                376.0860290527344,
                999.5968627929688,
                846.9883422851562,
                1.0,
                1.0,
                0.0
            ],
            "personID": 0,
            "keypoints": [
                [
                    911.01708984375,
                    445.9855651855469,
                    0.7605454921722412
                ],
                [
                    935.5432739257812,
                    512.2062072753906,
                    0.7663344144821167
                ],
                [
                    957.6168212890625,
                    507.30096435546875,
                    0.8581942319869995
                ],
                [
                    898.7540283203125,
                    485.2274169921875,
                    0.9197791218757629
                ],
                [
                    844.7965087890625,
                    436.17510986328125,
                    0.8782124519348145
                ],
                [
                    913.4697265625,
                    517.1114501953125,
                    0.7663344144821167
                ],
                [
                    820.2703247070312,
                    495.03790283203125,
                    0.8745543360710144
                ],
                [
                    793.29150390625,
                    438.6277160644531,
                    0.844139039516449
                ],
                [
                    961.2957458496094,
                    670.3999633789062,
                    0.7271928191184998
                ],
                [
                    984.5955810546875,
                    669.1736450195312,
                    0.7271928191184998
                ],
                [
                    891.3961791992188,
                    705.962890625,
                    0.7209174036979675
                ],
                [
                    937.9959106445312,
                    811.4254150390625,
                    0.7646414041519165
                ],
                [
                    937.9959106445312,
                    671.6262817382812,
                    0.7643314599990845
                ],
                [
                    844.7965087890625,
                    708.41552734375,
                    0.9122533798217773
                ],
                [
                    898.7540283203125,
                    808.9727783203125,
                    0.8469259142875671
                ],
                [
                    0.0,
                    0.0,
                    0.0
                ],
                [
                    0.0,
                    0.0,
                    0.0
                ],
                [
                    0.0,
                    0.0,
                    0.0
                ],
                [
                    0.0,
                    0.0,
                    0.0
                ],
                [
                    0.0,
                    0.0,
                    0.0
                ],
                [
                    0.0,
                    0.0,
                    0.0
                ],
                [
                    0.0,
                    0.0,
                    0.0
                ],
                [
                    0.0,
                    0.0,
                    0.0
                ],
                [
                    0.0,
                    0.0,
                    0.0
                ],
                [
                    0.0,
                    0.0,
                    0.0
                ]
            ],
            "isKeyframe": true,
            "area": 221748.98860764597
        },
        {
            "bbox": [
                116.08026123046875,
                383.9015808105469,
                269.2778015136719,
                738.8123779296875,
                1.0,
                1.0,
                0.0
            ],
            "personID": 1,
            "keypoints": [
                [
                    178.81532287597656,
                    432.8866882324219,
                    0.8721176981925964
                ],
                [
                    172.3456039428711,
                    480.947509765625,
                    0.8391869068145752
                ],
                [
                    139.99696350097656,
                    484.6445007324219,
                    0.8391869068145752
                ],
                [
                    143.69393920898438,
                    477.2505187988281,
                    0.6205962896347046
                ],
                [
                    180.663818359375,
                    458.7655944824219,
                    0.5043449401855469
                ],
                [
                    204.69424438476562,
                    477.2505187988281,
                    0.9113989472389221
                ],
                [
                    247.2095947265625,
                    468.008056640625,
                    0.8501689434051514
                ],
                [
                    258.3005676269531,
                    431.0381774902344,
                    0.7617924213409424
                ],
                [
                    183.43656158447266,
                    580.7662048339844,
                    0.8409290909767151
                ],
                [
                    162.1788787841797,
                    584.4631958007812,
                    0.8409290909767151
                ],
                [
                    200.99725341796875,
                    623.2815551757812,
                    0.936835527420044
                ],
                [
                    184.36080932617188,
                    693.5242919921875,
                    0.8628730773925781
                ],
                [
                    204.69424438476562,
                    577.0692138671875,
                    0.8595450520515442
                ],
                [
                    243.51260375976562,
                    621.4330444335938,
                    0.9102628827095032
                ],
                [
                    208.3912353515625,
                    686.1303100585938,
                    0.8182787895202637
                ],
                [
                    0.0,
                    0.0,
                    0.0
                ],
                [
                    0.0,
                    0.0,
                    0.0
                ],
                [
                    0.0,
                    0.0,
                    0.0
                ],
                [
                    0.0,
                    0.0,
                    0.0
                ],
                [
                    0.0,
                    0.0,
                    0.0
                ],
                [
                    0.0,
                    0.0,
                    0.0
                ],
                [
                    0.0,
                    0.0,
                    0.0
                ],
                [
                    0.0,
                    0.0,
                    0.0
                ],
                [
                    0.0,
                    0.0,
                    0.0
                ],
                [
                    0.0,
                    0.0,
                    0.0
                ]
            ],
            "isKeyframe": true,
            "area": 125961.6739117438
        }
    ],
    "isKeyframe": false
}