{
    "filename": "images/demo_H2FNV1/000112.jpg",
    "height": 1080,
    "width": 1920,
    "annots": [
        {
            "bbox": [
                770.406982421875,
                375.6934814453125,
                999.51123046875,
                847.1361694335938,
                1.0,
                1.0,
                0.0
            ],
            "personID": 0,
            "keypoints": [
                [
                    910.7411499023438,
                    448.128662109375,
                    0.7713853716850281
                ],
                [
                    935.29541015625,
                    511.96986389160156,
                    0.7814581990242004
                ],
                [
                    957.394287109375,
                    507.0589904785156,
                    0.8567197322845459
                ],
                [
                    898.4639892578125,
                    484.9601135253906,
                    0.9235957860946655
                ],
                [
                    844.4445190429688,
                    435.85150146484375,
                    0.8831740617752075
                ],
                [
                    913.196533203125,
                    516.8807373046875,
                    0.7814581990242004
                ],
                [
                    819.8901977539062,
                    494.7818298339844,
                    0.8730900883674622
                ],
                [
                    792.8804321289062,
                    438.3069152832031,
                    0.8440970182418823
                ],
                [
                    961.0774536132812,
                    670.3451538085938,
                    0.7232046723365784
                ],
                [
                    984.404052734375,
                    669.117431640625,
                    0.7232046723365784
                ],
                [
                    891.09765625,
                    705.9488525390625,
                    0.7207355499267578
                ],
                [
                    937.7508544921875,
                    811.5324096679688,
                    0.7781988978385925
                ],
                [
                    937.7508544921875,
                    671.5728759765625,
                    0.7579511404037476
                ],
                [
                    844.4445190429688,
                    708.404296875,
                    0.9178100824356079
                ],
                [
                    898.4639892578125,
                    809.0769653320312,
                    0.8516916632652283
                ],
                [
                    0.0,
                    0.0,
                    0.0
                ],
                [
                    0.0,
                    0.0,
                    0.0
                ],
                [
                    0.0,
                    0.0,
                    0.0
                ],
                [
                    0.0,
                    0.0,
                    0.0
                ],
                [
                    0.0,
                    0.0,
                    0.0
                ],
                [
                    0.0,
                    0.0,
                    0.0
                ],
                [
                    0.0,
                    0.0,
                    0.0
                ],
                [
                    0.0,
                    0.0,
                    0.0
                ],
                [
                    0.0,
                    0.0,
                    0.0
                ],
                [
                    0.0,
                    0.0,
                    0.0
                ]
            ],
            "isKeyframe": true,
            "area": 222258.2080576159
        },
        {
            "bbox": [
                116.07661437988281,
                383.6419677734375,
                269.28204345703125,
                739.6658935546875,
                1.0,
                1.0,
                0.0
            ],
            "personID": 1,
            "keypoints": [
                [
                    178.7721405029297,
                    432.78070068359375,
                    0.8714707493782043
                ],
                [
                    171.35496520996094,
                    480.9922637939453,
                    0.8399936556816101
                ],
                [
                    137.97772216796875,
                    484.7008361816406,
                    0.8399936556816101
                ],
                [
                    143.5406036376953,
                    477.28369140625,
                    0.6148629188537598
                ],
                [
                    180.62643432617188,
                    458.7407531738281,
                    0.5098422765731812
                ],
                [
                    204.73220825195312,
                    477.28369140625,
                    0.911442756652832
                ],
                [
                    247.38092041015625,
                    468.01220703125,
                    0.8546540141105652
                ],
                [
                    258.50665283203125,
                    430.9263916015625,
                    0.7623395323753357
                ],
                [
                    183.4078598022461,
                    581.1239929199219,
                    0.8388261198997498
                ],
                [
                    162.08351135253906,
                    584.8325805664062,
                    0.8388261198997498
                ],
                [
                    201.0236358642578,
                    623.772705078125,
                    0.9357860684394836
                ],
                [
                    184.3350067138672,
                    694.2357788085938,
                    0.8535900712013245
                ],
                [
                    204.73220825195312,
                    577.4154052734375,
                    0.8582843542098999
                ],
                [
                    243.67233276367188,
                    621.9183959960938,
                    0.9094344973564148
                ],
                [
                    208.4407958984375,
                    684.9642944335938,
                    0.8248875141143799
                ],
                [
                    0.0,
                    0.0,
                    0.0
                ],
                [
                    0.0,
                    0.0,
                    0.0
                ],
                [
                    0.0,
                    0.0,
                    0.0
                ],
                [
                    0.0,
                    0.0,
                    0.0
                ],
                [
                    0.0,
                    0.0,
                    0.0
                ],
                [
                    0.0,
                    0.0,
                    0.0
                ],
                [
                    0.0,
                    0.0,
                    0.0
                ],
                [
                    0.0,
                    0.0,
                    0.0
                ],
                [
                    0.0,
                    0.0,
                    0.0
                ],
                [
                    0.0,
                    0.0,
                    0.0
                ]
            ],
            "isKeyframe": true,
            "area": 126753.03572869301
        }
    ],
    "isKeyframe": false
}