{
    "filename": "images/demo_H2FNV1/000148.jpg",
    "height": 1080,
    "width": 1920,
    "annots": [
        {
            "bbox": [
                770.3897094726562,
                163.30758666992188,
                1144.9593505859375,
                584.32275390625,
                1.0,
                1.0,
                0.0
            ],
            "personID": 0,
            "keypoints": [
                [
                    1107.2423095703125,
                    330.895751953125,
                    0.9862186908721924
                ],
                [
                    1039.6116333007812,
                    366.01165771484375,
                    0.633701503276825
                ],
                [
                    1044.81396484375,
                    369.9134216308594,
                    0.633701503276825
                ],
                [
                    1044.81396484375,
                    297.0804443359375,
                    0.9789485931396484
                ],
                [
                    1044.81396484375,
                    229.44979858398438,
                    0.8663901686668396
                ],
                [
                    1034.4093017578125,
                    362.1098937988281,
                    0.759092390537262
                ],
                [
                    958.9751586914062,
                    294.479248046875,
                    0.950423002243042
                ],
                [
                    982.3857421875,
                    211.24156188964844,
                    0.9416173100471497
                ],
                [
                    906.9515991210938,
                    447.9487609863281,
                    0.48244932293891907
                ],
                [
                    922.5586547851562,
                    458.3534851074219,
                    0.48244932293891907
                ],
                [
                    813.3092041015625,
                    419.3358154296875,
                    0.5202623009681702
                ],
                [
                    854.9280395507812,
                    520.78173828125,
                    0.753697395324707
                ],
                [
                    891.3445434570312,
                    437.5440368652344,
                    0.7044752836227417
                ],
                [
                    787.2974243164062,
                    419.3358154296875,
                    0.9179224371910095
                ],
                [
                    826.3150634765625,
                    531.1864624023438,
                    0.7555844783782959
                ],
                [
                    0.0,
                    0.0,
                    0.0
                ],
                [
                    0.0,
                    0.0,
                    0.0
                ],
                [
                    0.0,
                    0.0,
                    0.0
                ],
                [
                    0.0,
                    0.0,
                    0.0
                ],
                [
                    0.0,
                    0.0,
                    0.0
                ],
                [
                    0.0,
                    0.0,
                    0.0
                ],
                [
                    0.0,
                    0.0,
                    0.0
                ],
                [
                    0.0,
                    0.0,
                    0.0
                ],
                [
                    0.0,
                    0.0,
                    0.0
                ],
                [
                    0.0,
                    0.0,
                    0.0
                ]
            ],
            "isKeyframe": true,
            "area": 177253.77104303334
        },
        {
            "bbox": [
                51.07417678833008,
                241.08885192871094,
                270.4339294433594,
                548.4227905273438,
                1.0,
                1.0,
                0.0
            ],
            "personID": 1,
            "keypoints": [
                [
                    103.9292984008789,
                    352.3373107910156,
                    0.6775339245796204
                ],
                [
                    125.53871536254883,
                    377.14813232421875,
                    0.7028025984764099
                ],
                [
                    86.3216323852539,
                    381.1498718261719,
                    0.73149573802948
                ],
                [
                    60.710472106933594,
                    337.9310302734375,
                    0.9017367959022522
                ],
                [
                    67.1132583618164,
                    285.1080322265625,
                    0.8931674361228943
                ],
                [
                    164.75579833984375,
                    373.1463928222656,
                    0.7028025984764099
                ],
                [
                    203.17254638671875,
                    337.9310302734375,
                    0.8441943526268005
                ],
                [
                    199.9711456298828,
                    291.51080322265625,
                    0.8773086667060852
                ],
                [
                    168.75755310058594,
                    420.36695861816406,
                    0.5791112184524536
                ],
                [
                    150.3495330810547,
                    424.36871337890625,
                    0.6263895630836487
                ],
                [
                    193.568359375,
                    421.16729736328125,
                    0.6699122190475464
                ],
                [
                    204.7732391357422,
                    504.403564453125,
                    0.841503918170929
                ],
                [
                    187.1655731201172,
                    416.3652038574219,
                    0.5791112184524536
                ],
                [
                    251.19346618652344,
                    425.9693908691406,
                    0.8393113613128662
                ],
                [
                    243.18997192382812,
                    510.8063659667969,
                    0.6389366984367371
                ],
                [
                    0.0,
                    0.0,
                    0.0
                ],
                [
                    0.0,
                    0.0,
                    0.0
                ],
                [
                    0.0,
                    0.0,
                    0.0
                ],
                [
                    0.0,
                    0.0,
                    0.0
                ],
                [
                    0.0,
                    0.0,
                    0.0
                ],
                [
                    0.0,
                    0.0,
                    0.0
                ],
                [
                    0.0,
                    0.0,
                    0.0
                ],
                [
                    0.0,
                    0.0,
                    0.0
                ],
                [
                    0.0,
                    0.0,
                    0.0
                ],
                [
                    0.0,
                    0.0,
                    0.0
                ]
            ],
            "isKeyframe": true,
            "area": 94454.1498145482
        }
    ],
    "isKeyframe": false
}