{
    "filename": "images/demo_H2FNV1/000127.jpg",
    "height": 1080,
    "width": 1920,
    "annots": [
        {
            "bbox": [
                820.976318359375,
                227.18614196777344,
                1043.423095703125,
                850.0709838867188,
                1.0,
                1.0,
                0.0
            ],
            "personID": 0,
            "keypoints": [
                [
                    979.240478515625,
                    348.84332275390625,
                    0.9771641492843628
                ],
                [
                    971.1300048828125,
                    412.1050720214844,
                    0.6903365254402161
                ],
                [
                    988.9730834960938,
                    420.2155456542969,
                    0.6903365254402161
                ],
                [
                    1011.682373046875,
                    335.8665771484375,
                    0.9408915638923645
                ],
                [
                    1021.4149780273438,
                    283.9595031738281,
                    0.8246968388557434
                ],
                [
                    953.2869262695312,
                    403.9945983886719,
                    0.8388230204582214
                ],
                [
                    933.82177734375,
                    326.1340026855469,
                    0.9086077213287354
                ],
                [
                    998.7056274414062,
                    277.47113037109375,
                    0.9579378962516785
                ],
                [
                    917.600830078125,
                    566.2041625976562,
                    0.7709519863128662
                ],
                [
                    940.3101806640625,
                    566.2041625976562,
                    0.7709519863128662
                ],
                [
                    904.6240844726562,
                    666.7741088867188,
                    0.9433172941207886
                ],
                [
                    930.57763671875,
                    773.8323974609375,
                    0.8773332238197327
                ],
                [
                    894.8914794921875,
                    566.2041625976562,
                    0.835256040096283
                ],
                [
                    855.961181640625,
                    676.5066528320312,
                    0.9467365741729736
                ],
                [
                    891.6473388671875,
                    790.0534057617188,
                    0.8547951579093933
                ],
                [
                    0.0,
                    0.0,
                    0.0
                ],
                [
                    0.0,
                    0.0,
                    0.0
                ],
                [
                    0.0,
                    0.0,
                    0.0
                ],
                [
                    0.0,
                    0.0,
                    0.0
                ],
                [
                    0.0,
                    0.0,
                    0.0
                ],
                [
                    0.0,
                    0.0,
                    0.0
                ],
                [
                    0.0,
                    0.0,
                    0.0
                ],
                [
                    0.0,
                    0.0,
                    0.0
                ],
                [
                    0.0,
                    0.0,
                    0.0
                ],
                [
                    0.0,
                    0.0,
                    0.0
                ]
            ],
            "isKeyframe": true,
            "area": 387985.5262923895
        },
        {
            "bbox": [
                91.12158966064453,
                299.1652526855469,
                252.79893493652344,
                723.9840087890625,
                1.0,
                1.0,
                0.0
            ],
            "personID": 1,
            "keypoints": [
                [
                    137.66500854492188,
                    362.22430419921875,
                    0.8733519911766052
                ],
                [
                    157.57837677001953,
                    405.3699493408203,
                    0.8939339518547058
                ],
                [
                    131.02720642089844,
                    413.1140441894531,
                    0.8939339518547058
                ],
                [
                    86.77525329589844,
                    364.4368896484375,
                    0.8848640322685242
                ],
                [
                    86.77525329589844,
                    329.03533935546875,
                    0.9283702969551086
                ],
                [
                    184.12954711914062,
                    397.6258544921875,
                    0.9029127955436707
                ],
                [
                    192.97994995117188,
                    346.7361145019531,
                    0.9440885186195374
                ],
                [
                    146.51539611816406,
                    322.3975524902344,
                    0.8907541036605835
                ],
                [
                    200.72403717041016,
                    508.25575256347656,
                    0.8646833300590515
                ],
                [
                    179.70436096191406,
                    510.4683532714844,
                    0.8819431066513062
                ],
                [
                    190.76734924316406,
                    598.9722290039062,
                    0.9008559584617615
                ],
                [
                    186.34214782714844,
                    680.83837890625,
                    0.8170766234397888
                ],
                [
                    221.74371337890625,
                    506.04315185546875,
                    0.8646833300590515
                ],
                [
                    237.23190307617188,
                    594.5470581054688,
                    0.9091139435768127
                ],
                [
                    219.53111267089844,
                    671.9879760742188,
                    0.9015471339225769
                ],
                [
                    0.0,
                    0.0,
                    0.0
                ],
                [
                    0.0,
                    0.0,
                    0.0
                ],
                [
                    0.0,
                    0.0,
                    0.0
                ],
                [
                    0.0,
                    0.0,
                    0.0
                ],
                [
                    0.0,
                    0.0,
                    0.0
                ],
                [
                    0.0,
                    0.0,
                    0.0
                ],
                [
                    0.0,
                    0.0,
                    0.0
                ],
                [
                    0.0,
                    0.0,
                    0.0
                ],
                [
                    0.0,
                    0.0,
                    0.0
                ],
                [
                    0.0,
                    0.0,
                    0.0
                ]
            ],
            "isKeyframe": true,
            "area": 180470.9755373383
        }
    ],
    "isKeyframe": false
}