{
    "filename": "images/demo_H2FNV1/000169.jpg",
    "height": 1080,
    "width": 1920,
    "annots": [
        {
            "bbox": [
                814.596923828125,
                192.86514282226562,
                1109.437744140625,
                476.3543395996094,
                1.0,
                1.0,
                0.0
            ],
            "personID": 0,
            "keypoints": [
                [
                    1096.12890625,
                    427.771240234375,
                    0.653892457485199
                ],
                [
                    1024.4662780761719,
                    414.46246337890625,
                    0.4911467730998993
                ],
                [
                    1036.7513427734375,
                    407.29620361328125,
                    0.6637917160987854
                ],
                [
                    989.65869140625,
                    360.20355224609375,
                    0.8866056799888611
                ],
                [
                    973.2786254882812,
                    296.73089599609375,
                    0.6809215545654297
                ],
                [
                    1012.1812133789062,
                    421.62872314453125,
                    0.4911467730998993
                ],
                [
                    930.281005859375,
                    354.06103515625,
                    0.8731239438056946
                ],
                [
                    938.4710083007812,
                    276.2558288574219,
                    0.8348735570907593
                ],
                [
                    869.8795776367188,
                    386.8211364746094,
                    0.3710917830467224
                ],
                [
                    866.808349609375,
                    378.631103515625,
                    0.3710917830467224
                ],
                [
                    977.3736572265625,
                    292.6358642578125,
                    0.6828197836875916
                ],
                [
                    848.3807373046875,
                    270.1133117675781,
                    0.42809829115867615
                ],
                [
                    872.9508056640625,
                    395.01116943359375,
                    0.5447885990142822
                ],
                [
                    930.281005859375,
                    266.018310546875,
                    0.6579219102859497
                ],
                [
                    848.3807373046875,
                    263.9707946777344,
                    0.6655195355415344
                ],
                [
                    0.0,
                    0.0,
                    0.0
                ],
                [
                    0.0,
                    0.0,
                    0.0
                ],
                [
                    0.0,
                    0.0,
                    0.0
                ],
                [
                    0.0,
                    0.0,
                    0.0
                ],
                [
                    0.0,
                    0.0,
                    0.0
                ],
                [
                    0.0,
                    0.0,
                    0.0
                ],
                [
                    0.0,
                    0.0,
                    0.0
                ],
                [
                    0.0,
                    0.0,
                    0.0
                ],
                [
                    0.0,
                    0.0,
                    0.0
                ],
                [
                    0.0,
                    0.0,
                    0.0
                ]
            ],
            "isKeyframe": true,
            "area": 86931.10932254791
        },
        {
            "bbox": [
                43,
                246,
                254,
                477,
                0,
                0,
                1
            ],
            "personID": 1,
            "keypoints": [
                [
                    117.62345679012346,
                    438.5,
                    0.0
                ],
                [
                    125.22839506172839,
                    441.82716049382714,
                    0.29669123888015747
                ],
                [
                    101.22530864197532,
                    430.6574074074074,
                    0.440083771944046
                ],
                [
                    92.08680725097656,
                    376.8854064941406,
                    0.8312024474143982
                ],
                [
                    109.67013549804688,
                    325.6007080078125,
                    0.7878867387771606
                ],
                [
                    149.23148148148147,
                    452.9969135802469,
                    0.29669123888015747
                ],
                [
                    211.4969135802469,
                    369.58024691358025,
                    0.30039316415786743
                ],
                [
                    196.28703703703704,
                    331.3179012345679,
                    0.015496062114834785
                ],
                [
                    172.0462962962963,
                    389.66203703703707,
                    0.5957555770874023
                ],
                [
                    145.66666666666669,
                    388.35493827160496,
                    0.5957555770874023
                ],
                [
                    130.21913580246914,
                    333.69444444444446,
                    0.5169383883476257
                ],
                [
                    138.97569274902344,
                    308.0173645019531,
                    0.4011259377002716
                ],
                [
                    198.42592592592592,
                    390.96913580246917,
                    0.6294955611228943
                ],
                [
                    175.61111111111111,
                    337.0216049382716,
                    0.8168635964393616
                ],
                [
                    190.2604217529297,
                    328.53125,
                    0.6998365521430969
                ],
                [
                    0.0,
                    0.0,
                    -1.0
                ],
                [
                    0.0,
                    0.0,
                    -1.0
                ],
                [
                    0.0,
                    0.0,
                    -1.0
                ],
                [
                    0.0,
                    0.0,
                    -1.0
                ],
                [
                    0.0,
                    0.0,
                    -1.0
                ],
                [
                    0.0,
                    0.0,
                    -1.0
                ],
                [
                    0.0,
                    0.0,
                    -1.0
                ],
                [
                    0.0,
                    0.0,
                    -1.0
                ],
                [
                    0.0,
                    0.0,
                    -1.0
                ],
                [
                    0.0,
                    0.0,
                    -1.0
                ]
            ],
            "isKeyframe": false
        }
    ],
    "isKeyframe": true
}