{
    "filename": "images/demo_H2FNV1/000137.jpg",
    "height": 1080,
    "width": 1920,
    "annots": [
        {
            "bbox": [
                799.3163452148438,
                200.40988159179688,
                1100.023681640625,
                728.4093627929688,
                1.0,
                1.0,
                0.0
            ],
            "personID": 0,
            "keypoints": [
                [
                    1039.044921875,
                    320.0347595214844,
                    0.969107449054718
                ],
                [
                    1008.7949829101562,
                    386.0347137451172,
                    0.7174832820892334
                ],
                [
                    1017.0449829101562,
                    391.5346984863281,
                    0.7174832820892334
                ],
                [
                    1066.544921875,
                    317.2847595214844,
                    0.6197028756141663
                ],
                [
                    1080.294921875,
                    254.0348358154297,
                    0.8665046691894531
                ],
                [
                    1000.5449829101562,
                    380.53472900390625,
                    0.7304495573043823
                ],
                [
                    981.2950439453125,
                    314.5347900390625,
                    0.939834713935852
                ],
                [
                    1047.294921875,
                    254.0348358154297,
                    0.8196566700935364
                ],
                [
                    900.1700744628906,
                    478.1596374511719,
                    0.7237935662269592
                ],
                [
                    920.7950439453125,
                    479.5346374511719,
                    0.7507355809211731
                ],
                [
                    876.7951049804688,
                    575.7845458984375,
                    0.9204199910163879
                ],
                [
                    901.5451049804688,
                    677.534423828125,
                    0.7554477453231812
                ],
                [
                    879.5451049804688,
                    476.7846374511719,
                    0.7237935662269592
                ],
                [
                    830.045166015625,
                    578.5345458984375,
                    0.9257665872573853
                ],
                [
                    865.7951049804688,
                    691.284423828125,
                    0.6909956336021423
                ],
                [
                    0.0,
                    0.0,
                    0.0
                ],
                [
                    0.0,
                    0.0,
                    0.0
                ],
                [
                    0.0,
                    0.0,
                    0.0
                ],
                [
                    0.0,
                    0.0,
                    0.0
                ],
                [
                    0.0,
                    0.0,
                    0.0
                ],
                [
                    0.0,
                    0.0,
                    0.0
                ],
                [
                    0.0,
                    0.0,
                    0.0
                ],
                [
                    0.0,
                    0.0,
                    0.0
                ],
                [
                    0.0,
                    0.0,
                    0.0
                ],
                [
                    0.0,
                    0.0,
                    0.0
                ]
            ],
            "isKeyframe": true,
            "area": 278783.45214870665
        },
        {
            "bbox": [
                55.82341384887695,
                287.51287841796875,
                263.18389892578125,
                663.6762084960938,
                1.0,
                1.0,
                0.0
            ],
            "personID": 1,
            "keypoints": [
                [
                    97.78936767578125,
                    362.94146728515625,
                    0.8077899813652039
                ],
                [
                    136.9730453491211,
                    378.61492919921875,
                    0.7940829396247864
                ],
                [
                    105.6260986328125,
                    382.5332946777344,
                    0.9153396487236023
                ],
                [
                    56.64649963378906,
                    347.26800537109375,
                    0.935200035572052
                ],
                [
                    72.31997680664062,
                    313.96185302734375,
                    0.9594464898109436
                ],
                [
                    168.3199920654297,
                    374.6965637207031,
                    0.7940829396247864
                ],
                [
                    191.8302001953125,
                    339.4312438964844,
                    0.9265334606170654
                ],
                [
                    148.7281494140625,
                    310.0434875488281,
                    0.9385392665863037
                ],
                [
                    191.8302001953125,
                    444.2476043701172,
                    0.8470694422721863
                ],
                [
                    174.19754028320312,
                    447.1863708496094,
                    0.8470694422721863
                ],
                [
                    197.70774841308594,
                    533.3904418945312,
                    0.8939610719680786
                ],
                [
                    189.8710174560547,
                    611.7578125,
                    0.8833752870559692
                ],
                [
                    209.46286010742188,
                    441.308837890625,
                    0.8579849004745483
                ],
                [
                    246.68734741210938,
                    529.4721069335938,
                    0.909683346748352
                ],
                [
                    234.9322509765625,
                    603.9210815429688,
                    0.870263397693634
                ],
                [
                    0.0,
                    0.0,
                    0.0
                ],
                [
                    0.0,
                    0.0,
                    0.0
                ],
                [
                    0.0,
                    0.0,
                    0.0
                ],
                [
                    0.0,
                    0.0,
                    0.0
                ],
                [
                    0.0,
                    0.0,
                    0.0
                ],
                [
                    0.0,
                    0.0,
                    0.0
                ],
                [
                    0.0,
                    0.0,
                    0.0
                ],
                [
                    0.0,
                    0.0,
                    0.0
                ],
                [
                    0.0,
                    0.0,
                    0.0
                ],
                [
                    0.0,
                    0.0,
                    0.0
                ]
            ],
            "isKeyframe": true,
            "area": 141498.85089546442
        }
    ],
    "isKeyframe": false
}