{
    "filename": "images/demo_H2FNV1/000122.jpg",
    "height": 1080,
    "width": 1920,
    "annots": [
        {
            "bbox": [
                819.5309448242188,
                235.5387420654297,
                1032.3887939453125,
                842.1845092773438,
                1.0,
                1.0,
                0.0
            ],
            "personID": 0,
            "keypoints": [
                [
                    943.3377075195312,
                    379.3011474609375,
                    1.0044634342193604
                ],
                [
                    955.9761657714844,
                    436.17417907714844,
                    0.7297506928443909
                ],
                [
                    981.2530517578125,
                    442.493408203125,
                    0.7297506928443909
                ],
                [
                    968.6146240234375,
                    357.183837890625,
                    0.9402932524681091
                ],
                [
                    974.933837890625,
                    300.310791015625,
                    0.9372943043708801
                ],
                [
                    930.6992797851562,
                    429.8549499511719,
                    0.8903447985649109
                ],
                [
                    892.7838745117188,
                    360.34344482421875,
                    0.9185060858726501
                ],
                [
                    943.3377075195312,
                    287.6723327636719,
                    0.9152876138687134
                ],
                [
                    937.0184936523438,
                    603.6337280273438,
                    0.7895427346229553
                ],
                [
                    959.1358032226562,
                    603.6337280273438,
                    0.7895427346229553
                ],
                [
                    889.624267578125,
                    692.1029052734375,
                    0.8932567834854126
                ],
                [
                    927.5396728515625,
                    786.8912963867188,
                    0.8936936259269714
                ],
                [
                    914.9011840820312,
                    603.6337280273438,
                    0.816023051738739
                ],
                [
                    845.3897094726562,
                    692.1029052734375,
                    0.954601526260376
                ],
                [
                    895.9434814453125,
                    802.6893920898438,
                    0.8903500437736511
                ],
                [
                    0.0,
                    0.0,
                    0.0
                ],
                [
                    0.0,
                    0.0,
                    0.0
                ],
                [
                    0.0,
                    0.0,
                    0.0
                ],
                [
                    0.0,
                    0.0,
                    0.0
                ],
                [
                    0.0,
                    0.0,
                    0.0
                ],
                [
                    0.0,
                    0.0,
                    0.0
                ],
                [
                    0.0,
                    0.0,
                    0.0
                ],
                [
                    0.0,
                    0.0,
                    0.0
                ],
                [
                    0.0,
                    0.0,
                    0.0
                ],
                [
                    0.0,
                    0.0,
                    0.0
                ]
            ],
            "isKeyframe": true,
            "area": 368019.0868761318
        },
        {
            "bbox": [
                96.37645721435547,
                291.91632080078125,
                255.04388427734375,
                718.3701171875,
                1.0,
                1.0,
                0.0
            ],
            "personID": 1,
            "keypoints": [
                [
                    152.38848876953125,
                    381.8714294433594,
                    0.8085272312164307
                ],
                [
                    164.60460662841797,
                    428.5148010253906,
                    0.8781040906906128
                ],
                [
                    139.06179809570312,
                    437.3992614746094,
                    0.885879635810852
                ],
                [
                    105.74510192871094,
                    381.8714294433594,
                    0.8774954080581665
                ],
                [
                    110.18733215332031,
                    333.0069274902344,
                    0.9534524083137512
                ],
                [
                    190.1474151611328,
                    419.6303405761719,
                    0.8781040906906128
                ],
                [
                    205.69520568847656,
                    368.54473876953125,
                    0.9718282222747803
                ],
                [
                    170.1573944091797,
                    330.78582763671875,
                    0.9511503577232361
                ],
                [
                    193.47908782958984,
                    538.4598999023438,
                    0.8372876048088074
                ],
                [
                    172.37850952148438,
                    541.7915649414062,
                    0.8372876048088074
                ],
                [
                    201.2529754638672,
                    612.8672485351562,
                    0.8966013193130493
                ],
                [
                    185.70518493652344,
                    683.94287109375,
                    0.884681224822998
                ],
                [
                    214.5796661376953,
                    535.1282348632812,
                    0.8726925253868103
                ],
                [
                    241.23301696777344,
                    610.6461181640625,
                    0.9066691994667053
                ],
                [
                    212.35855102539062,
                    679.5006103515625,
                    0.894274115562439
                ],
                [
                    0.0,
                    0.0,
                    0.0
                ],
                [
                    0.0,
                    0.0,
                    0.0
                ],
                [
                    0.0,
                    0.0,
                    0.0
                ],
                [
                    0.0,
                    0.0,
                    0.0
                ],
                [
                    0.0,
                    0.0,
                    0.0
                ],
                [
                    0.0,
                    0.0,
                    0.0
                ],
                [
                    0.0,
                    0.0,
                    0.0
                ],
                [
                    0.0,
                    0.0,
                    0.0
                ],
                [
                    0.0,
                    0.0,
                    0.0
                ],
                [
                    0.0,
                    0.0,
                    0.0
                ]
            ],
            "isKeyframe": true,
            "area": 181862.84045264497
        }
    ],
    "isKeyframe": false
}