{
    "filename": "images/demo_H2FNV1/000184.jpg",
    "height": 1080,
    "width": 1920,
    "annots": [
        {
            "bbox": [
                821,
                211,
                1096,
                624,
                0,
                0,
                1
            ],
            "personID": 0,
            "keypoints": [
                [
                    991.6762084960938,
                    549.525146484375,
                    0.7289491891860962
                ],
                [
                    943.5121459960938,
                    491.7283020019531,
                    0.13731950521469116
                ],
                [
                    942.4418334960938,
                    489.5876770019531,
                    0.13731950521469116
                ],
                [
                    998.0980834960938,
                    416.8064270019531,
                    0.06137808784842491
                ],
                [
                    1028.06689453125,
                    367.5720520019531,
                    0.12641339004039764
                ],
                [
                    944.5824584960938,
                    493.8689270019531,
                    0.6885499954223633
                ],
                [
                    916.7543334960938,
                    412.5251770019531,
                    0.9148197770118713
                ],
                [
                    987.3949584960938,
                    388.9783020019531,
                    0.8226767182350159
                ],
                [
                    901.7699584960938,
                    332.2517395019531,
                    0.17168013751506805
                ],
                [
                    912.4730834960938,
                    316.1970520019531,
                    0.3935127556324005
                ],
                [
                    1025.92626953125,
                    371.8533020019531,
                    0.1547340303659439
                ],
                [
                    985.2543334960938,
                    284.0876770019531,
                    0.21352264285087585
                ],
                [
                    891.0668334960938,
                    348.3064270019531,
                    0.17168013751506805
                ],
                [
                    1004.5199584960938,
                    378.2751770019531,
                    0.44934073090553284
                ],
                [
                    972.4105834960938,
                    279.8064270019531,
                    0.5032384991645813
                ],
                [
                    808.6527709960938,
                    193.11111450195312,
                    0.0
                ],
                [
                    808.6527709960938,
                    193.11111450195312,
                    0.0
                ],
                [
                    808.6527709960938,
                    193.11111450195312,
                    0.0
                ],
                [
                    808.6527709960938,
                    193.11111450195312,
                    0.0
                ],
                [
                    0.0,
                    0.0,
                    0.0
                ],
                [
                    0.0,
                    0.0,
                    0.0
                ],
                [
                    0.0,
                    0.0,
                    0.0
                ],
                [
                    0.0,
                    0.0,
                    0.0
                ],
                [
                    0.0,
                    0.0,
                    0.0
                ],
                [
                    0.0,
                    0.0,
                    0.0
                ]
            ],
            "isKeyframe": false
        },
        {
            "bbox": [
                42,
                264,
                244,
                546,
                0,
                0,
                1
            ],
            "personID": 1,
            "keypoints": [
                [
                    156.4409637451172,
                    524.170166015625,
                    0.40146201848983765
                ],
                [
                    155.71527481079102,
                    463.93751525878906,
                    0.5312683582305908
                ],
                [
                    124.51041412353516,
                    467.56597900390625,
                    0.6360591053962708
                ],
                [
                    86.77430725097656,
                    408.0590515136719,
                    0.11278238892555237
                ],
                [
                    85.32291412353516,
                    402.25347900390625,
                    0.6325446367263794
                ],
                [
                    186.92013549804688,
                    460.3090515136719,
                    0.5312683582305908
                ],
                [
                    207.2395782470703,
                    390.6423645019531,
                    0.49577850103378296
                ],
                [
                    153.53819274902344,
                    390.6423645019531,
                    0.031899187713861465
                ],
                [
                    158.61804962158203,
                    362.3403015136719,
                    0.04636942595243454
                ],
                [
                    141.9270782470703,
                    368.8715515136719,
                    0.04636942595243454
                ],
                [
                    99.83680725097656,
                    387.7395935058594,
                    0.2722220718860626
                ],
                [
                    98.38541412353516,
                    328.2326354980469,
                    0.5923914909362793
                ],
                [
                    175.30902099609375,
                    355.8090515136719,
                    0.18001553416252136
                ],
                [
                    130.3159637451172,
                    380.4826354980469,
                    0.037647753953933716
                ],
                [
                    130.3159637451172,
                    318.07293701171875,
                    0.5711109638214111
                ],
                [
                    29.444442749023438,
                    268.0,
                    0.0
                ],
                [
                    29.444442749023438,
                    268.0,
                    0.0
                ],
                [
                    29.444442749023438,
                    268.0,
                    0.0
                ],
                [
                    29.444442749023438,
                    268.0,
                    0.0
                ],
                [
                    0.0,
                    0.0,
                    0.0
                ],
                [
                    0.0,
                    0.0,
                    0.0
                ],
                [
                    0.0,
                    0.0,
                    0.0
                ],
                [
                    0.0,
                    0.0,
                    0.0
                ],
                [
                    0.0,
                    0.0,
                    0.0
                ],
                [
                    0.0,
                    0.0,
                    0.0
                ]
            ],
            "isKeyframe": false
        }
    ],
    "isKeyframe": false
}