{
    "filename": "images/demo_H2FNV1/000163.jpg",
    "height": 1080,
    "width": 1920,
    "annots": [
        {
            "bbox": [
                735,
                215,
                1143,
                484,
                0,
                0,
                1
            ],
            "personID": 0,
            "keypoints": [
                [
                    1114.754150390625,
                    387.708251953125,
                    0.9649743437767029
                ],
                [
                    1038.01025390625,
                    393.0937805175781,
                    0.6803556680679321
                ],
                [
                    1047.4349365234375,
                    387.708251953125,
                    0.6915172934532166
                ],
                [
                    998.9652099609375,
                    331.1601867675781,
                    0.9219886660575867
                ],
                [
                    961.2664794921875,
                    271.9193420410156,
                    0.8871458172798157
                ],
                [
                    1028.5855712890625,
                    398.47930908203125,
                    0.6803556680679321
                ],
                [
                    939.724365234375,
                    325.774658203125,
                    0.8701322674751282
                ],
                [
                    904.7184448242188,
                    258.4555358886719,
                    0.9039900302886963
                ],
                [
                    907.4111938476562,
                    407.9039764404297,
                    0.44338032603263855
                ],
                [
                    928.9533081054688,
                    401.17205810546875,
                    0.44338032603263855
                ],
                [
                    934.3388671875,
                    298.84698486328125,
                    0.37169671058654785
                ],
                [
                    799.7005615234375,
                    344.6239929199219,
                    0.4428209364414215
                ],
                [
                    885.8690795898438,
                    414.6358947753906,
                    0.6627424359321594
                ],
                [
                    893.9473876953125,
                    290.7687072753906,
                    0.8286170959472656
                ],
                [
                    791.622314453125,
                    325.774658203125,
                    0.7706552743911743
                ],
                [
                    1122.8323974609375,
                    390.4010009765625,
                    0.0
                ],
                [
                    1112.061279296875,
                    398.47930908203125,
                    0.0
                ],
                [
                    1071.669921875,
                    420.02142333984375,
                    0.0
                ],
                [
                    1079.7481689453125,
                    414.6358947753906,
                    0.0
                ],
                [
                    0.0,
                    0.0,
                    0.0
                ],
                [
                    0.0,
                    0.0,
                    0.0
                ],
                [
                    0.0,
                    0.0,
                    0.0
                ],
                [
                    0.0,
                    0.0,
                    0.0
                ],
                [
                    0.0,
                    0.0,
                    0.0
                ],
                [
                    0.0,
                    0.0,
                    0.0
                ]
            ],
            "isKeyframe": false
        },
        {
            "bbox": [
                52,
                266,
                266,
                451,
                0,
                0,
                1
            ],
            "personID": 1,
            "keypoints": [
                [
                    103.76174926757812,
                    402.5368957519531,
                    0.004044749774038792
                ],
                [
                    114.54459762573242,
                    388.38441467285156,
                    0.01621009036898613
                ],
                [
                    87.58747100830078,
                    395.7976379394531,
                    0.5188737511634827
                ],
                [
                    90.2831802368164,
                    359.405517578125,
                    0.6432940363883972
                ],
                [
                    105.10960388183594,
                    314.9262390136719,
                    0.748481810092926
                ],
                [
                    141.50172424316406,
                    380.97119140625,
                    0.01621009036898613
                ],
                [
                    190.02455139160156,
                    395.7976379394531,
                    0.33698174357414246
                ],
                [
                    202.15525817871094,
                    314.9262390136719,
                    0.6675243377685547
                ],
                [
                    167.11099243164062,
                    418.0372619628906,
                    0.5674558877944946
                ],
                [
                    142.84957885742188,
                    417.36334228515625,
                    0.5674558877944946
                ],
                [
                    145.5452880859375,
                    327.05694580078125,
                    0.7565327882766724
                ],
                [
                    191.37240600585938,
                    352.6662292480469,
                    0.2978837192058563
                ],
                [
                    191.37240600585938,
                    418.711181640625,
                    0.5708365440368652
                ],
                [
                    191.37240600585938,
                    337.8398132324219,
                    0.1731768101453781
                ],
                [
                    223.72096252441406,
                    362.1012268066406,
                    0.2972215414047241
                ],
                [
                    63.99998474121094,
                    233.3809356689453,
                    0.0
                ],
                [
                    63.99998474121094,
                    233.3809356689453,
                    0.0
                ],
                [
                    63.99998474121094,
                    233.3809356689453,
                    0.0
                ],
                [
                    63.99998474121094,
                    233.3809356689453,
                    0.0
                ],
                [
                    0.0,
                    0.0,
                    0.0
                ],
                [
                    0.0,
                    0.0,
                    0.0
                ],
                [
                    0.0,
                    0.0,
                    0.0
                ],
                [
                    0.0,
                    0.0,
                    0.0
                ],
                [
                    0.0,
                    0.0,
                    0.0
                ],
                [
                    0.0,
                    0.0,
                    0.0
                ]
            ],
            "isKeyframe": false
        }
    ],
    "isKeyframe": false
}