{
    "filename": "images/demo_H2FNV1/000174.jpg",
    "height": 1080,
    "width": 1920,
    "annots": [
        {
            "bbox": [
                842.8563842773438,
                188.83358764648438,
                1074.8265380859375,
                528.6451416015625,
                1.0,
                1.0,
                0.0
            ],
            "personID": 0,
            "keypoints": [
                [
                    1075.42138671875,
                    472.967529296875,
                    0.6854965686798096
                ],
                [
                    1013.7712707519531,
                    439.0599822998047,
                    0.6833807826042175
                ],
                [
                    1030.2113037109375,
                    425.70245361328125,
                    0.7557517886161804
                ],
                [
                    997.3312377929688,
                    368.1623840332031,
                    0.8225025534629822
                ],
                [
                    1001.4412231445312,
                    302.40228271484375,
                    0.7562292814254761
                ],
                [
                    997.3312377929688,
                    452.4175109863281,
                    0.6833807826042175
                ],
                [
                    927.4611206054688,
                    372.27239990234375,
                    0.8777316212654114
                ],
                [
                    962.3961791992188,
                    302.40228271484375,
                    0.5478059649467468
                ],
                [
                    871.9760437011719,
                    368.1623992919922,
                    0.22296838462352753
                ],
                [
                    876.0860595703125,
                    357.88739013671875,
                    0.22296838462352753
                ],
                [
                    993.22119140625,
                    312.67730712890625,
                    0.5189281702041626
                ],
                [
                    888.4160766601562,
                    257.1922302246094,
                    0.17914636433124542
                ],
                [
                    867.8660278320312,
                    378.4374084472656,
                    0.4453792870044708
                ],
                [
                    974.7261962890625,
                    306.5122985839844,
                    0.5345151424407959
                ],
                [
                    884.3060913085938,
                    253.0822296142578,
                    0.49860674142837524
                ],
                [
                    809.2984619140625,
                    157.52459716796875,
                    0.0
                ],
                [
                    809.2984619140625,
                    157.52459716796875,
                    0.0
                ],
                [
                    809.2984619140625,
                    157.52459716796875,
                    0.0
                ],
                [
                    809.2984619140625,
                    157.52459716796875,
                    0.0
                ],
                [
                    0.0,
                    0.0,
                    0.0
                ],
                [
                    0.0,
                    0.0,
                    0.0
                ],
                [
                    0.0,
                    0.0,
                    0.0
                ],
                [
                    0.0,
                    0.0,
                    0.0
                ],
                [
                    0.0,
                    0.0,
                    0.0
                ],
                [
                    0.0,
                    0.0,
                    0.0
                ]
            ],
            "isKeyframe": true,
            "area": 115471.89220136497
        },
        {
            "bbox": [
                47,
                231,
                251,
                492,
                0,
                0,
                1
            ],
            "personID": 1,
            "keypoints": [
                [
                    140.6197967529297,
                    471.109375,
                    0.19702725112438202
                ],
                [
                    133.51909637451172,
                    436.31597900390625,
                    0.22000275552272797
                ],
                [
                    99.43576049804688,
                    432.765625,
                    0.39430850744247437
                ],
                [
                    86.65451049804688,
                    388.7413330078125,
                    0.729444682598114
                ],
                [
                    95.17534637451172,
                    340.45660400390625,
                    0.23418979346752167
                ],
                [
                    167.60243225097656,
                    439.8663330078125,
                    0.22000275552272797
                ],
                [
                    211.62673950195312,
                    375.9600830078125,
                    0.009548882953822613
                ],
                [
                    177.54339599609375,
                    337.6163330078125,
                    0.05278804153203964
                ],
                [
                    167.60242462158203,
                    376.6701354980469,
                    0.14186525344848633
                ],
                [
                    139.19964599609375,
                    371.69964599609375,
                    0.14186525344848633
                ],
                [
                    115.05728912353516,
                    353.23785400390625,
                    0.3031923472881317
                ],
                [
                    129.25868225097656,
                    303.5329895019531,
                    0.39713406562805176
                ],
                [
                    196.0052032470703,
                    381.640625,
                    0.2059471607208252
                ],
                [
                    164.76214599609375,
                    344.7170104980469,
                    0.1461676061153412
                ],
                [
                    173.28298950195312,
                    314.89410400390625,
                    0.4636480510234833
                ],
                [
                    40.5,
                    238.9166717529297,
                    0.0
                ],
                [
                    40.5,
                    238.9166717529297,
                    0.0
                ],
                [
                    40.5,
                    238.9166717529297,
                    0.0
                ],
                [
                    40.5,
                    238.9166717529297,
                    0.0
                ],
                [
                    0.0,
                    0.0,
                    0.0
                ],
                [
                    0.0,
                    0.0,
                    0.0
                ],
                [
                    0.0,
                    0.0,
                    0.0
                ],
                [
                    0.0,
                    0.0,
                    0.0
                ],
                [
                    0.0,
                    0.0,
                    0.0
                ],
                [
                    0.0,
                    0.0,
                    0.0
                ]
            ],
            "isKeyframe": false
        }
    ],
    "isKeyframe": false
}