{
    "filename": "images/demo_H2FNV1/000166.jpg",
    "height": 1080,
    "width": 1920,
    "annots": [
        {
            "bbox": [
                793.868896484375,
                188.48289489746094,
                1126.724853515625,
                472.2048034667969,
                1.0,
                1.0,
                0.0
            ],
            "personID": 0,
            "keypoints": [
                [
                    1106.3526611328125,
                    410.31591796875,
                    0.936855137348175
                ],
                [
                    1028.0894775390625,
                    406.7037658691406,
                    0.6033356189727783
                ],
                [
                    1038.9259033203125,
                    398.2754211425781,
                    0.6033356189727783
                ],
                [
                    988.3558959960938,
                    350.11346435546875,
                    0.7879385948181152
                ],
                [
                    959.458740234375,
                    277.8704833984375,
                    0.6850718855857849
                ],
                [
                    1017.2530517578125,
                    415.1321105957031,
                    0.722053050994873
                ],
                [
                    940.1939086914062,
                    350.11346435546875,
                    0.7064710855484009
                ],
                [
                    916.1129760742188,
                    273.0542907714844,
                    0.526383638381958
                ],
                [
                    884.8076782226562,
                    399.47947692871094,
                    0.29780128598213196
                ],
                [
                    892.031982421875,
                    393.459228515625,
                    0.29780128598213196
                ],
                [
                    952.2344360351562,
                    289.9109802246094,
                    0.377616286277771
                ],
                [
                    824.605224609375,
                    301.95147705078125,
                    0.1935541182756424
                ],
                [
                    877.5833740234375,
                    405.4997253417969,
                    0.5943158864974976
                ],
                [
                    916.1129760742188,
                    280.2785949707031,
                    0.43961676955223083
                ],
                [
                    822.1971435546875,
                    282.68670654296875,
                    0.6417072415351868
                ],
                [
                    1111.1689453125,
                    419.94830322265625,
                    0.0
                ],
                [
                    1099.12841796875,
                    419.94830322265625,
                    0.0
                ],
                [
                    1063.0069580078125,
                    448.8454895019531,
                    0.0
                ],
                [
                    1067.8231201171875,
                    439.2131042480469,
                    0.0
                ],
                [
                    0.0,
                    0.0,
                    0.0
                ],
                [
                    0.0,
                    0.0,
                    0.0
                ],
                [
                    0.0,
                    0.0,
                    0.0
                ],
                [
                    0.0,
                    0.0,
                    0.0
                ],
                [
                    0.0,
                    0.0,
                    0.0
                ],
                [
                    0.0,
                    0.0,
                    0.0
                ]
            ],
            "isKeyframe": true,
            "area": 110793.08813118935
        },
        {
            "bbox": [
                46,
                256,
                268,
                467,
                0,
                0,
                1
            ],
            "personID": 1,
            "keypoints": [
                [
                    101.24603271484375,
                    402.8809509277344,
                    0.13758757710456848
                ],
                [
                    123.63492202758789,
                    426.71429443359375,
                    0.027310749515891075
                ],
                [
                    94.02381134033203,
                    410.1031799316406,
                    0.27127134799957275
                ],
                [
                    91.13492584228516,
                    371.1031799316406,
                    0.7995086312294006
                ],
                [
                    112.80158996582031,
                    323.4365234375,
                    0.7700511813163757
                ],
                [
                    153.24603271484375,
                    443.3254089355469,
                    0.027310749515891075
                ],
                [
                    205.24603271484375,
                    368.21429443359375,
                    0.1822587102651596
                ],
                [
                    187.91270446777344,
                    339.3254089355469,
                    0.13971585035324097
                ],
                [
                    164.0793685913086,
                    411.5476379394531,
                    0.34469661116600037
                ],
                [
                    137.35714721679688,
                    414.4365234375,
                    0.34469661116600037
                ],
                [
                    130.13491821289062,
                    332.1031799316406,
                    0.36156657338142395
                ],
                [
                    164.8015899658203,
                    321.9920654296875,
                    0.1448705941438675
                ],
                [
                    190.8015899658203,
                    408.65875244140625,
                    0.5987203121185303
                ],
                [
                    180.6904754638672,
                    345.1031799316406,
                    0.13720722496509552
                ],
                [
                    199.46826171875,
                    340.76983642578125,
                    0.40540432929992676
                ],
                [
                    52.857147216796875,
                    223.04762268066406,
                    0.0
                ],
                [
                    52.857147216796875,
                    223.04762268066406,
                    0.0
                ],
                [
                    52.857147216796875,
                    223.04762268066406,
                    0.0
                ],
                [
                    52.857147216796875,
                    223.04762268066406,
                    0.0
                ],
                [
                    0.0,
                    0.0,
                    0.0
                ],
                [
                    0.0,
                    0.0,
                    0.0
                ],
                [
                    0.0,
                    0.0,
                    0.0
                ],
                [
                    0.0,
                    0.0,
                    0.0
                ],
                [
                    0.0,
                    0.0,
                    0.0
                ],
                [
                    0.0,
                    0.0,
                    0.0
                ]
            ],
            "isKeyframe": false
        }
    ],
    "isKeyframe": false
}