{
    "filename": "images/demo_H2FNV1/000153.jpg",
    "height": 1080,
    "width": 1920,
    "annots": [
        {
            "bbox": [
                789.1315307617188,
                168.7098846435547,
                1142.82763671875,
                484.7525634765625,
                1.0,
                1.0,
                0.0
            ],
            "personID": 0,
            "keypoints": [
                [
                    1117.037353515625,
                    345.1528625488281,
                    0.9284192323684692
                ],
                [
                    1044.5787353515625,
                    372.17132568359375,
                    0.6221330761909485
                ],
                [
                    1048.2630615234375,
                    372.17132568359375,
                    0.6221330761909485
                ],
                [
                    1028.61328125,
                    303.3970947265625,
                    0.9198004603385925
                ],
                [
                    1006.5072631835938,
                    241.99151611328125,
                    0.9201263189315796
                ],
                [
                    1040.8944091796875,
                    372.17132568359375,
                    0.6902217864990234
                ],
                [
                    947.5579223632812,
                    300.94085693359375,
                    0.9017711281776428
                ],
                [
                    937.7330322265625,
                    219.885498046875,
                    0.8868481516838074
                ],
                [
                    905.8021545410156,
                    438.4893493652344,
                    0.45910295844078064
                ],
                [
                    918.083251953125,
                    448.3142395019531,
                    0.45910295844078064
                ],
                [
                    859.1339111328125,
                    364.8026428222656,
                    0.6574148535728455
                ],
                [
                    829.6592407226562,
                    465.5078125,
                    0.4780449867248535
                ],
                [
                    893.5210571289062,
                    428.6644592285156,
                    0.6321387887001038
                ],
                [
                    814.9219360351562,
                    350.0653076171875,
                    0.913202702999115
                ],
                [
                    802.6408081054688,
                    463.05157470703125,
                    0.7790096998214722
                ],
                [
                    0.0,
                    0.0,
                    0.0
                ],
                [
                    0.0,
                    0.0,
                    0.0
                ],
                [
                    0.0,
                    0.0,
                    0.0
                ],
                [
                    0.0,
                    0.0,
                    0.0
                ],
                [
                    0.0,
                    0.0,
                    0.0
                ],
                [
                    0.0,
                    0.0,
                    0.0
                ],
                [
                    0.0,
                    0.0,
                    0.0
                ],
                [
                    0.0,
                    0.0,
                    0.0
                ],
                [
                    0.0,
                    0.0,
                    0.0
                ],
                [
                    0.0,
                    0.0,
                    0.0
                ]
            ],
            "isKeyframe": true,
            "area": 125100.93536916748
        },
        {
            "bbox": [
                56.73783874511719,
                242.92420959472656,
                270.2449645996094,
                483.6458435058594,
                1.0,
                1.0,
                0.0
            ],
            "personID": 1,
            "keypoints": [
                [
                    103.44251251220703,
                    361.0610046386719,
                    0.9216421842575073
                ],
                [
                    130.87224578857422,
                    371.4398193359375,
                    0.5395239591598511
                ],
                [
                    84.16755676269531,
                    378.853271484375,
                    0.5395239591598511
                ],
                [
                    70.8233642578125,
                    340.3033752441406,
                    0.9185661673545837
                ],
                [
                    79.71949768066406,
                    286.92657470703125,
                    0.8810303211212158
                ],
                [
                    177.57693481445312,
                    364.0263671875,
                    0.5805250406265259
                ],
                [
                    205.74801635742188,
                    337.3379821777344,
                    0.9430047273635864
                ],
                [
                    211.67877197265625,
                    294.34002685546875,
                    0.9196769595146179
                ],
                [
                    176.83558654785156,
                    439.6434783935547,
                    0.6542567610740662
                ],
                [
                    153.85391235351562,
                    436.6781005859375,
                    0.7070592045783997
                ],
                [
                    179.0596160888672,
                    369.9571228027344,
                    0.8352996706962585
                ],
                [
                    205.74801635742188,
                    454.4703674316406,
                    0.7586889863014221
                ],
                [
                    199.8172607421875,
                    442.6088562011719,
                    0.6542567610740662
                ],
                [
                    236.8844757080078,
                    380.3359375,
                    0.89748215675354
                ],
                [
                    244.29791259765625,
                    466.3318786621094,
                    0.7948340177536011
                ],
                [
                    0.0,
                    0.0,
                    0.0
                ],
                [
                    0.0,
                    0.0,
                    0.0
                ],
                [
                    0.0,
                    0.0,
                    0.0
                ],
                [
                    0.0,
                    0.0,
                    0.0
                ],
                [
                    0.0,
                    0.0,
                    0.0
                ],
                [
                    0.0,
                    0.0,
                    0.0
                ],
                [
                    0.0,
                    0.0,
                    0.0
                ],
                [
                    0.0,
                    0.0,
                    0.0
                ],
                [
                    0.0,
                    0.0,
                    0.0
                ],
                [
                    0.0,
                    0.0,
                    0.0
                ]
            ],
            "isKeyframe": true,
            "area": 57946.90503284545
        }
    ],
    "isKeyframe": false
}