{
    "filename": "images/demo_H2FNV1/000168.jpg",
    "height": 1080,
    "width": 1920,
    "annots": [
        {
            "bbox": [
                797.6049194335938,
                183.71609497070312,
                1127.383056640625,
                484.061279296875,
                1.0,
                1.0,
                0.0
            ],
            "personID": 0,
            "keypoints": [
                [
                    1098.974609375,
                    419.6220703125,
                    0.9118893146514893
                ],
                [
                    1027.4403991699219,
                    414.20281982421875,
                    0.6613545417785645
                ],
                [
                    1038.2789306640625,
                    406.6158447265625,
                    0.7102883458137512
                ],
                [
                    988.4216918945312,
                    350.25555419921875,
                    0.8430973887443542
                ],
                [
                    968.912353515625,
                    285.2244567871094,
                    0.7012413144111633
                ],
                [
                    1016.6018676757812,
                    421.789794921875,
                    0.6613545417785645
                ],
                [
                    936.3968505859375,
                    356.7586669921875,
                    0.7883351445198059
                ],
                [
                    932.0614013671875,
                    276.55364990234375,
                    0.7172755002975464
                ],
                [
                    872.4495544433594,
                    391.4419403076172,
                    0.3112815320491791
                ],
                [
                    869.197998046875,
                    382.7711181640625,
                    0.3112815320491791
                ],
                [
                    962.4092407226562,
                    278.7213439941406,
                    0.34053412079811096
                ],
                [
                    841.0178833007812,
                    272.2182312011719,
                    0.48577210307121277
                ],
                [
                    875.7011108398438,
                    400.1127624511719,
                    0.5935522317886353
                ],
                [
                    925.5582885742188,
                    272.2182312011719,
                    0.6431488394737244
                ],
                [
                    841.0178833007812,
                    274.3859558105469,
                    0.669073760509491
                ],
                [
                    1103.3099365234375,
                    426.12518310546875,
                    0.0
                ],
                [
                    1096.806884765625,
                    430.4606018066406,
                    0.0
                ],
                [
                    1107.6453857421875,
                    419.6220703125,
                    0.0
                ],
                [
                    1062.1236572265625,
                    447.8022155761719,
                    0.0
                ],
                [
                    0.0,
                    0.0,
                    0.0
                ],
                [
                    0.0,
                    0.0,
                    0.0
                ],
                [
                    0.0,
                    0.0,
                    0.0
                ],
                [
                    0.0,
                    0.0,
                    0.0
                ],
                [
                    0.0,
                    0.0,
                    0.0
                ],
                [
                    0.0,
                    0.0,
                    0.0
                ]
            ],
            "isKeyframe": true,
            "area": 108753.61977973953
        },
        {
            "bbox": [
                46,
                235,
                247,
                464,
                0,
                0,
                1
            ],
            "personID": 1,
            "keypoints": [
                [
                    95.13988494873047,
                    403.1339416503906,
                    0.10343717038631439
                ],
                [
                    123.57738876342773,
                    432.3006134033203,
                    0.16897015273571014
                ],
                [
                    95.13988494873047,
                    416.2589416503906,
                    0.16897015273571014
                ],
                [
                    92.22322082519531,
                    373.96728515625,
                    0.8482807278633118
                ],
                [
                    112.63988494873047,
                    322.92559814453125,
                    0.8172063231468201
                ],
                [
                    152.014892578125,
                    448.34228515625,
                    0.41366907954216003
                ],
                [
                    205.9732208251953,
                    368.1339416503906,
                    0.534273087978363
                ],
                [
                    182.639892578125,
                    338.96728515625,
                    0.0738416388630867
                ],
                [
                    167.32738494873047,
                    402.40476989746094,
                    0.3811788558959961
                ],
                [
                    141.80654907226562,
                    403.1339416503906,
                    0.3811788558959961
                ],
                [
                    130.139892578125,
                    333.1339416503906,
                    0.5926143527030945
                ],
                [
                    146.18154907226562,
                    315.6339416503906,
                    0.24394318461418152
                ],
                [
                    192.8482208251953,
                    401.67559814453125,
                    0.5239190459251404
                ],
                [
                    187.014892578125,
                    325.84228515625,
                    0.18511508405208588
                ],
                [
                    194.30654907226562,
                    330.21728515625,
                    0.5924270749092102
                ],
                [
                    46.28572082519531,
                    221.57144165039062,
                    0.0
                ],
                [
                    46.28572082519531,
                    221.57144165039062,
                    0.0
                ],
                [
                    46.28572082519531,
                    221.57144165039062,
                    0.0
                ],
                [
                    46.28572082519531,
                    221.57144165039062,
                    0.0
                ],
                [
                    0.0,
                    0.0,
                    0.0
                ],
                [
                    0.0,
                    0.0,
                    0.0
                ],
                [
                    0.0,
                    0.0,
                    0.0
                ],
                [
                    0.0,
                    0.0,
                    0.0
                ],
                [
                    0.0,
                    0.0,
                    0.0
                ],
                [
                    0.0,
                    0.0,
                    0.0
                ]
            ],
            "isKeyframe": false
        }
    ],
    "isKeyframe": false
}