{
    "filename": "images/demo_H2FNV1/000102.jpg",
    "height": 1080,
    "width": 1920,
    "annots": [
        {
            "bbox": [
                789.5091552734375,
                436.4964599609375,
                1001.0224609375,
                846.5624389648438,
                1.0,
                1.0,
                0.0
            ],
            "personID": 0,
            "keypoints": [
                [
                    870.70458984375,
                    478.1437683105469,
                    0.9452763795852661
                ],
                [
                    917.6912841796875,
                    545.4202270507812,
                    0.821983277797699
                ],
                [
                    951.8634643554688,
                    537.945068359375,
                    0.8387428522109985
                ],
                [
                    879.2476196289062,
                    602.0178833007812,
                    0.5654628276824951
                ],
                [
                    842.939697265625,
                    610.5609130859375,
                    0.7646405696868896
                ],
                [
                    883.5191040039062,
                    552.8953857421875,
                    0.821983277797699
                ],
                [
                    832.2608642578125,
                    634.0542602539062,
                    0.8284718990325928
                ],
                [
                    795.9529418945312,
                    681.0409545898438,
                    0.7176971435546875
                ],
                [
                    964.6780090332031,
                    688.5161437988281,
                    0.6743065118789673
                ],
                [
                    988.17138671875,
                    685.3125,
                    0.6743065118789673
                ],
                [
                    892.0621948242188,
                    706.6701049804688,
                    0.666877806186676
                ],
                [
                    932.6416015625,
                    807.0508422851562,
                    0.7599957585334778
                ],
                [
                    941.1846313476562,
                    691.7197875976562,
                    0.6885237693786621
                ],
                [
                    842.939697265625,
                    708.8058471679688,
                    0.8862204551696777
                ],
                [
                    898.4694213867188,
                    813.4580688476562,
                    0.8277946710586548
                ],
                [
                    0.0,
                    0.0,
                    0.0
                ],
                [
                    0.0,
                    0.0,
                    0.0
                ],
                [
                    0.0,
                    0.0,
                    0.0
                ],
                [
                    0.0,
                    0.0,
                    0.0
                ],
                [
                    0.0,
                    0.0,
                    0.0
                ],
                [
                    0.0,
                    0.0,
                    0.0
                ],
                [
                    0.0,
                    0.0,
                    0.0
                ],
                [
                    0.0,
                    0.0,
                    0.0
                ],
                [
                    0.0,
                    0.0,
                    0.0
                ],
                [
                    0.0,
                    0.0,
                    0.0
                ]
            ],
            "isKeyframe": true,
            "area": 168154.10713643208
        },
        {
            "bbox": [
                125.81278991699219,
                420.5107727050781,
                282.6004943847656,
                734.385498046875,
                1.0,
                1.0,
                0.0
            ],
            "personID": 1,
            "keypoints": [
                [
                    196.85018920898438,
                    455.658203125,
                    0.9422071576118469
                ],
                [
                    183.77208709716797,
                    504.7011260986328,
                    0.8512352705001831
                ],
                [
                    149.44204711914062,
                    506.33587646484375,
                    0.8521885871887207
                ],
                [
                    157.61585998535156,
                    566.8221435546875,
                    0.8745636343955994
                ],
                [
                    190.31114196777344,
                    602.7869873046875,
                    0.8197723031044006
                ],
                [
                    218.1021270751953,
                    503.0663757324219,
                    0.8512352705001831
                ],
                [
                    249.1626434326172,
                    548.8397216796875,
                    0.8464011549949646
                ],
                [
                    275.3188781738281,
                    586.4393310546875,
                    0.8628957271575928
                ],
                [
                    179.68517303466797,
                    596.2479248046875,
                    0.8046346306800842
                ],
                [
                    157.61585998535156,
                    599.5174560546875,
                    0.8146090507507324
                ],
                [
                    203.38925170898438,
                    625.6736450195312,
                    0.8436616659164429
                ],
                [
                    183.77207946777344,
                    694.333740234375,
                    0.8213307857513428
                ],
                [
                    201.75448608398438,
                    592.9783935546875,
                    0.8046346306800842
                ],
                [
                    240.98883056640625,
                    622.4041137695312,
                    0.8527441024780273
                ],
                [
                    209.92831420898438,
                    684.525146484375,
                    0.796195387840271
                ],
                [
                    0.0,
                    0.0,
                    0.0
                ],
                [
                    0.0,
                    0.0,
                    0.0
                ],
                [
                    0.0,
                    0.0,
                    0.0
                ],
                [
                    0.0,
                    0.0,
                    0.0
                ],
                [
                    0.0,
                    0.0,
                    0.0
                ],
                [
                    0.0,
                    0.0,
                    0.0
                ],
                [
                    0.0,
                    0.0,
                    0.0
                ],
                [
                    0.0,
                    0.0,
                    0.0
                ],
                [
                    0.0,
                    0.0,
                    0.0
                ],
                [
                    0.0,
                    0.0,
                    0.0
                ]
            ],
            "isKeyframe": true,
            "area": 98517.34320838843
        }
    ],
    "isKeyframe": false
}