{
    "filename": "images/demo_H2FNV1/000147.jpg",
    "height": 1080,
    "width": 1920,
    "annots": [
        {
            "bbox": [
                770.3815307617188,
                177.1881561279297,
                1150.9603271484375,
                596.02099609375,
                1.0,
                1.0,
                0.0
            ],
            "personID": 0,
            "keypoints": [
                [
                    1104.70947265625,
                    327.1391296386719,
                    1.007957935333252
                ],
                [
                    1037.3152465820312,
                    365.46128845214844,
                    0.6484081745147705
                ],
                [
                    1043.9224853515625,
                    361.4969177246094,
                    0.6484081745147705
                ],
                [
                    1049.2083740234375,
                    298.067138671875,
                    0.973046600818634
                ],
                [
                    1054.494140625,
                    226.70860290527344,
                    0.8533728122711182
                ],
                [
                    1030.7080078125,
                    369.4256591796875,
                    0.7240064740180969
                ],
                [
                    961.9923706054688,
                    295.4242248535156,
                    0.9371328949928284
                ],
                [
                    993.707275390625,
                    213.4940643310547,
                    0.895860493183136
                ],
                [
                    911.777099609375,
                    435.4983673095703,
                    0.5145657658576965
                ],
                [
                    919.705810546875,
                    430.2125549316406,
                    0.5145657658576965
                ],
                [
                    845.704345703125,
                    456.6416320800781,
                    0.4824681282043457
                ],
                [
                    858.9188842773438,
                    546.50048828125,
                    0.610525369644165
                ],
                [
                    903.848388671875,
                    440.7841796875,
                    0.7483870387077332
                ],
                [
                    787.5603637695312,
                    438.1412658691406,
                    0.8899402618408203
                ],
                [
                    832.4898071289062,
                    546.50048828125,
                    0.8001811504364014
                ],
                [
                    0.0,
                    0.0,
                    0.0
                ],
                [
                    0.0,
                    0.0,
                    0.0
                ],
                [
                    0.0,
                    0.0,
                    0.0
                ],
                [
                    0.0,
                    0.0,
                    0.0
                ],
                [
                    0.0,
                    0.0,
                    0.0
                ],
                [
                    0.0,
                    0.0,
                    0.0
                ],
                [
                    0.0,
                    0.0,
                    0.0
                ],
                [
                    0.0,
                    0.0,
                    0.0
                ],
                [
                    0.0,
                    0.0,
                    0.0
                ],
                [
                    0.0,
                    0.0,
                    0.0
                ]
            ],
            "isKeyframe": true,
            "area": 175420.94783383445
        },
        {
            "bbox": [
                51.63317108154297,
                239.6719207763672,
                268.09100341796875,
                552.0556030273438,
                1.0,
                1.0,
                0.0
            ],
            "personID": 1,
            "keypoints": [
                [
                    106.98465728759766,
                    354.37530517578125,
                    0.9091129899024963
                ],
                [
                    126.50862884521484,
                    375.5262908935547,
                    0.7947710156440735
                ],
                [
                    89.08767700195312,
                    377.1532897949219,
                    0.7960839867591858
                ],
                [
                    58.174713134765625,
                    338.1053466796875,
                    0.9142860770225525
                ],
                [
                    64.68270874023438,
                    286.0414123535156,
                    0.9064742922782898
                ],
                [
                    163.92958068847656,
                    373.8992919921875,
                    0.7947710156440735
                ],
                [
                    204.6045379638672,
                    338.1053466796875,
                    0.9129889607429504
                ],
                [
                    194.84254455566406,
                    290.9223937988281,
                    0.872382402420044
                ],
                [
                    169.62408447265625,
                    421.0822296142578,
                    0.621627688407898
                ],
                [
                    152.5406036376953,
                    425.9632263183594,
                    0.7274487614631653
                ],
                [
                    199.72354125976562,
                    430.84423828125,
                    0.7170462608337402
                ],
                [
                    204.6045379638672,
                    518.7021484375,
                    0.8091738224029541
                ],
                [
                    186.7075653076172,
                    416.20123291015625,
                    0.621627688407898
                ],
                [
                    253.4144744873047,
                    435.7252197265625,
                    0.8743869662284851
                ],
                [
                    242.02549743652344,
                    520.3291015625,
                    0.6983013153076172
                ],
                [
                    0.0,
                    0.0,
                    0.0
                ],
                [
                    0.0,
                    0.0,
                    0.0
                ],
                [
                    0.0,
                    0.0,
                    0.0
                ],
                [
                    0.0,
                    0.0,
                    0.0
                ],
                [
                    0.0,
                    0.0,
                    0.0
                ],
                [
                    0.0,
                    0.0,
                    0.0
                ],
                [
                    0.0,
                    0.0,
                    0.0
                ],
                [
                    0.0,
                    0.0,
                    0.0
                ],
                [
                    0.0,
                    0.0,
                    0.0
                ],
                [
                    0.0,
                    0.0,
                    0.0
                ]
            ],
            "isKeyframe": true,
            "area": 97583.56493667909
        }
    ],
    "isKeyframe": false
}