{
    "filename": "images/demo_H2FNV1/000133.jpg",
    "height": 1080,
    "width": 1920,
    "annots": [
        {
            "bbox": [
                821.0156860351562,
                196.46383666992188,
                1087.5904541015625,
                793.2755126953125,
                1.0,
                1.0,
                0.0
            ],
            "personID": 0,
            "keypoints": [
                [
                    1024.241943359375,
                    322.3537902832031,
                    0.9474334716796875
                ],
                [
                    999.3748168945312,
                    390.7384490966797,
                    0.6018773913383484
                ],
                [
                    1008.7000122070312,
                    396.9552307128906,
                    0.6018773913383484
                ],
                [
                    1049.109130859375,
                    313.0285949707031,
                    0.586193323135376
                ],
                [
                    1070.867919921875,
                    337.895751953125,
                    0.6180973649024963
                ],
                [
                    990.0496215820312,
                    384.52166748046875,
                    0.8598527908325195
                ],
                [
                    974.5076904296875,
                    322.3537902832031,
                    0.8965755105018616
                ],
                [
                    1039.783935546875,
                    266.4026794433594,
                    0.9229193925857544
                ],
                [
                    903.0146179199219,
                    502.6406555175781,
                    0.7435564398765564
                ],
                [
                    921.6649780273438,
                    502.6406555175781,
                    0.8144761919975281
                ],
                [
                    896.7977905273438,
                    608.3260498046875,
                    0.9431856870651245
                ],
                [
                    909.2313842773438,
                    707.794677734375,
                    0.848676323890686
                ],
                [
                    884.3642578125,
                    502.6406555175781,
                    0.7435564398765564
                ],
                [
                    847.0634765625,
                    608.3260498046875,
                    0.9565660357475281
                ],
                [
                    868.822265625,
                    726.4450073242188,
                    0.8110336065292358
                ],
                [
                    0.0,
                    0.0,
                    0.0
                ],
                [
                    0.0,
                    0.0,
                    0.0
                ],
                [
                    0.0,
                    0.0,
                    0.0
                ],
                [
                    0.0,
                    0.0,
                    0.0
                ],
                [
                    0.0,
                    0.0,
                    0.0
                ],
                [
                    0.0,
                    0.0,
                    0.0
                ],
                [
                    0.0,
                    0.0,
                    0.0
                ],
                [
                    0.0,
                    0.0,
                    0.0
                ],
                [
                    0.0,
                    0.0,
                    0.0
                ],
                [
                    0.0,
                    0.0,
                    0.0
                ]
            ],
            "isKeyframe": true,
            "area": 356184.1766402358
        },
        {
            "bbox": [
                70.31087493896484,
                286.2930603027344,
                254.8821258544922,
                688.2927856445312,
                1.0,
                1.0,
                0.0
            ],
            "personID": 1,
            "keypoints": [
                [
                    113.3934097290039,
                    356.4336242675781,
                    0.8053700923919678
                ],
                [
                    143.75275802612305,
                    386.7929992675781,
                    0.8661949634552002
                ],
                [
                    115.4871597290039,
                    392.0273742675781,
                    0.8702821135520935
                ],
                [
                    63.14345169067383,
                    352.24615478515625,
                    0.9404126405715942
                ],
                [
                    77.79969024658203,
                    320.83990478515625,
                    0.9087449908256531
                ],
                [
                    172.0183563232422,
                    381.5586242675781,
                    0.8661949634552002
                ],
                [
                    186.6746063232422,
                    341.77740478515625,
                    0.9660581946372986
                ],
                [
                    140.6121368408203,
                    314.5586853027344,
                    0.9182022213935852
                ],
                [
                    196.09646606445312,
                    463.2148132324219,
                    0.8408468961715698
                ],
                [
                    176.2058563232422,
                    467.4023132324219,
                    0.8408468961715698
                ],
                [
                    195.04959106445312,
                    555.3397216796875,
                    0.9045091271400452
                ],
                [
                    184.5808563232422,
                    630.7146606445312,
                    0.8976044058799744
                ],
                [
                    215.98707580566406,
                    459.0273132324219,
                    0.8555998206138611
                ],
                [
                    239.018310546875,
                    551.1522216796875,
                    0.9359200596809387
                ],
                [
                    234.830810546875,
                    632.8084106445312,
                    0.8239345550537109
                ],
                [
                    0.0,
                    0.0,
                    0.0
                ],
                [
                    0.0,
                    0.0,
                    0.0
                ],
                [
                    0.0,
                    0.0,
                    0.0
                ],
                [
                    0.0,
                    0.0,
                    0.0
                ],
                [
                    0.0,
                    0.0,
                    0.0
                ],
                [
                    0.0,
                    0.0,
                    0.0
                ],
                [
                    0.0,
                    0.0,
                    0.0
                ],
                [
                    0.0,
                    0.0,
                    0.0
                ],
                [
                    0.0,
                    0.0,
                    0.0
                ],
                [
                    0.0,
                    0.0,
                    0.0
                ]
            ],
            "isKeyframe": true,
            "area": 161603.77917488012
        }
    ],
    "isKeyframe": false
}