{
    "filename": "images/demo_H2FNV1/000154.jpg",
    "height": 1080,
    "width": 1920,
    "annots": [
        {
            "bbox": [
                786.3031616210938,
                174.4812469482422,
                1134.932861328125,
                474.0626220703125,
                1.0,
                1.0,
                0.0
            ],
            "personID": 0,
            "keypoints": [
                [
                    1116.7750244140625,
                    349.6928405761719,
                    0.9362844228744507
                ],
                [
                    1041.7228393554688,
                    375.11375427246094,
                    0.5810354351997375
                ],
                [
                    1046.56494140625,
                    369.0611572265625,
                    0.5810354351997375
                ],
                [
                    1024.775634765625,
                    308.53515625,
                    0.8973409533500671
                ],
                [
                    998.1441650390625,
                    243.16708374023438,
                    0.9023224711418152
                ],
                [
                    1036.8807373046875,
                    381.1663513183594,
                    0.6088654398918152
                ],
                [
                    947.3023071289062,
                    303.6930847167969,
                    0.8936091065406799
                ],
                [
                    930.3550415039062,
                    221.3777313232422,
                    0.905084490776062
                ],
                [
                    907.3551940917969,
                    429.5871276855469,
                    0.3339163064956665
                ],
                [
                    918.2498779296875,
                    434.42919921875,
                    0.3339163064956665
                ],
                [
                    860.1448974609375,
                    349.6928405761719,
                    0.5951256155967712
                ],
                [
                    818.9872436523438,
                    458.6396179199219,
                    0.6478365063667297
                ],
                [
                    896.4605102539062,
                    424.74505615234375,
                    0.6228790879249573
                ],
                [
                    821.4082641601562,
                    335.1665954589844,
                    0.8828352093696594
                ],
                [
                    797.1978759765625,
                    446.534423828125,
                    0.8408313393592834
                ],
                [
                    0.0,
                    0.0,
                    0.0
                ],
                [
                    0.0,
                    0.0,
                    0.0
                ],
                [
                    0.0,
                    0.0,
                    0.0
                ],
                [
                    0.0,
                    0.0,
                    0.0
                ],
                [
                    0.0,
                    0.0,
                    0.0
                ],
                [
                    0.0,
                    0.0,
                    0.0
                ],
                [
                    0.0,
                    0.0,
                    0.0
                ],
                [
                    0.0,
                    0.0,
                    0.0
                ],
                [
                    0.0,
                    0.0,
                    0.0
                ],
                [
                    0.0,
                    0.0,
                    0.0
                ]
            ],
            "isKeyframe": true,
            "area": 121542.66751781479
        },
        {
            "bbox": [
                51,
                251.576416015625,
                262.7840270996094,
                473,
                1.0,
                1.0,
                0.0
            ],
            "personID": 1,
            "keypoints": [
                [
                    110.56425476074219,
                    365.96502685546875,
                    0.18005286157131195
                ],
                [
                    125.27147674560547,
                    379.93687438964844,
                    0.3116907775402069
                ],
                [
                    85.56196594238281,
                    385.08441162109375,
                    0.6470991969108582
                ],
                [
                    73.79618835449219,
                    342.4334411621094,
                    0.8980024456977844
                ],
                [
                    85.56196594238281,
                    288.0167236328125,
                    0.8860005736351013
                ],
                [
                    164.98098754882812,
                    374.7893371582031,
                    0.3116907775402069
                ],
                [
                    203.2197723388672,
                    340.9627380371094,
                    0.8766453266143799
                ],
                [
                    212.0441131591797,
                    296.841064453125,
                    0.9045678377151489
                ],
                [
                    171.59923553466797,
                    433.6182556152344,
                    0.3470432162284851
                ],
                [
                    154.68592834472656,
                    438.0304260253906,
                    0.6115013360977173
                ],
                [
                    175.2760467529297,
                    363.0235595703125,
                    0.8036332726478577
                ],
                [
                    206.16122436523438,
                    445.384033203125,
                    0.8322896957397461
                ],
                [
                    188.51254272460938,
                    429.2060852050781,
                    0.3470432162284851
                ],
                [
                    232.6342315673828,
                    368.9064636230469,
                    0.819283127784729
                ],
                [
                    239.9878387451172,
                    448.3254699707031,
                    0.8252069354057312
                ],
                [
                    0.0,
                    0.0,
                    0.0
                ],
                [
                    0.0,
                    0.0,
                    0.0
                ],
                [
                    0.0,
                    0.0,
                    0.0
                ],
                [
                    0.0,
                    0.0,
                    0.0
                ],
                [
                    0.0,
                    0.0,
                    0.0
                ],
                [
                    0.0,
                    0.0,
                    0.0
                ],
                [
                    0.0,
                    0.0,
                    0.0
                ],
                [
                    0.0,
                    0.0,
                    0.0
                ],
                [
                    0.0,
                    0.0,
                    0.0
                ],
                [
                    0.0,
                    0.0,
                    0.0
                ]
            ],
            "isKeyframe": true,
            "area": 45196.4009804884
        }
    ],
    "isKeyframe": false
}