{
    "filename": "images/demo_H2FNV1/000104.jpg",
    "height": 1080,
    "width": 1920,
    "annots": [
        {
            "bbox": [
                796.51123046875,
                432.12158203125,
                1000.6884155273438,
                847.11376953125,
                1.0,
                1.0,
                0.0
            ],
            "personID": 0,
            "keypoints": [
                [
                    875.9049682617188,
                    476.4306335449219,
                    0.9549549221992493
                ],
                [
                    921.2947387695312,
                    541.273193359375,
                    0.8334543704986572
                ],
                [
                    953.7160034179688,
                    534.7889404296875,
                    0.8500732779502869
                ],
                [
                    854.290771484375,
                    599.6314697265625,
                    0.0
                ],
                [
                    865.097900390625,
                    614.7613525390625,
                    0.0
                ],
                [
                    888.8734741210938,
                    547.7574462890625,
                    0.8334543704986572
                ],
                [
                    826.1923828125,
                    612.5999755859375,
                    0.8150182962417603
                ],
                [
                    789.4482421875,
                    645.021240234375,
                    0.6669100522994995
                ],
                [
                    965.6037902832031,
                    687.1688842773438,
                    0.6462433338165283
                ],
                [
                    986.1372680664062,
                    683.9267578125,
                    0.6462433338165283
                ],
                [
                    895.3577270507812,
                    709.86376953125,
                    0.6617963910102844
                ],
                [
                    932.101806640625,
                    807.1275634765625,
                    0.791136622428894
                ],
                [
                    945.0703125,
                    690.4110107421875,
                    0.7321702837944031
                ],
                [
                    843.4837036132812,
                    709.86376953125,
                    0.9054866433143616
                ],
                [
                    895.3577270507812,
                    811.4503784179688,
                    0.8042191863059998
                ],
                [
                    0.0,
                    0.0,
                    0.0
                ],
                [
                    0.0,
                    0.0,
                    0.0
                ],
                [
                    0.0,
                    0.0,
                    0.0
                ],
                [
                    0.0,
                    0.0,
                    0.0
                ],
                [
                    0.0,
                    0.0,
                    0.0
                ],
                [
                    0.0,
                    0.0,
                    0.0
                ],
                [
                    0.0,
                    0.0,
                    0.0
                ],
                [
                    0.0,
                    0.0,
                    0.0
                ],
                [
                    0.0,
                    0.0,
                    0.0
                ],
                [
                    0.0,
                    0.0,
                    0.0
                ]
            ],
            "isKeyframe": true,
            "area": 172218.51568603516
        },
        {
            "bbox": [
                123.36485290527344,
                417.136474609375,
                271.44232177734375,
                728.1543579101562,
                1.0,
                1.0,
                0.0
            ],
            "personID": 1,
            "keypoints": [
                [
                    194.97377014160156,
                    453.5838317871094,
                    0.9486287832260132
                ],
                [
                    181.20475006103516,
                    502.99034118652344,
                    0.8393604159355164
                ],
                [
                    146.37722778320312,
                    505.420166015625,
                    0.8393604159355164
                ],
                [
                    157.71641540527344,
                    558.8763427734375,
                    0.86051344871521
                ],
                [
                    185.25445556640625,
                    584.7944946289062,
                    0.7478174567222595
                ],
                [
                    216.0322723388672,
                    500.5605163574219,
                    0.8581874370574951
                ],
                [
                    246.81008911132812,
                    541.0576171875,
                    0.8667978048324585
                ],
                [
                    284.06744384765625,
                    575.0751953125,
                    0.8628032803535461
                ],
                [
                    176.3450927734375,
                    590.4641418457031,
                    0.8040890693664551
                ],
                [
                    152.8567657470703,
                    594.5138549804688,
                    0.8040890693664551
                ],
                [
                    199.8334197998047,
                    625.2916259765625,
                    0.9113577604293823
                ],
                [
                    182.0146942138672,
                    693.3267822265625,
                    0.8295807838439941
                ],
                [
                    199.8334197998047,
                    586.4144287109375,
                    0.8343173265457153
                ],
                [
                    241.95042419433594,
                    622.0518798828125,
                    0.9212706685066223
                ],
                [
                    209.552734375,
                    683.6074829101562,
                    0.8086593151092529
                ],
                [
                    0.0,
                    0.0,
                    0.0
                ],
                [
                    0.0,
                    0.0,
                    0.0
                ],
                [
                    0.0,
                    0.0,
                    0.0
                ],
                [
                    0.0,
                    0.0,
                    0.0
                ],
                [
                    0.0,
                    0.0,
                    0.0
                ],
                [
                    0.0,
                    0.0,
                    0.0
                ],
                [
                    0.0,
                    0.0,
                    0.0
                ],
                [
                    0.0,
                    0.0,
                    0.0
                ],
                [
                    0.0,
                    0.0,
                    0.0
                ],
                [
                    0.0,
                    0.0,
                    0.0
                ]
            ],
            "isKeyframe": true,
            "area": 96732.12373289838
        }
    ],
    "isKeyframe": false
}