{
    "filename": "images/demo_H2FNV1/000167.jpg",
    "height": 1080,
    "width": 1920,
    "annots": [
        {
            "bbox": [
                792.9976806640625,
                188.28846740722656,
                1126.3275146484375,
                472.26361083984375,
                1.0,
                1.0,
                0.0
            ],
            "personID": 0,
            "keypoints": [
                [
                    1103.86767578125,
                    412.0780334472656,
                    0.8917195796966553
                ],
                [
                    1029.5109558105469,
                    407.5022277832031,
                    0.5750726461410522
                ],
                [
                    1039.8065185546875,
                    398.3506164550781,
                    0.5750726461410522
                ],
                [
                    989.47265625,
                    350.3047180175781,
                    0.8530287742614746
                ],
                [
                    959.7299194335938,
                    277.0918884277344,
                    0.6138166189193726
                ],
                [
                    1019.2153930664062,
                    416.6538391113281,
                    0.6803240776062012
                ],
                [
                    939.1388549804688,
                    350.3047180175781,
                    0.7514939308166504
                ],
                [
                    920.8356323242188,
                    272.5160827636719,
                    0.5150059461593628
                ],
                [
                    886.51708984375,
                    397.20668029785156,
                    0.2059941440820694
                ],
                [
                    895.668701171875,
                    389.19903564453125,
                    0.2059941440820694
                ],
                [
                    950.578369140625,
                    288.5313720703125,
                    0.3346550166606903
                ],
                [
                    827.0316772460938,
                    283.95556640625,
                    0.25948676466941833
                ],
                [
                    877.365478515625,
                    405.2143249511719,
                    0.6086680293083191
                ],
                [
                    929.9872436523438,
                    281.6676940917969,
                    0.3228254020214081
                ],
                [
                    829.319580078125,
                    281.6676940917969,
                    0.6089348196983337
                ],
                [
                    1108.4434814453125,
                    418.9417419433594,
                    0.0
                ],
                [
                    1097.0040283203125,
                    423.5175476074219,
                    0.0
                ],
                [
                    1060.3975830078125,
                    441.82073974609375,
                    0.0
                ],
                [
                    1067.2613525390625,
                    441.82073974609375,
                    0.0
                ],
                [
                    0.0,
                    0.0,
                    0.0
                ],
                [
                    0.0,
                    0.0,
                    0.0
                ],
                [
                    0.0,
                    0.0,
                    0.0
                ],
                [
                    0.0,
                    0.0,
                    0.0
                ],
                [
                    0.0,
                    0.0,
                    0.0
                ],
                [
                    0.0,
                    0.0,
                    0.0
                ]
            ],
            "isKeyframe": true,
            "area": 111108.778224051
        },
        {
            "bbox": [
                43,
                256,
                267,
                472,
                0,
                0,
                1
            ],
            "personID": 1,
            "keypoints": [
                [
                    98.19295501708984,
                    403.0074462890625,
                    0.14433610439300537
                ],
                [
                    124.31795501708984,
                    426.9553527832031,
                    0.1288461983203888
                ],
                [
                    95.29017639160156,
                    410.2643737792969,
                    0.22471773624420166
                ],
                [
                    90.9360122680664,
                    371.0768737792969,
                    0.7856917977333069
                ],
                [
                    111.25545501708984,
                    323.1810607910156,
                    0.7405515313148499
                ],
                [
                    153.34573364257812,
                    443.6463317871094,
                    0.1288461983203888
                ],
                [
                    207.047119140625,
                    366.72271728515625,
                    0.21751442551612854
                ],
                [
                    185.2762908935547,
                    339.1463317871094,
                    0.15221771597862244
                ],
                [
                    167.859619140625,
                    408.81298828125,
                    0.28086036443710327
                ],
                [
                    143.18600463867188,
                    410.2643737792969,
                    0.28086036443710327
                ],
                [
                    127.22073364257812,
                    333.34075927734375,
                    0.5565459728240967
                ],
                [
                    156.24850463867188,
                    314.47271728515625,
                    0.25427913665771484
                ],
                [
                    192.53323364257812,
                    407.3616027832031,
                    0.4593339264392853
                ],
                [
                    180.922119140625,
                    344.9518737792969,
                    0.22653710842132568
                ],
                [
                    196.8874053955078,
                    339.1463317871094,
                    0.40557390451431274
                ],
                [
                    49.57142639160156,
                    222.3095245361328,
                    0.0
                ],
                [
                    49.57142639160156,
                    222.3095245361328,
                    0.0
                ],
                [
                    49.57142639160156,
                    222.3095245361328,
                    0.0
                ],
                [
                    49.57142639160156,
                    222.3095245361328,
                    0.0
                ],
                [
                    0.0,
                    0.0,
                    0.0
                ],
                [
                    0.0,
                    0.0,
                    0.0
                ],
                [
                    0.0,
                    0.0,
                    0.0
                ],
                [
                    0.0,
                    0.0,
                    0.0
                ],
                [
                    0.0,
                    0.0,
                    0.0
                ],
                [
                    0.0,
                    0.0,
                    0.0
                ]
            ],
            "isKeyframe": false
        }
    ],
    "isKeyframe": false
}