{
    "filename": "images/demo_H2FNV1/000176.jpg",
    "height": 1080,
    "width": 1920,
    "annots": [
        {
            "bbox": [
                41,
                237,
                235,
                503,
                0,
                0,
                1
            ],
            "personID": 1,
            "keypoints": [
                [
                    124.32603454589844,
                    482.40106201171875,
                    0.29510214924812317
                ],
                [
                    133.43958282470703,
                    445.245849609375,
                    0.22210779786109924
                ],
                [
                    107.50103759765625,
                    440.33856201171875,
                    0.47024205327033997
                ],
                [
                    86.46977996826172,
                    392.667724609375,
                    0.8417754173278809
                ],
                [
                    92.07811737060547,
                    349.203125,
                    0.5207242369651794
                ],
                [
                    159.3781280517578,
                    450.15313720703125,
                    0.22210779786109924
                ],
                [
                    181.81146240234375,
                    381.4510498046875,
                    0.001268956926651299
                ],
                [
                    197.234375,
                    349.203125,
                    0.003047152189537883
                ],
                [
                    167.08958435058594,
                    376.5437469482422,
                    0.15309113264083862
                ],
                [
                    136.94479370117188,
                    377.2447814941406,
                    0.15309113264083862
                ],
                [
                    110.3051986694336,
                    359.0177001953125,
                    0.5159965753555298
                ],
                [
                    121.52186584472656,
                    307.140625,
                    0.7013186812400818
                ],
                [
                    197.234375,
                    375.84271240234375,
                    0.3346838355064392
                ],
                [
                    159.3781280517578,
                    342.1927185058594,
                    0.24344496428966522
                ],
                [
                    164.98646545410156,
                    308.5426940917969,
                    0.6750472784042358
                ],
                [
                    39.49998474121094,
                    246.1499786376953,
                    0.0
                ],
                [
                    39.49998474121094,
                    246.1499786376953,
                    0.0
                ],
                [
                    39.49998474121094,
                    246.1499786376953,
                    0.0
                ],
                [
                    39.49998474121094,
                    246.1499786376953,
                    0.0
                ],
                [
                    0.0,
                    0.0,
                    0.0
                ],
                [
                    0.0,
                    0.0,
                    0.0
                ],
                [
                    0.0,
                    0.0,
                    0.0
                ],
                [
                    0.0,
                    0.0,
                    0.0
                ],
                [
                    0.0,
                    0.0,
                    0.0
                ],
                [
                    0.0,
                    0.0,
                    0.0
                ]
            ],
            "isKeyframe": false
        },
        {
            "bbox": [
                802,
                158,
                1097,
                563,
                0,
                0,
                1
            ],
            "personID": 0,
            "keypoints": [
                [
                    1057.226318359375,
                    491.5080261230469,
                    0.6686198711395264
                ],
                [
                    1007.8342895507812,
                    451.3769989013672,
                    0.6531999111175537
                ],
                [
                    1022.2402954101562,
                    440.0579833984375,
                    0.7170948386192322
                ],
                [
                    997.5442504882812,
                    374.2019348144531,
                    0.8705563545227051
                ],
                [
                    1014.00830078125,
                    318.6358947753906,
                    0.6756751537322998
                ],
                [
                    993.4282836914062,
                    462.6960144042969,
                    0.6531999111175537
                ],
                [
                    927.5722045898438,
                    380.3759460449219,
                    0.8730592131614685
                ],
                [
                    972.8482666015625,
                    326.867919921875,
                    0.6766974925994873
                ],
                [
                    872.0061340332031,
                    355.679931640625,
                    0.2846522927284241
                ],
                [
                    876.1221313476562,
                    341.27392578125,
                    0.2846522927284241
                ],
                [
                    1007.8342895507812,
                    318.6358947753906,
                    0.6941433548927307
                ],
                [
                    909.0501708984375,
                    252.77984619140625,
                    0.18587695062160492
                ],
                [
                    867.89013671875,
                    370.0859375,
                    0.5488873720169067
                ],
                [
                    995.4862670898438,
                    318.6358947753906,
                    0.42373284697532654
                ],
                [
                    898.7601928710938,
                    254.8378448486328,
                    0.42043769359588623
                ],
                [
                    807.1790771484375,
                    165.3147735595703,
                    0.0
                ],
                [
                    807.1790771484375,
                    165.3147735595703,
                    0.0
                ],
                [
                    807.1790771484375,
                    165.3147735595703,
                    0.0
                ],
                [
                    807.1790771484375,
                    165.3147735595703,
                    0.0
                ],
                [
                    0.0,
                    0.0,
                    0.0
                ],
                [
                    0.0,
                    0.0,
                    0.0
                ],
                [
                    0.0,
                    0.0,
                    0.0
                ],
                [
                    0.0,
                    0.0,
                    0.0
                ],
                [
                    0.0,
                    0.0,
                    0.0
                ],
                [
                    0.0,
                    0.0,
                    0.0
                ]
            ],
            "isKeyframe": false
        }
    ],
    "isKeyframe": false
}