{
    "filename": "images/demo_H2FNV1/000182.jpg",
    "height": 1080,
    "width": 1920,
    "annots": [
        {
            "bbox": [
                827,
                183,
                1086,
                607,
                0,
                0,
                1
            ],
            "personID": 0,
            "keypoints": [
                [
                    1014.0494995117188,
                    537.9400634765625,
                    0.7852972745895386
                ],
                [
                    963.0104370117188,
                    487.9869689941406,
                    0.12777051329612732
                ],
                [
                    966.2682495117188,
                    487.9869689941406,
                    0.12777051329612732
                ],
                [
                    994.5026245117188,
                    407.6275939941406,
                    0.06294487416744232
                ],
                [
                    1005.3619995117188,
                    372.8775939941406,
                    0.15230344235897064
                ],
                [
                    959.7526245117188,
                    487.9869689941406,
                    0.6626287698745728
                ],
                [
                    920.6588745117188,
                    403.2838439941406,
                    0.8757249116897583
                ],
                [
                    983.6432495117188,
                    372.8775939941406,
                    0.6995781660079956
                ],
                [
                    884.8229370117188,
                    333.7838439941406,
                    0.29094287753105164
                ],
                [
                    892.4244995117188,
                    314.2369689941406,
                    0.3095678687095642
                ],
                [
                    1022.7369995117188,
                    355.5025939941406,
                    0.17694967985153198
                ],
                [
                    968.4401245117188,
                    266.4557189941406,
                    0.20048415660858154
                ],
                [
                    877.2213745117188,
                    353.3307189941406,
                    0.29094287753105164
                ],
                [
                    1001.0182495117188,
                    348.9869689941406,
                    0.2466619908809662
                ],
                [
                    953.2369995117188,
                    264.2838439941406,
                    0.48775503039360046
                ],
                [
                    802.2916870117188,
                    180.66665649414062,
                    0.0
                ],
                [
                    802.2916870117188,
                    180.66665649414062,
                    0.0
                ],
                [
                    802.2916870117188,
                    180.66665649414062,
                    0.0
                ],
                [
                    802.2916870117188,
                    180.66665649414062,
                    0.0
                ],
                [
                    0.0,
                    0.0,
                    0.0
                ],
                [
                    0.0,
                    0.0,
                    0.0
                ],
                [
                    0.0,
                    0.0,
                    0.0
                ],
                [
                    0.0,
                    0.0,
                    0.0
                ],
                [
                    0.0,
                    0.0,
                    0.0
                ],
                [
                    0.0,
                    0.0,
                    0.0
                ]
            ],
            "isKeyframe": false
        },
        {
            "bbox": [
                48,
                255,
                232,
                532,
                0,
                0,
                1
            ],
            "personID": 1,
            "keypoints": [
                [
                    138.8125,
                    517.3958129882812,
                    0.569050133228302
                ],
                [
                    153.39583587646484,
                    456.1458435058594,
                    0.4658519923686981
                ],
                [
                    119.85417175292969,
                    460.5208435058594,
                    0.6153566241264343
                ],
                [
                    86.31250762939453,
                    403.6458435058594,
                    0.3923988342285156
                ],
                [
                    87.77083587646484,
                    396.3541564941406,
                    0.3035653233528137
                ],
                [
                    186.9375,
                    451.7708435058594,
                    0.4658519923686981
                ],
                [
                    207.3541717529297,
                    389.0625,
                    0.6575061082839966
                ],
                [
                    184.02084350585938,
                    389.0625,
                    0.034814007580280304
                ],
                [
                    159.2291717529297,
                    363.5416717529297,
                    0.11180269718170166
                ],
                [
                    137.3541717529297,
                    362.8125,
                    0.11180269718170166
                ],
                [
                    100.89583587646484,
                    384.6875,
                    0.5423907041549683
                ],
                [
                    103.81250762939453,
                    320.5208435058594,
                    0.7059266567230225
                ],
                [
                    181.1041717529297,
                    364.2708435058594,
                    0.49017542600631714
                ],
                [
                    159.2291717529297,
                    365.7291564941406,
                    0.09363480657339096
                ],
                [
                    140.27084350585938,
                    316.1458435058594,
                    0.6023187637329102
                ],
                [
                    30.166671752929688,
                    260.0,
                    0.0
                ],
                [
                    30.166671752929688,
                    260.0,
                    0.0
                ],
                [
                    30.166671752929688,
                    260.0,
                    0.0
                ],
                [
                    30.166671752929688,
                    260.0,
                    0.0
                ],
                [
                    0.0,
                    0.0,
                    0.0
                ],
                [
                    0.0,
                    0.0,
                    0.0
                ],
                [
                    0.0,
                    0.0,
                    0.0
                ],
                [
                    0.0,
                    0.0,
                    0.0
                ],
                [
                    0.0,
                    0.0,
                    0.0
                ],
                [
                    0.0,
                    0.0,
                    0.0
                ]
            ],
            "isKeyframe": false
        }
    ],
    "isKeyframe": false
}