{
    "filename": "images/demo_H2FNV1/000183.jpg",
    "height": 1080,
    "width": 1920,
    "annots": [
        {
            "bbox": [
                817,
                190,
                1072,
                603,
                0,
                0,
                1
            ],
            "personID": 0,
            "keypoints": [
                [
                    1007.0816040039062,
                    539.435791015625,
                    0.6874752640724182
                ],
                [
                    955.3316040039062,
                    488.7638854980469,
                    0.18261019885540009
                ],
                [
                    959.6441040039062,
                    485.5295104980469,
                    0.18261019885540009
                ],
                [
                    991.9878540039062,
                    388.4982604980469,
                    0.073490671813488
                ],
                [
                    1026.48779296875,
                    360.4670104980469,
                    0.0828191488981247
                ],
                [
                    951.0191040039062,
                    491.9982604980469,
                    0.6776478886604309
                ],
                [
                    920.8316040039062,
                    407.9045104980469,
                    0.9150229096412659
                ],
                [
                    985.5191040039062,
                    379.8732604980469,
                    0.7882142663002014
                ],
                [
                    887.4097290039062,
                    330.2795104980469,
                    0.2634655237197876
                ],
                [
                    894.9566040039062,
                    317.3420104980469,
                    0.3665049076080322
                ],
                [
                    1026.48779296875,
                    366.9357604980469,
                    0.2103864997625351
                ],
                [
                    981.2066040039062,
                    276.3732604980469,
                    0.2587580680847168
                ],
                [
                    879.8628540039062,
                    343.2170104980469,
                    0.2634655237197876
                ],
                [
                    998.4566040039062,
                    371.2482604980469,
                    0.27827200293540955
                ],
                [
                    957.4878540039062,
                    269.9045104980469,
                    0.44600778818130493
                ],
                [
                    805.4722290039062,
                    186.88888549804688,
                    0.0
                ],
                [
                    805.4722290039062,
                    186.88888549804688,
                    0.0
                ],
                [
                    805.4722290039062,
                    186.88888549804688,
                    0.0
                ],
                [
                    805.4722290039062,
                    186.88888549804688,
                    0.0
                ],
                [
                    0.0,
                    0.0,
                    0.0
                ],
                [
                    0.0,
                    0.0,
                    0.0
                ],
                [
                    0.0,
                    0.0,
                    0.0
                ],
                [
                    0.0,
                    0.0,
                    0.0
                ],
                [
                    0.0,
                    0.0,
                    0.0
                ],
                [
                    0.0,
                    0.0,
                    0.0
                ]
            ],
            "isKeyframe": false
        },
        {
            "bbox": [
                41,
                258,
                235,
                540,
                0,
                0,
                1
            ],
            "personID": 1,
            "keypoints": [
                [
                    145.46701049804688,
                    519.328125,
                    0.5257399678230286
                ],
                [
                    152.74131774902344,
                    460.40623474121094,
                    0.4227459728717804
                ],
                [
                    120.734375,
                    464.04339599609375,
                    0.6130898594856262
                ],
                [
                    85.81771087646484,
                    404.3940734863281,
                    0.5110507011413574
                ],
                [
                    85.81771087646484,
                    395.6649169921875,
                    0.43277856707572937
                ],
                [
                    184.74826049804688,
                    456.7690734863281,
                    0.4227459728717804
                ],
                [
                    208.0260467529297,
                    391.3003234863281,
                    0.5971331596374512
                ],
                [
                    165.83506774902344,
                    382.5711669921875,
                    0.07800168544054031
                ],
                [
                    161.47048950195312,
                    359.2933807373047,
                    0.0584690198302269
                ],
                [
                    142.5572967529297,
                    365.1128234863281,
                    0.0584690198302269
                ],
                [
                    100.36631774902344,
                    388.390625,
                    0.48425957560539246
                ],
                [
                    101.82118225097656,
                    324.3767395019531,
                    0.6375802159309387
                ],
                [
                    180.38368225097656,
                    353.47393798828125,
                    0.3905370235443115
                ],
                [
                    125.09896087646484,
                    376.7517395019531,
                    0.051121316850185394
                ],
                [
                    138.1927032470703,
                    315.6475524902344,
                    0.601179301738739
                ],
                [
                    29.805557250976562,
                    264.0,
                    0.0
                ],
                [
                    29.805557250976562,
                    264.0,
                    0.0
                ],
                [
                    29.805557250976562,
                    264.0,
                    0.0
                ],
                [
                    29.805557250976562,
                    264.0,
                    0.0
                ],
                [
                    0.0,
                    0.0,
                    0.0
                ],
                [
                    0.0,
                    0.0,
                    0.0
                ],
                [
                    0.0,
                    0.0,
                    0.0
                ],
                [
                    0.0,
                    0.0,
                    0.0
                ],
                [
                    0.0,
                    0.0,
                    0.0
                ],
                [
                    0.0,
                    0.0,
                    0.0
                ]
            ],
            "isKeyframe": false
        }
    ],
    "isKeyframe": false
}