{
    "filename": "images/demo_H2FNV1/000126.jpg",
    "height": 1080,
    "width": 1920,
    "annots": [
        {
            "bbox": [
                820.8268432617188,
                230.4100341796875,
                1043.890869140625,
                851.4510498046875,
                1.0,
                1.0,
                0.0
            ],
            "personID": 0,
            "keypoints": [
                [
                    976.0258178710938,
                    351.70709228515625,
                    0.9276627898216248
                ],
                [
                    967.9393615722656,
                    418.01617431640625,
                    0.6749035120010376
                ],
                [
                    988.9641723632812,
                    426.1026611328125,
                    0.6749035120010376
                ],
                [
                    998.66796875,
                    335.5341796875,
                    0.9734545350074768
                ],
                [
                    1011.6063232421875,
                    287.01531982421875,
                    0.847693920135498
                ],
                [
                    946.91455078125,
                    409.9296875,
                    0.7767797112464905
                ],
                [
                    924.2723999023438,
                    338.76873779296875,
                    0.8575044870376587
                ],
                [
                    992.1987915039062,
                    274.07696533203125,
                    0.8795202970504761
                ],
                [
                    922.6551208496094,
                    578.1282958984375,
                    0.7849771976470947
                ],
                [
                    946.91455078125,
                    578.1282958984375,
                    0.7849771976470947
                ],
                [
                    904.8648681640625,
                    675.1659545898438,
                    0.9531750679016113
                ],
                [
                    927.5070190429688,
                    778.6727905273438,
                    0.8760555386543274
                ],
                [
                    898.3956909179688,
                    578.1282958984375,
                    0.8410112261772156
                ],
                [
                    849.8768920898438,
                    681.6351318359375,
                    0.9277749061584473
                ],
                [
                    891.926513671875,
                    798.080322265625,
                    0.8363589644432068
                ],
                [
                    0.0,
                    0.0,
                    0.0
                ],
                [
                    0.0,
                    0.0,
                    0.0
                ],
                [
                    0.0,
                    0.0,
                    0.0
                ],
                [
                    0.0,
                    0.0,
                    0.0
                ],
                [
                    0.0,
                    0.0,
                    0.0
                ],
                [
                    0.0,
                    0.0,
                    0.0
                ],
                [
                    0.0,
                    0.0,
                    0.0
                ],
                [
                    0.0,
                    0.0,
                    0.0
                ],
                [
                    0.0,
                    0.0,
                    0.0
                ],
                [
                    0.0,
                    0.0,
                    0.0
                ]
            ],
            "isKeyframe": true,
            "area": 385691.9430885315
        },
        {
            "bbox": [
                89.4651107788086,
                303.5377197265625,
                248.71932983398438,
                716.7784423828125,
                1.0,
                1.0,
                0.0
            ],
            "personID": 1,
            "keypoints": [
                [
                    142.18853759765625,
                    367.0304260253906,
                    0.77879399061203
                ],
                [
                    161.55918884277344,
                    410.0763397216797,
                    0.8758172988891602
                ],
                [
                    135.7316436767578,
                    418.6855163574219,
                    0.8759139776229858
                ],
                [
                    90.53343963623047,
                    364.8781433105469,
                    0.9032022953033447
                ],
                [
                    90.53343963623047,
                    326.1368103027344,
                    0.9397158026695251
                ],
                [
                    187.38673400878906,
                    401.4671630859375,
                    0.8758172988891602
                ],
                [
                    195.99591064453125,
                    351.96435546875,
                    0.9719836711883545
                ],
                [
                    148.64541625976562,
                    321.8322448730469,
                    0.916140615940094
                ],
                [
                    197.0720672607422,
                    515.538818359375,
                    0.8504350781440735
                ],
                [
                    176.62525939941406,
                    517.6911010742188,
                    0.8789361715316772
                ],
                [
                    195.99591064453125,
                    601.630615234375,
                    0.8966962695121765
                ],
                [
                    185.23443603515625,
                    681.2655639648438,
                    0.8358559608459473
                ],
                [
                    217.5188751220703,
                    513.3865356445312,
                    0.8504350781440735
                ],
                [
                    241.19412231445312,
                    597.3260498046875,
                    0.9039311408996582
                ],
                [
                    217.5188751220703,
                    672.6563720703125,
                    0.8849788904190063
                ],
                [
                    0.0,
                    0.0,
                    0.0
                ],
                [
                    0.0,
                    0.0,
                    0.0
                ],
                [
                    0.0,
                    0.0,
                    0.0
                ],
                [
                    0.0,
                    0.0,
                    0.0
                ],
                [
                    0.0,
                    0.0,
                    0.0
                ],
                [
                    0.0,
                    0.0,
                    0.0
                ],
                [
                    0.0,
                    0.0,
                    0.0
                ],
                [
                    0.0,
                    0.0,
                    0.0
                ],
                [
                    0.0,
                    0.0,
                    0.0
                ],
                [
                    0.0,
                    0.0,
                    0.0
                ]
            ],
            "isKeyframe": true,
            "area": 170767.89486145973
        }
    ],
    "isKeyframe": false
}