{
    "filename": "images/demo_H2FNV1/000173.jpg",
    "height": 1080,
    "width": 1920,
    "annots": [
        {
            "bbox": [
                827.759765625,
                182.72288513183594,
                1093.108154296875,
                508.6739196777344,
                1.0,
                1.0,
                0.0
            ],
            "personID": 0,
            "keypoints": [
                [
                    1078.34033203125,
                    460.6282653808594,
                    0.7864629030227661
                ],
                [
                    1015.7084655761719,
                    435.9862365722656,
                    0.6408298015594482
                ],
                [
                    1031.1097412109375,
                    423.66522216796875,
                    0.7038750648498535
                ],
                [
                    994.1466674804688,
                    364.1136169433594,
                    0.7758906483650208
                ],
                [
                    992.0932006835938,
                    298.4014892578125,
                    0.5377269983291626
                ],
                [
                    1000.3071899414062,
                    448.3072509765625,
                    0.6408298015594482
                ],
                [
                    930.4880981445312,
                    368.2206115722656,
                    0.8851887583732605
                ],
                [
                    961.2906494140625,
                    298.4014892578125,
                    0.5916699171066284
                ],
                [
                    867.8562622070312,
                    373.35438537597656,
                    0.28754886984825134
                ],
                [
                    864.7760009765625,
                    362.06011962890625,
                    0.28754886984825134
                ],
                [
                    990.0396728515625,
                    304.56201171875,
                    0.6342293620109558
                ],
                [
                    879.1505126953125,
                    255.27792358398438,
                    0.18140672147274017
                ],
                [
                    870.9365234375,
                    384.6486511230469,
                    0.5712718367576599
                ],
                [
                    967.451171875,
                    298.4014892578125,
                    0.40964949131011963
                ],
                [
                    872.989990234375,
                    255.27792358398438,
                    0.40544894337654114
                ],
                [
                    810.358154296875,
                    153.62950134277344,
                    0.0
                ],
                [
                    810.358154296875,
                    153.62950134277344,
                    0.0
                ],
                [
                    810.358154296875,
                    153.62950134277344,
                    0.0
                ],
                [
                    810.358154296875,
                    153.62950134277344,
                    0.0
                ],
                [
                    0.0,
                    0.0,
                    0.0
                ],
                [
                    0.0,
                    0.0,
                    0.0
                ],
                [
                    0.0,
                    0.0,
                    0.0
                ],
                [
                    0.0,
                    0.0,
                    0.0
                ],
                [
                    0.0,
                    0.0,
                    0.0
                ],
                [
                    0.0,
                    0.0,
                    0.0
                ]
            ],
            "isKeyframe": true,
            "area": 106244.07692154148
        },
        {
            "bbox": [
                58,
                250,
                242,
                490,
                0,
                0,
                1
            ],
            "personID": 1,
            "keypoints": [
                [
                    128.89373779296875,
                    470.3979187011719,
                    0.16360527276992798
                ],
                [
                    132.4666633605957,
                    435.3833312988281,
                    0.19333334267139435
                ],
                [
                    96.02291107177734,
                    430.3812561035156,
                    0.42983630299568176
                ],
                [
                    88.87708282470703,
                    384.6479187011719,
                    0.8557723760604858
                ],
                [
                    101.73957824707031,
                    334.6270751953125,
                    0.7796075940132141
                ],
                [
                    168.91041564941406,
                    440.3854064941406,
                    0.19333334267139435
                ],
                [
                    211.785400390625,
                    373.2145690917969,
                    0.11252355575561523
                ],
                [
                    180.34373474121094,
                    334.6270751953125,
                    0.08937608450651169
                ],
                [
                    166.76666259765625,
                    384.6479187011719,
                    0.1069735512137413
                ],
                [
                    137.46875,
                    381.7895812988281,
                    0.1069735512137413
                ],
                [
                    117.46041107177734,
                    343.20208740234375,
                    0.43692734837532043
                ],
                [
                    133.18124389648438,
                    303.1854248046875,
                    0.5699750185012817
                ],
                [
                    196.0645751953125,
                    387.5062561035156,
                    0.30215010046958923
                ],
                [
                    164.62290954589844,
                    336.0562438964844,
                    0.23138515651226044
                ],
                [
                    177.48541259765625,
                    316.04791259765625,
                    0.49121198058128357
                ],
                [
                    41.0,
                    235.3000030517578,
                    0.0
                ],
                [
                    41.0,
                    235.3000030517578,
                    0.0
                ],
                [
                    41.0,
                    235.3000030517578,
                    0.0
                ],
                [
                    41.0,
                    235.3000030517578,
                    0.0
                ],
                [
                    0.0,
                    0.0,
                    0.0
                ],
                [
                    0.0,
                    0.0,
                    0.0
                ],
                [
                    0.0,
                    0.0,
                    0.0
                ],
                [
                    0.0,
                    0.0,
                    0.0
                ],
                [
                    0.0,
                    0.0,
                    0.0
                ],
                [
                    0.0,
                    0.0,
                    0.0
                ]
            ],
            "isKeyframe": false
        }
    ],
    "isKeyframe": false
}