{
    "filename": "images/demo_H2FNV1/000151.jpg",
    "height": 1080,
    "width": 1920,
    "annots": [
        {
            "bbox": [
                780.0423583984375,
                162.90992736816406,
                1117.19091796875,
                521.2593383789062,
                1.0,
                1.0,
                0.0
            ],
            "personID": 0,
            "keypoints": [
                [
                    1112.50830078125,
                    337.40203857421875,
                    0.7435118556022644
                ],
                [
                    1039.927734375,
                    370.18035888671875,
                    0.6260578036308289
                ],
                [
                    1043.439697265625,
                    373.69232177734375,
                    0.626606285572052
                ],
                [
                    1038.757080078125,
                    301.11175537109375,
                    0.9307509660720825
                ],
                [
                    1024.709228515625,
                    235.55506896972656,
                    0.8835030198097229
                ],
                [
                    1036.415771484375,
                    366.66839599609375,
                    0.6260578036308289
                ],
                [
                    952.1286010742188,
                    294.0877990722656,
                    0.9158384203910828
                ],
                [
                    956.8112182617188,
                    214.48329162597656,
                    0.8835231065750122
                ],
                [
                    914.6676635742188,
                    441.5903015136719,
                    0.4768505096435547
                ],
                [
                    926.3742065429688,
                    453.2968444824219,
                    0.4768505096435547
                ],
                [
                    844.4283447265625,
                    450.9555358886719,
                    0.48661383986473083
                ],
                [
                    835.0631103515625,
                    511.82958984375,
                    0.46982356905937195
                ],
                [
                    902.9611206054688,
                    429.8837585449219,
                    0.6108197569847107
                ],
                [
                    797.6021728515625,
                    385.3988952636719,
                    0.8527796864509583
                ],
                [
                    816.3326416015625,
                    504.8056640625,
                    0.8125450611114502
                ],
                [
                    0.0,
                    0.0,
                    0.0
                ],
                [
                    0.0,
                    0.0,
                    0.0
                ],
                [
                    0.0,
                    0.0,
                    0.0
                ],
                [
                    0.0,
                    0.0,
                    0.0
                ],
                [
                    0.0,
                    0.0,
                    0.0
                ],
                [
                    0.0,
                    0.0,
                    0.0
                ],
                [
                    0.0,
                    0.0,
                    0.0
                ],
                [
                    0.0,
                    0.0,
                    0.0
                ],
                [
                    0.0,
                    0.0,
                    0.0
                ],
                [
                    0.0,
                    0.0,
                    0.0
                ]
            ],
            "isKeyframe": true,
            "area": 128414.30037174583
        },
        {
            "bbox": [
                54.74991226196289,
                238.48728942871094,
                269.5847473144531,
                515.7024536132812,
                1.0,
                1.0,
                0.0
            ],
            "personID": 1,
            "keypoints": [
                [
                    104.72884368896484,
                    359.9378967285156,
                    0.9357332587242126
                ],
                [
                    125.61557006835938,
                    376.34889221191406,
                    0.48055633902549744
                ],
                [
                    86.82594299316406,
                    379.33270263671875,
                    0.7655369639396667
                ],
                [
                    65.93922424316406,
                    337.55926513671875,
                    0.9299450516700745
                ],
                [
                    71.9068603515625,
                    283.8505554199219,
                    0.9221578240394592
                ],
                [
                    164.4051971435547,
                    373.3650817871094,
                    0.48055633902549744
                ],
                [
                    206.1786346435547,
                    337.55926513671875,
                    0.9017743468284607
                ],
                [
                    206.1786346435547,
                    291.3100891113281,
                    0.8716016411781311
                ],
                [
                    172.61068725585938,
                    435.27928161621094,
                    0.6179057359695435
                ],
                [
                    152.4699249267578,
                    437.51715087890625,
                    0.6179057359695435
                ],
                [
                    189.76763916015625,
                    389.77606201171875,
                    0.7929812073707581
                ],
                [
                    206.1786346435547,
                    480.7825012207031,
                    0.6738511323928833
                ],
                [
                    192.75144958496094,
                    433.0414123535156,
                    0.6666797995567322
                ],
                [
                    243.47634887695312,
                    401.7113342285156,
                    0.881965160369873
                ],
                [
                    243.47634887695312,
                    491.2258605957031,
                    0.7431239485740662
                ],
                [
                    0.0,
                    0.0,
                    0.0
                ],
                [
                    0.0,
                    0.0,
                    0.0
                ],
                [
                    0.0,
                    0.0,
                    0.0
                ],
                [
                    0.0,
                    0.0,
                    0.0
                ],
                [
                    0.0,
                    0.0,
                    0.0
                ],
                [
                    0.0,
                    0.0,
                    0.0
                ],
                [
                    0.0,
                    0.0,
                    0.0
                ],
                [
                    0.0,
                    0.0,
                    0.0
                ],
                [
                    0.0,
                    0.0,
                    0.0
                ],
                [
                    0.0,
                    0.0,
                    0.0
                ]
            ],
            "isKeyframe": true,
            "area": 76848.24725387827
        }
    ],
    "isKeyframe": false
}