{
    "filename": "images/demo_H2FNV1/000145.jpg",
    "height": 1080,
    "width": 1920,
    "annots": [
        {
            "bbox": [
                773.490966796875,
                180.55291748046875,
                1154.11328125,
                613.9161987304688,
                1.0,
                1.0,
                0.0
            ],
            "personID": 0,
            "keypoints": [
                [
                    1099.927490234375,
                    324.5462646484375,
                    1.0370887517929077
                ],
                [
                    1029.8824157714844,
                    372.1240539550781,
                    0.6184394955635071
                ],
                [
                    1039.1336669921875,
                    372.1240539550781,
                    0.6184394955635071
                ],
                [
                    1057.6361083984375,
                    306.0437927246094,
                    0.9666076898574829
                ],
                [
                    1070.8521728515625,
                    234.67710876464844,
                    0.898729145526886
                ],
                [
                    1020.6311645507812,
                    372.1240539550781,
                    0.7799184918403625
                ],
                [
                    967.7669677734375,
                    295.470947265625,
                    0.9362931251525879
                ],
                [
                    1012.7015380859375,
                    224.10426330566406,
                    0.9161293506622314
                ],
                [
                    908.294677734375,
                    447.45556640625,
                    0.5955256819725037
                ],
                [
                    922.8323364257812,
                    451.4203796386719,
                    0.5955256819725037
                ],
                [
                    848.8224487304688,
                    491.06854248046875,
                    0.8467733860015869
                ],
                [
                    877.8977661132812,
                    570.3648681640625,
                    0.7892590165138245
                ],
                [
                    893.7570190429688,
                    443.4907531738281,
                    0.7744739651679993
                ],
                [
                    785.3854370117188,
                    472.5660705566406,
                    0.8452956676483154
                ],
                [
                    846.1792602539062,
                    580.9376831054688,
                    0.7556599974632263
                ],
                [
                    0.0,
                    0.0,
                    0.0
                ],
                [
                    0.0,
                    0.0,
                    0.0
                ],
                [
                    0.0,
                    0.0,
                    0.0
                ],
                [
                    0.0,
                    0.0,
                    0.0
                ],
                [
                    0.0,
                    0.0,
                    0.0
                ],
                [
                    0.0,
                    0.0,
                    0.0
                ],
                [
                    0.0,
                    0.0,
                    0.0
                ],
                [
                    0.0,
                    0.0,
                    0.0
                ],
                [
                    0.0,
                    0.0,
                    0.0
                ],
                [
                    0.0,
                    0.0,
                    0.0
                ]
            ],
            "isKeyframe": true,
            "area": 187803.7335357666
        },
        {
            "bbox": [
                51.122615814208984,
                247.39466857910156,
                270.02557373046875,
                581.9619140625,
                1.0,
                1.0,
                0.0
            ],
            "personID": 1,
            "keypoints": [
                [
                    105.68415832519531,
                    354.56072998046875,
                    0.7812224626541138
                ],
                [
                    128.3371467590332,
                    374.59991455078125,
                    0.735027015209198
                ],
                [
                    93.48639678955078,
                    377.2137145996094,
                    0.8117048144340515
                ],
                [
                    53.40803527832031,
                    338.8778991699219,
                    0.9261703491210938
                ],
                [
                    63.863258361816406,
                    291.8293762207031,
                    0.9036628603935242
                ],
                [
                    163.18789672851562,
                    371.9861145019531,
                    0.735027015209198
                ],
                [
                    203.26626586914062,
                    337.1353454589844,
                    0.9498589038848877
                ],
                [
                    185.8408966064453,
                    293.5719299316406,
                    0.8942189812660217
                ],
                [
                    175.3856658935547,
                    417.2920837402344,
                    0.6923531293869019
                ],
                [
                    161.4453582763672,
                    424.2622375488281,
                    0.7306079864501953
                ],
                [
                    199.78118896484375,
                    460.85552978515625,
                    0.7541494369506836
                ],
                [
                    199.78118896484375,
                    541.0122680664062,
                    0.7646076679229736
                ],
                [
                    189.3259735107422,
                    410.3219299316406,
                    0.6923531293869019
                ],
                [
                    255.54238891601562,
                    460.85552978515625,
                    0.8431472182273865
                ],
                [
                    241.6020965576172,
                    541.0122680664062,
                    0.6634106040000916
                ],
                [
                    0.0,
                    0.0,
                    0.0
                ],
                [
                    0.0,
                    0.0,
                    0.0
                ],
                [
                    0.0,
                    0.0,
                    0.0
                ],
                [
                    0.0,
                    0.0,
                    0.0
                ],
                [
                    0.0,
                    0.0,
                    0.0
                ],
                [
                    0.0,
                    0.0,
                    0.0
                ],
                [
                    0.0,
                    0.0,
                    0.0
                ],
                [
                    0.0,
                    0.0,
                    0.0
                ],
                [
                    0.0,
                    0.0,
                    0.0
                ],
                [
                    0.0,
                    0.0,
                    0.0
                ]
            ],
            "isKeyframe": true,
            "area": 111935.24175034859
        }
    ],
    "isKeyframe": false
}