{
    "filename": "images/demo_H2FNV1/000180.jpg",
    "height": 1080,
    "width": 1920,
    "annots": [
        {
            "bbox": [
                830,
                178,
                1070,
                585,
                0,
                0,
                1
            ],
            "personID": 0,
            "keypoints": [
                [
                    1026.1571044921875,
                    530.6362915039062,
                    0.7197967767715454
                ],
                [
                    987.6024169921875,
                    472.25347900390625,
                    0.15499527752399445
                ],
                [
                    1006.3289794921875,
                    460.13629150390625,
                    0.15499527752399445
                ],
                [
                    1006.3289794921875,
                    396.24566650390625,
                    0.15260152518749237
                ],
                [
                    1019.5477294921875,
                    363.19879150390625,
                    0.0704694390296936
                ],
                [
                    968.8758544921875,
                    484.37066650390625,
                    0.7022517323493958
                ],
                [
                    922.6102294921875,
                    398.44879150390625,
                    0.8933824300765991
                ],
                [
                    977.6883544921875,
                    363.19879150390625,
                    0.661212682723999
                ],
                [
                    880.7508544921875,
                    341.16754150390625,
                    0.3061261475086212
                ],
                [
                    887.3602294921875,
                    321.33941650390625,
                    0.3061261475086212
                ],
                [
                    1019.5477294921875,
                    343.37066650390625,
                    0.2215082049369812
                ],
                [
                    955.6571044921875,
                    261.85504150390625,
                    0.35796016454696655
                ],
                [
                    874.1414794921875,
                    360.99566650390625,
                    0.40471571683883667
                ],
                [
                    1015.1414794921875,
                    354.38629150390625,
                    0.4662204682826996
                ],
                [
                    940.2352294921875,
                    259.65191650390625,
                    0.6076050996780396
                ],
                [
                    795.9305419921875,
                    168.22222900390625,
                    0.0
                ],
                [
                    795.9305419921875,
                    168.22222900390625,
                    0.0
                ],
                [
                    795.9305419921875,
                    168.22222900390625,
                    0.0
                ],
                [
                    795.9305419921875,
                    168.22222900390625,
                    0.0
                ],
                [
                    0.0,
                    0.0,
                    0.0
                ],
                [
                    0.0,
                    0.0,
                    0.0
                ],
                [
                    0.0,
                    0.0,
                    0.0
                ],
                [
                    0.0,
                    0.0,
                    0.0
                ],
                [
                    0.0,
                    0.0,
                    0.0
                ],
                [
                    0.0,
                    0.0,
                    0.0
                ]
            ],
            "isKeyframe": false
        },
        {
            "bbox": [
                42,
                250,
                234,
                538,
                0,
                0,
                1
            ],
            "personID": 1,
            "keypoints": [
                [
                    137.12152099609375,
                    510.62152099609375,
                    0.2698357403278351
                ],
                [
                    147.37847137451172,
                    453.4756774902344,
                    0.5488579273223877
                ],
                [
                    113.67707824707031,
                    454.9409484863281,
                    0.556723952293396
                ],
                [
                    87.30207824707031,
                    400.7256774902344,
                    0.8254435062408447
                ],
                [
                    85.83679962158203,
                    365.55902099609375,
                    0.06757961213588715
                ],
                [
                    181.07986450195312,
                    452.0104064941406,
                    0.5488579273223877
                ],
                [
                    208.92013549804688,
                    383.1423645019531,
                    0.5704297423362732
                ],
                [
                    167.89236450195312,
                    381.67706298828125,
                    0.02297080121934414
                ],
                [
                    162.76388549804688,
                    361.89581298828125,
                    0.38297536969184875
                ],
                [
                    138.58680725097656,
                    361.1631774902344,
                    0.38297536969184875
                ],
                [
                    101.9548568725586,
                    374.3506774902344,
                    0.8809231519699097
                ],
                [
                    109.28125,
                    315.73956298828125,
                    0.7445845603942871
                ],
                [
                    186.9409637451172,
                    362.6284484863281,
                    0.49122676253318787
                ],
                [
                    160.5659637451172,
                    358.2326354980469,
                    0.3702278733253479
                ],
                [
                    147.3784637451172,
                    308.4131774902344,
                    0.7493785619735718
                ],
                [
                    30.888885498046875,
                    251.99998474121094,
                    0.0
                ],
                [
                    30.888885498046875,
                    251.99998474121094,
                    0.0
                ],
                [
                    30.888885498046875,
                    251.99998474121094,
                    0.0
                ],
                [
                    30.888885498046875,
                    251.99998474121094,
                    0.0
                ],
                [
                    0.0,
                    0.0,
                    0.0
                ],
                [
                    0.0,
                    0.0,
                    0.0
                ],
                [
                    0.0,
                    0.0,
                    0.0
                ],
                [
                    0.0,
                    0.0,
                    0.0
                ],
                [
                    0.0,
                    0.0,
                    0.0
                ],
                [
                    0.0,
                    0.0,
                    0.0
                ]
            ],
            "isKeyframe": false
        }
    ],
    "isKeyframe": false
}