{
    "filename": "images/demo_H2FNV1/000116.jpg",
    "height": 1080,
    "width": 1920,
    "annots": [
        {
            "bbox": [
                814.5867309570312,
                325.74578857421875,
                1004.8726806640625,
                844.1173095703125,
                1.0,
                1.0,
                0.0
            ],
            "personID": 0,
            "keypoints": [
                [
                    927.2787475585938,
                    408.09124755859375,
                    0.9010077118873596
                ],
                [
                    942.1279296875,
                    482.337158203125,
                    0.7925542593002319
                ],
                [
                    965.07666015625,
                    480.98724365234375,
                    0.7925542593002319
                ],
                [
                    911.0796508789062,
                    408.09124755859375,
                    0.8825246691703796
                ],
                [
                    894.8805541992188,
                    351.39434814453125,
                    0.9247069954872131
                ],
                [
                    919.17919921875,
                    483.68707275390625,
                    0.846827507019043
                ],
                [
                    843.5833740234375,
                    426.9902038574219,
                    0.8892664909362793
                ],
                [
                    851.6829223632812,
                    343.2947998046875,
                    0.8629299402236938
                ],
                [
                    959.6769714355469,
                    649.7279663085938,
                    0.7619055509567261
                ],
                [
                    978.575927734375,
                    648.3780517578125,
                    0.768827497959137
                ],
                [
                    892.1807250976562,
                    702.3750610351562,
                    0.8236206769943237
                ],
                [
                    932.678466796875,
                    802.2695922851562,
                    0.8895555734634399
                ],
                [
                    940.7780151367188,
                    651.077880859375,
                    0.7619055509567261
                ],
                [
                    843.5833740234375,
                    705.0748901367188,
                    0.9482772946357727
                ],
                [
                    897.5803833007812,
                    807.6692504882812,
                    0.8433284163475037
                ],
                [
                    0.0,
                    0.0,
                    0.0
                ],
                [
                    0.0,
                    0.0,
                    0.0
                ],
                [
                    0.0,
                    0.0,
                    0.0
                ],
                [
                    0.0,
                    0.0,
                    0.0
                ],
                [
                    0.0,
                    0.0,
                    0.0
                ],
                [
                    0.0,
                    0.0,
                    0.0
                ],
                [
                    0.0,
                    0.0,
                    0.0
                ],
                [
                    0.0,
                    0.0,
                    0.0
                ],
                [
                    0.0,
                    0.0,
                    0.0
                ],
                [
                    0.0,
                    0.0,
                    0.0
                ]
            ],
            "isKeyframe": true,
            "area": 268709.03377980366
        },
        {
            "bbox": [
                109.7785415649414,
                347.9197998046875,
                262.4141845703125,
                748.5261840820312,
                1.0,
                1.0,
                0.0
            ],
            "personID": 1,
            "keypoints": [
                [
                    166.2747039794922,
                    426.16326904296875,
                    0.7113635540008545
                ],
                [
                    170.44768524169922,
                    460.5903778076172,
                    0.8662685751914978
                ],
                [
                    141.23680114746094,
                    463.7201232910156,
                    0.8662685751914978
                ],
                [
                    130.80435180664062,
                    417.8172912597656,
                    0.7514953017234802
                ],
                [
                    162.10171508789062,
                    367.74151611328125,
                    0.8574883937835693
                ],
                [
                    199.6585693359375,
                    457.46063232421875,
                    0.8687308430671692
                ],
                [
                    235.12892150878906,
                    413.6443176269531,
                    0.9413152933120728
                ],
                [
                    214.26400756835938,
                    367.74151611328125,
                    0.8446502685546875
                ],
                [
                    188.182861328125,
                    565.9581909179688,
                    0.8369595408439636
                ],
                [
                    168.36119079589844,
                    568.044677734375,
                    0.8369595408439636
                ],
                [
                    199.6585693359375,
                    620.2069702148438,
                    0.924314558506012
                ],
                [
                    182.96664428710938,
                    691.147705078125,
                    0.887972354888916
                ],
                [
                    208.00453186035156,
                    563.8717041015625,
                    0.8813896179199219
                ],
                [
                    243.47488403320312,
                    620.2069702148438,
                    0.9121770858764648
                ],
                [
                    212.17752075195312,
                    682.8016967773438,
                    0.8235786557197571
                ],
                [
                    0.0,
                    0.0,
                    0.0
                ],
                [
                    0.0,
                    0.0,
                    0.0
                ],
                [
                    0.0,
                    0.0,
                    0.0
                ],
                [
                    0.0,
                    0.0,
                    0.0
                ],
                [
                    0.0,
                    0.0,
                    0.0
                ],
                [
                    0.0,
                    0.0,
                    0.0
                ],
                [
                    0.0,
                    0.0,
                    0.0
                ],
                [
                    0.0,
                    0.0,
                    0.0
                ],
                [
                    0.0,
                    0.0,
                    0.0
                ],
                [
                    0.0,
                    0.0,
                    0.0
                ]
            ],
            "isKeyframe": true,
            "area": 160485.4751237668
        }
    ],
    "isKeyframe": false
}