{
    "filename": "images/demo_H2FNV1/000101.jpg",
    "height": 1080,
    "width": 1920,
    "annots": [
        {
            "bbox": [
                791.409912109375,
                435.3221740722656,
                998.8187866210938,
                847.0714721679688,
                1.0,
                1.0,
                0.0
            ],
            "personID": 0,
            "keypoints": [
                [
                    866.1632690429688,
                    483.57403564453125,
                    0.935989499092102
                ],
                [
                    915.4873962402344,
                    548.9821472167969,
                    0.829541802406311
                ],
                [
                    949.7998657226562,
                    541.476318359375,
                    0.8520530462265015
                ],
                [
                    879.0303955078125,
                    635.8355102539062,
                    0.39987871050834656
                ],
                [
                    861.8742065429688,
                    614.3902587890625,
                    0.49646466970443726
                ],
                [
                    881.1749267578125,
                    556.4879760742188,
                    0.829541802406311
                ],
                [
                    849.0070190429688,
                    642.2691040039062,
                    0.7955397963523865
                ],
                [
                    810.405517578125,
                    698.02685546875,
                    0.8201656341552734
                ],
                [
                    964.8115539550781,
                    688.37646484375,
                    0.6472699046134949
                ],
                [
                    986.2568359375,
                    685.15966796875,
                    0.6675012707710266
                ],
                [
                    889.7530517578125,
                    698.02685546875,
                    0.6951284408569336
                ],
                [
                    932.6436157226562,
                    807.3977661132812,
                    0.7512717247009277
                ],
                [
                    943.3662719726562,
                    691.59326171875,
                    0.6472699046134949
                ],
                [
                    842.5734252929688,
                    706.6049194335938,
                    0.8969960808753967
                ],
                [
                    896.1866455078125,
                    813.8313598632812,
                    0.8114002346992493
                ],
                [
                    0.0,
                    0.0,
                    0.0
                ],
                [
                    0.0,
                    0.0,
                    0.0
                ],
                [
                    0.0,
                    0.0,
                    0.0
                ],
                [
                    0.0,
                    0.0,
                    0.0
                ],
                [
                    0.0,
                    0.0,
                    0.0
                ],
                [
                    0.0,
                    0.0,
                    0.0
                ],
                [
                    0.0,
                    0.0,
                    0.0
                ],
                [
                    0.0,
                    0.0,
                    0.0
                ],
                [
                    0.0,
                    0.0,
                    0.0
                ],
                [
                    0.0,
                    0.0,
                    0.0
                ]
            ],
            "isKeyframe": true,
            "area": 169537.4844823042
        },
        {
            "bbox": [
                125.40829467773438,
                423.6651611328125,
                270.244873046875,
                721.3646240234375,
                1.0,
                1.0,
                0.0
            ],
            "personID": 1,
            "keypoints": [
                [
                    200.15235900878906,
                    458.55181884765625,
                    0.9428578615188599
                ],
                [
                    184.64717864990234,
                    508.94366455078125,
                    0.8337528705596924
                ],
                [
                    148.98526000976562,
                    511.2694396972656,
                    0.8337528705596924
                ],
                [
                    152.0863037109375,
                    579.4922485351562,
                    0.8841871619224548
                ],
                [
                    184.64718627929688,
                    610.5025634765625,
                    0.6484217047691345
                ],
                [
                    220.30909729003906,
                    506.6178894042969,
                    0.856684684753418
                ],
                [
                    246.66790771484375,
                    559.3355102539062,
                    0.8914243578910828
                ],
                [
                    273.0267028808594,
                    604.300537109375,
                    0.8041990995407104
                ],
                [
                    181.546142578125,
                    594.9974060058594,
                    0.6875318288803101
                ],
                [
                    161.389404296875,
                    598.0984497070312,
                    0.6875318288803101
                ],
                [
                    200.15235900878906,
                    624.457275390625,
                    0.8817833662033081
                ],
                [
                    183.09666442871094,
                    689.5789794921875,
                    0.8031863570213318
                ],
                [
                    201.702880859375,
                    591.8963623046875,
                    0.8413654565811157
                ],
                [
                    242.01634216308594,
                    621.356201171875,
                    0.8717613220214844
                ],
                [
                    211.0059814453125,
                    684.9274291992188,
                    0.8085564970970154
                ],
                [
                    0.0,
                    0.0,
                    0.0
                ],
                [
                    0.0,
                    0.0,
                    0.0
                ],
                [
                    0.0,
                    0.0,
                    0.0
                ],
                [
                    0.0,
                    0.0,
                    0.0
                ],
                [
                    0.0,
                    0.0,
                    0.0
                ],
                [
                    0.0,
                    0.0,
                    0.0
                ],
                [
                    0.0,
                    0.0,
                    0.0
                ],
                [
                    0.0,
                    0.0,
                    0.0
                ],
                [
                    0.0,
                    0.0,
                    0.0
                ],
                [
                    0.0,
                    0.0,
                    0.0
                ]
            ],
            "isKeyframe": true,
            "area": 88624.97020536661
        }
    ],
    "isKeyframe": false
}