{
    "filename": "images/demo_H2FNV1/000159.jpg",
    "height": 1080,
    "width": 1920,
    "annots": [
        {
            "bbox": [
                746.5845947265625,
                186.20936584472656,
                1125.4970703125,
                460.89434814453125,
                1.0,
                1.0,
                0.0
            ],
            "personID": 0,
            "keypoints": [
                [
                    1111.024658203125,
                    364.33758544921875,
                    0.76219242811203
                ],
                [
                    1038.6629638671875,
                    390.6509704589844,
                    0.5815941691398621
                ],
                [
                    1042.6099853515625,
                    395.91363525390625,
                    0.5815941691398621
                ],
                [
                    1008.402587890625,
                    316.9735412597656,
                    0.8837764859199524
                ],
                [
                    971.5639038085938,
                    261.7154541015625,
                    0.902297854423523
                ],
                [
                    1034.7159423828125,
                    385.3883056640625,
                    0.7526508569717407
                ],
                [
                    939.9878540039062,
                    311.71087646484375,
                    0.8882889151573181
                ],
                [
                    905.7804565429688,
                    245.9274444580078,
                    0.9237262010574341
                ],
                [
                    908.4118041992188,
                    423.54266357421875,
                    0.42199817299842834
                ],
                [
                    921.5684814453125,
                    422.22698974609375,
                    0.42199817299842834
                ],
                [
                    905.7804565429688,
                    314.3421936035156,
                    0.8803054094314575
                ],
                [
                    790.0016479492188,
                    388.0196228027344,
                    0.5434017777442932
                ],
                [
                    895.255126953125,
                    424.85833740234375,
                    0.6805453896522522
                ],
                [
                    858.4163818359375,
                    303.8168640136719,
                    0.9179965853691101
                ],
                [
                    782.107666015625,
                    388.0196228027344,
                    0.8467810750007629
                ],
                [
                    0.0,
                    0.0,
                    0.0
                ],
                [
                    0.0,
                    0.0,
                    0.0
                ],
                [
                    0.0,
                    0.0,
                    0.0
                ],
                [
                    0.0,
                    0.0,
                    0.0
                ],
                [
                    0.0,
                    0.0,
                    0.0
                ],
                [
                    0.0,
                    0.0,
                    0.0
                ],
                [
                    0.0,
                    0.0,
                    0.0
                ],
                [
                    0.0,
                    0.0,
                    0.0
                ],
                [
                    0.0,
                    0.0,
                    0.0
                ],
                [
                    0.0,
                    0.0,
                    0.0
                ]
            ],
            "isKeyframe": true,
            "area": 143574.66415466368
        },
        {
            "bbox": [
                56,
                261.24603271484375,
                265.7511901855469,
                456,
                1.0,
                1.0,
                0.0
            ],
            "personID": 1,
            "keypoints": [
                [
                    94.60003662109375,
                    368.0909423828125,
                    0.8480784893035889
                ],
                [
                    110.62269592285156,
                    378.2871856689453,
                    0.27872800827026367
                ],
                [
                    81.49058532714844,
                    385.5702209472656,
                    0.6468160152435303
                ],
                [
                    84.40379333496094,
                    353.52490234375,
                    0.8578142523765564
                ],
                [
                    98.96985626220703,
                    301.08709716796875,
                    0.906256914138794
                ],
                [
                    139.7548065185547,
                    371.004150390625,
                    0.27872800827026367
                ],
                [
                    198.01904296875,
                    353.52490234375,
                    0.73639976978302
                ],
                [
                    209.67189025878906,
                    309.82672119140625,
                    0.9258983135223389
                ],
                [
                    173.98504638671875,
                    426.3551788330078,
                    0.6595382690429688
                ],
                [
                    152.8642578125,
                    423.44195556640625,
                    0.6595382690429688
                ],
                [
                    157.2340850830078,
                    334.5890197753906,
                    0.908412516117096
                ],
                [
                    198.01904296875,
                    384.1136169433594,
                    0.7559574842453003
                ],
                [
                    195.1058349609375,
                    429.2684020996094,
                    0.6889765858650208
                ],
                [
                    215.49830627441406,
                    341.8720397949219,
                    0.8454980850219727
                ],
                [
                    238.8040008544922,
                    397.2230529785156,
                    0.8193091154098511
                ],
                [
                    0.0,
                    0.0,
                    0.0
                ],
                [
                    0.0,
                    0.0,
                    0.0
                ],
                [
                    0.0,
                    0.0,
                    0.0
                ],
                [
                    0.0,
                    0.0,
                    0.0
                ],
                [
                    0.0,
                    0.0,
                    0.0
                ],
                [
                    0.0,
                    0.0,
                    0.0
                ],
                [
                    0.0,
                    0.0,
                    0.0
                ],
                [
                    0.0,
                    0.0,
                    0.0
                ],
                [
                    0.0,
                    0.0,
                    0.0
                ],
                [
                    0.0,
                    0.0,
                    0.0
                ]
            ],
            "isKeyframe": true,
            "area": 39106.31172414892
        }
    ],
    "isKeyframe": false
}