{
    "filename": "images/demo_H2FNV1/000149.jpg",
    "height": 1080,
    "width": 1920,
    "annots": [
        {
            "bbox": [
                770.42041015625,
                163.8217315673828,
                1144.837158203125,
                584.4642333984375,
                1.0,
                1.0,
                0.0
            ],
            "personID": 0,
            "keypoints": [
                [
                    1107.135498046875,
                    328.6409606933594,
                    0.990944504737854
                ],
                [
                    1039.532470703125,
                    366.3426513671875,
                    0.6353092193603516
                ],
                [
                    1044.732666015625,
                    370.2428283691406,
                    0.6353092193603516
                ],
                [
                    1044.732666015625,
                    297.4395751953125,
                    0.9841004610061646
                ],
                [
                    1044.732666015625,
                    229.8365478515625,
                    0.8615384101867676
                ],
                [
                    1034.332275390625,
                    362.4424743652344,
                    0.7623612880706787
                ],
                [
                    958.9288330078125,
                    294.8394470214844,
                    0.9442968368530273
                ],
                [
                    982.3298950195312,
                    211.6357421875,
                    0.9383794665336609
                ],
                [
                    906.926513671875,
                    448.24632263183594,
                    0.47839245200157166
                ],
                [
                    922.5272216796875,
                    458.64678955078125,
                    0.47839245200157166
                ],
                [
                    813.3223266601562,
                    419.6450500488281,
                    0.5150102972984314
                ],
                [
                    854.9241943359375,
                    521.049560546875,
                    0.7626146078109741
                ],
                [
                    891.3258056640625,
                    437.8458557128906,
                    0.7073334455490112
                ],
                [
                    787.3211669921875,
                    419.6450500488281,
                    0.9179046750068665
                ],
                [
                    826.3229370117188,
                    528.8499145507812,
                    0.7564000487327576
                ],
                [
                    0.0,
                    0.0,
                    0.0
                ],
                [
                    0.0,
                    0.0,
                    0.0
                ],
                [
                    0.0,
                    0.0,
                    0.0
                ],
                [
                    0.0,
                    0.0,
                    0.0
                ],
                [
                    0.0,
                    0.0,
                    0.0
                ],
                [
                    0.0,
                    0.0,
                    0.0
                ],
                [
                    0.0,
                    0.0,
                    0.0
                ],
                [
                    0.0,
                    0.0,
                    0.0
                ],
                [
                    0.0,
                    0.0,
                    0.0
                ],
                [
                    0.0,
                    0.0,
                    0.0
                ]
            ],
            "isKeyframe": true,
            "area": 176940.11434668885
        },
        {
            "bbox": [
                51.171234130859375,
                240.83059692382812,
                270.1312561035156,
                548.615478515625,
                1.0,
                1.0,
                0.0
            ],
            "personID": 1,
            "keypoints": [
                [
                    103.74311065673828,
                    353.8453369140625,
                    0.7548093795776367
                ],
                [
                    125.38423156738281,
                    377.0895233154297,
                    0.6989269256591797
                ],
                [
                    86.10960388183594,
                    381.0971374511719,
                    0.7330248951911926
                ],
                [
                    60.46086883544922,
                    339.4179382324219,
                    0.901957631111145
                ],
                [
                    66.87305450439453,
                    284.91436767578125,
                    0.9076687693595886
                ],
                [
                    164.6588592529297,
                    373.0819091796875,
                    0.6989269256591797
                ],
                [
                    203.1319580078125,
                    337.81488037109375,
                    0.8421229720115662
                ],
                [
                    199.92587280273438,
                    291.3265686035156,
                    0.8821885585784912
                ],
                [
                    168.66647338867188,
                    422.7763214111328,
                    0.5818201899528503
                ],
                [
                    150.2314453125,
                    429.1885070800781,
                    0.6270431876182556
                ],
                [
                    193.51368713378906,
                    421.17327880859375,
                    0.6667370200157166
                ],
                [
                    204.73501586914062,
                    504.53167724609375,
                    0.8303043246269226
                ],
                [
                    187.10150146484375,
                    416.3641357421875,
                    0.5818201899528503
                ],
                [
                    251.2233428955078,
                    425.982421875,
                    0.8398445248603821
                ],
                [
                    243.20811462402344,
                    510.94384765625,
                    0.6419908404350281
                ],
                [
                    0.0,
                    0.0,
                    0.0
                ],
                [
                    0.0,
                    0.0,
                    0.0
                ],
                [
                    0.0,
                    0.0,
                    0.0
                ],
                [
                    0.0,
                    0.0,
                    0.0
                ],
                [
                    0.0,
                    0.0,
                    0.0
                ],
                [
                    0.0,
                    0.0,
                    0.0
                ],
                [
                    0.0,
                    0.0,
                    0.0
                ],
                [
                    0.0,
                    0.0,
                    0.0
                ],
                [
                    0.0,
                    0.0,
                    0.0
                ],
                [
                    0.0,
                    0.0,
                    0.0
                ]
            ],
            "isKeyframe": true,
            "area": 94731.53333647642
        }
    ],
    "isKeyframe": false
}