{
    "filename": "images/demo_H2FNV1/000114.jpg",
    "height": 1080,
    "width": 1920,
    "annots": [
        {
            "bbox": [
                805.9487915039062,
                348.718994140625,
                1002.4158935546875,
                855.5194702148438,
                1.0,
                1.0,
                0.0
            ],
            "personID": 0,
            "keypoints": [
                [
                    916.0604858398438,
                    418.6680603027344,
                    0.8780116438865662
                ],
                [
                    938.4969787597656,
                    499.1754150390625,
                    0.8194289207458496
                ],
                [
                    963.5730590820312,
                    495.2160339355469,
                    0.8194289207458496
                ],
                [
                    894.94384765625,
                    437.1451416015625,
                    0.8701653480529785
                ],
                [
                    860.6292114257812,
                    392.2721862792969,
                    0.840570867061615
                ],
                [
                    913.4208984375,
                    503.1347961425781,
                    0.8385348320007324
                ],
                [
                    826.3145751953125,
                    458.2618408203125,
                    0.9024200439453125
                ],
                [
                    821.035400390625,
                    384.35345458984375,
                    0.7750261425971985
                ],
                [
                    959.6136779785156,
                    660.1901550292969,
                    0.725770890712738
                ],
                [
                    979.4105834960938,
                    656.2307739257812,
                    0.725770890712738
                ],
                [
                    887.0250854492188,
                    693.1849975585938,
                    0.7414723038673401
                ],
                [
                    934.53759765625,
                    801.407958984375,
                    0.8771121501922607
                ],
                [
                    939.8167724609375,
                    664.1495361328125,
                    0.7773200273513794
                ],
                [
                    842.152099609375,
                    706.3828735351562,
                    0.9305195212364197
                ],
                [
                    900.2230224609375,
                    811.96630859375,
                    0.8339304327964783
                ],
                [
                    0.0,
                    0.0,
                    0.0
                ],
                [
                    0.0,
                    0.0,
                    0.0
                ],
                [
                    0.0,
                    0.0,
                    0.0
                ],
                [
                    0.0,
                    0.0,
                    0.0
                ],
                [
                    0.0,
                    0.0,
                    0.0
                ],
                [
                    0.0,
                    0.0,
                    0.0
                ],
                [
                    0.0,
                    0.0,
                    0.0
                ],
                [
                    0.0,
                    0.0,
                    0.0
                ],
                [
                    0.0,
                    0.0,
                    0.0
                ],
                [
                    0.0,
                    0.0,
                    0.0
                ]
            ],
            "isKeyframe": true,
            "area": 256846.72254905477
        },
        {
            "bbox": [
                113.2187728881836,
                375.21551513671875,
                263.3602600097656,
                741.7364501953125,
                1.0,
                1.0,
                0.0
            ],
            "personID": 1,
            "keypoints": [
                [
                    175.88125610351562,
                    431.5298767089844,
                    0.8962880373001099
                ],
                [
                    170.15436553955078,
                    471.61810302734375,
                    0.8707494735717773
                ],
                [
                    141.51991271972656,
                    473.5270690917969,
                    0.8863133192062378
                ],
                [
                    135.79302978515625,
                    467.8001708984375,
                    0.7794621586799622
                ],
                [
                    156.7916259765625,
                    431.5298767089844,
                    0.542131781578064
                ],
                [
                    198.788818359375,
                    469.7091369628906,
                    0.8707494735717773
                ],
                [
                    240.7860107421875,
                    442.9836730957031,
                    0.8786678910255432
                ],
                [
                    235.0591278076172,
                    387.62371826171875,
                    0.7815251350402832
                ],
                [
                    185.4260711669922,
                    576.6111145019531,
                    0.8652344346046448
                ],
                [
                    164.42747497558594,
                    578.5200805664062,
                    0.8652344346046448
                ],
                [
                    200.69778442382812,
                    622.4262084960938,
                    0.9443676471710205
                ],
                [
                    183.51710510253906,
                    689.2399291992188,
                    0.8339263200759888
                ],
                [
                    206.42466735839844,
                    574.7021484375,
                    0.8892598748207092
                ],
                [
                    242.69497680664062,
                    620.5172729492188,
                    0.9137858152389526
                ],
                [
                    212.1515655517578,
                    683.5130615234375,
                    0.806228518486023
                ],
                [
                    0.0,
                    0.0,
                    0.0
                ],
                [
                    0.0,
                    0.0,
                    0.0
                ],
                [
                    0.0,
                    0.0,
                    0.0
                ],
                [
                    0.0,
                    0.0,
                    0.0
                ],
                [
                    0.0,
                    0.0,
                    0.0
                ],
                [
                    0.0,
                    0.0,
                    0.0
                ],
                [
                    0.0,
                    0.0,
                    0.0
                ],
                [
                    0.0,
                    0.0,
                    0.0
                ],
                [
                    0.0,
                    0.0,
                    0.0
                ],
                [
                    0.0,
                    0.0,
                    0.0
                ]
            ],
            "isKeyframe": true,
            "area": 134337.5958362259
        }
    ],
    "isKeyframe": false
}