{
    "filename": "images/demo_H2FNV1/000120.jpg",
    "height": 1080,
    "width": 1920,
    "annots": [
        {
            "bbox": [
                819.1388549804688,
                221.4595489501953,
                1023.6835327148438,
                844.9295654296875,
                1.0,
                1.0,
                0.0
            ],
            "personID": 0,
            "keypoints": [
                [
                    939.27099609375,
                    395.1868896484375,
                    0.9295434355735779
                ],
                [
                    952.2599792480469,
                    442.27186584472656,
                    0.8334404826164246
                ],
                [
                    978.2379150390625,
                    447.1427307128906,
                    0.8334404826164246
                ],
                [
                    958.7544555664062,
                    369.2089538574219,
                    0.9356075525283813
                ],
                [
                    955.5072021484375,
                    310.7586364746094,
                    0.982029378414154
                ],
                [
                    926.2820434570312,
                    437.4010009765625,
                    0.9362207651138306
                ],
                [
                    880.8206787109375,
                    369.2089538574219,
                    0.9838600754737854
                ],
                [
                    916.5403442382812,
                    294.5224609375,
                    0.8795500993728638
                ],
                [
                    937.6473999023438,
                    619.2464599609375,
                    0.7686943411827087
                ],
                [
                    962.001708984375,
                    619.2464599609375,
                    0.7686943411827087
                ],
                [
                    893.8096313476562,
                    700.4274291992188,
                    0.9101905226707458
                ],
                [
                    929.529296875,
                    788.1029052734375,
                    0.872172474861145
                ],
                [
                    913.2930908203125,
                    619.2464599609375,
                    0.8269316554069519
                ],
                [
                    845.10107421875,
                    700.4274291992188,
                    0.9515643119812012
                ],
                [
                    897.056884765625,
                    801.0918579101562,
                    0.9108633399009705
                ],
                [
                    0.0,
                    0.0,
                    0.0
                ],
                [
                    0.0,
                    0.0,
                    0.0
                ],
                [
                    0.0,
                    0.0,
                    0.0
                ],
                [
                    0.0,
                    0.0,
                    0.0
                ],
                [
                    0.0,
                    0.0,
                    0.0
                ],
                [
                    0.0,
                    0.0,
                    0.0
                ],
                [
                    0.0,
                    0.0,
                    0.0
                ],
                [
                    0.0,
                    0.0,
                    0.0
                ],
                [
                    0.0,
                    0.0,
                    0.0
                ],
                [
                    0.0,
                    0.0,
                    0.0
                ]
            ],
            "isKeyframe": true,
            "area": 388714.86144893826
        },
        {
            "bbox": [
                95.138427734375,
                290.73681640625,
                258.68499755859375,
                726.23974609375,
                1.0,
                1.0,
                0.0
            ],
            "personID": 1,
            "keypoints": [
                [
                    157.6316375732422,
                    389.40545654296875,
                    0.8050438165664673
                ],
                [
                    167.83873748779297,
                    437.03858947753906,
                    0.8765826225280762
                ],
                [
                    141.75392150878906,
                    446.111572265625,
                    0.8818584680557251
                ],
                [
                    112.2667465209961,
                    389.40545654296875,
                    0.9125676155090332
                ],
                [
                    119.07147979736328,
                    339.5040588378906,
                    0.9289336800575256
                ],
                [
                    193.92355346679688,
                    427.9656066894531,
                    0.8765826225280762
                ],
                [
                    209.80125427246094,
                    375.7959899902344,
                    0.9729062914848328
                ],
                [
                    178.04583740234375,
                    334.96759033203125,
                    0.9539851546287537
                ],
                [
                    191.65530395507812,
                    542.5119323730469,
                    0.8332225680351257
                ],
                [
                    171.24110412597656,
                    545.914306640625,
                    0.8332225680351257
                ],
                [
                    198.4600372314453,
                    613.961669921875,
                    0.9088862538337708
                ],
                [
                    187.11880493164062,
                    688.813720703125,
                    0.9007065892219543
                ],
                [
                    212.0695037841797,
                    539.1095581054688,
                    0.8950618505477905
                ],
                [
                    241.55667114257812,
                    613.961669921875,
                    0.9338662624359131
                ],
                [
                    212.0695037841797,
                    679.74072265625,
                    0.8930533528327942
                ],
                [
                    0.0,
                    0.0,
                    0.0
                ],
                [
                    0.0,
                    0.0,
                    0.0
                ],
                [
                    0.0,
                    0.0,
                    0.0
                ],
                [
                    0.0,
                    0.0,
                    0.0
                ],
                [
                    0.0,
                    0.0,
                    0.0
                ],
                [
                    0.0,
                    0.0,
                    0.0
                ],
                [
                    0.0,
                    0.0,
                    0.0
                ],
                [
                    0.0,
                    0.0,
                    0.0
                ],
                [
                    0.0,
                    0.0,
                    0.0
                ],
                [
                    0.0,
                    0.0,
                    0.0
                ]
            ],
            "isKeyframe": true,
            "area": 189662.80176639557
        }
    ],
    "isKeyframe": false
}