{
    "filename": "images/demo_H2FNV1/000138.jpg",
    "height": 1080,
    "width": 1920,
    "annots": [
        {
            "bbox": [
                794.8628540039062,
                205.65863037109375,
                1099.8349609375,
                734.025146484375,
                1.0,
                1.0,
                0.0
            ],
            "personID": 0,
            "keypoints": [
                [
                    1053.29736328125,
                    314.3590393066406,
                    1.021124005317688
                ],
                [
                    1010.6427612304688,
                    380.40484619140625,
                    0.5700429677963257
                ],
                [
                    1014.7706298828125,
                    385.9086608886719,
                    0.5700429677963257
                ],
                [
                    1069.808837890625,
                    311.6071472167969,
                    0.8455920815467834
                ],
                [
                    1080.81640625,
                    256.5689697265625,
                    0.8516374230384827
                ],
                [
                    1006.514892578125,
                    374.9010314941406,
                    0.795296847820282
                ],
                [
                    981.7477416992188,
                    311.6071472167969,
                    0.9657498598098755
                ],
                [
                    1045.0416259765625,
                    251.06515502929688,
                    0.8909998536109924
                ],
                [
                    904.6943054199219,
                    472.5937957763672,
                    0.7292760610580444
                ],
                [
                    918.453857421875,
                    476.7216491699219,
                    0.7323154807090759
                ],
                [
                    874.4232788085938,
                    567.53466796875,
                    0.9292535781860352
                ],
                [
                    901.9423828125,
                    672.107177734375,
                    0.7906118631362915
                ],
                [
                    890.9347534179688,
                    468.4659423828125,
                    0.7292760610580444
                ],
                [
                    822.1370239257812,
                    564.78271484375,
                    0.9262372255325317
                ],
                [
                    866.1675415039062,
                    691.3705444335938,
                    0.7457273006439209
                ],
                [
                    0.0,
                    0.0,
                    0.0
                ],
                [
                    0.0,
                    0.0,
                    0.0
                ],
                [
                    0.0,
                    0.0,
                    0.0
                ],
                [
                    0.0,
                    0.0,
                    0.0
                ],
                [
                    0.0,
                    0.0,
                    0.0
                ],
                [
                    0.0,
                    0.0,
                    0.0
                ],
                [
                    0.0,
                    0.0,
                    0.0
                ],
                [
                    0.0,
                    0.0,
                    0.0
                ],
                [
                    0.0,
                    0.0,
                    0.0
                ],
                [
                    0.0,
                    0.0,
                    0.0
                ]
            ],
            "isKeyframe": true,
            "area": 279171.1753496863
        },
        {
            "bbox": [
                48.634681701660156,
                293.8907470703125,
                262.4444274902344,
                669.229736328125,
                1.0,
                1.0,
                0.0
            ],
            "personID": 1,
            "keypoints": [
                [
                    107.64472961425781,
                    351.55999755859375,
                    0.7813775539398193
                ],
                [
                    132.08086013793945,
                    376.9735870361328,
                    0.6990931630134583
                ],
                [
                    103.73494720458984,
                    380.88336181640625,
                    0.7858956456184387
                ],
                [
                    54.862674713134766,
                    345.6953430175781,
                    0.9384525418281555
                ],
                [
                    70.50180053710938,
                    312.4621887207031,
                    0.9239771962165833
                ],
                [
                    160.42677307128906,
                    373.0638122558594,
                    0.6990931630134583
                ],
                [
                    193.65992736816406,
                    339.8306579589844,
                    0.9586408138275146
                ],
                [
                    152.60720825195312,
                    308.5523986816406,
                    0.9056703448295593
                ],
                [
                    186.81780242919922,
                    436.59776306152344,
                    0.7948761582374573
                ],
                [
                    168.246337890625,
                    441.4849853515625,
                    0.7948761582374573
                ],
                [
                    201.47947692871094,
                    523.5903930664062,
                    0.9070128202438354
                ],
                [
                    193.65992736816406,
                    605.69580078125,
                    0.8836720585823059
                ],
                [
                    205.38926696777344,
                    431.7105407714844,
                    0.8504106998443604
                ],
                [
                    246.4419708251953,
                    523.5903930664062,
                    0.8930565714836121
                ],
                [
                    234.71263122558594,
                    601.7860107421875,
                    0.8320704698562622
                ],
                [
                    0.0,
                    0.0,
                    0.0
                ],
                [
                    0.0,
                    0.0,
                    0.0
                ],
                [
                    0.0,
                    0.0,
                    0.0
                ],
                [
                    0.0,
                    0.0,
                    0.0
                ],
                [
                    0.0,
                    0.0,
                    0.0
                ],
                [
                    0.0,
                    0.0,
                    0.0
                ],
                [
                    0.0,
                    0.0,
                    0.0
                ],
                [
                    0.0,
                    0.0,
                    0.0
                ],
                [
                    0.0,
                    0.0,
                    0.0
                ],
                [
                    0.0,
                    0.0,
                    0.0
                ]
            ],
            "isKeyframe": true,
            "area": 140879.3568570763
        }
    ],
    "isKeyframe": false
}