{
    "filename": "images/demo_H2FNV1/000139.jpg",
    "height": 1080,
    "width": 1920,
    "annots": [
        {
            "bbox": [
                795.138427734375,
                195.5155029296875,
                1113.0267333984375,
                675.5821533203125,
                1.0,
                1.0,
                0.0
            ],
            "personID": 0,
            "keypoints": [
                [
                    1060.3472900390625,
                    311.7816467285156,
                    0.9637641906738281
                ],
                [
                    1015.341064453125,
                    378.0408477783203,
                    0.5637707114219666
                ],
                [
                    1022.8421020507812,
                    379.291015625,
                    0.5637707114219666
                ],
                [
                    1067.848388671875,
                    306.78094482421875,
                    0.9373835325241089
                ],
                [
                    1085.350830078125,
                    254.27366638183594,
                    0.8236724734306335
                ],
                [
                    1007.8400268554688,
                    376.7906799316406,
                    0.7133721113204956
                ],
                [
                    980.3362426757812,
                    309.28131103515625,
                    0.9431977272033691
                ],
                [
                    1045.34521484375,
                    246.77261352539062,
                    0.8760583400726318
                ],
                [
                    902.8254699707031,
                    468.0533447265625,
                    0.6282852292060852
                ],
                [
                    917.8275756835938,
                    469.30352783203125,
                    0.6282852292060852
                ],
                [
                    870.3209838867188,
                    556.815673828125,
                    0.9055454730987549
                ],
                [
                    897.8247680664062,
                    659.3298950195312,
                    0.6051109433174133
                ],
                [
                    887.8233642578125,
                    466.80316162109375,
                    0.7205151915550232
                ],
                [
                    815.3133544921875,
                    554.3153076171875,
                    0.8856325149536133
                ],
                [
                    860.319580078125,
                    661.8302612304688,
                    0.6940208077430725
                ],
                [
                    0.0,
                    0.0,
                    0.0
                ],
                [
                    0.0,
                    0.0,
                    0.0
                ],
                [
                    0.0,
                    0.0,
                    0.0
                ],
                [
                    0.0,
                    0.0,
                    0.0
                ],
                [
                    0.0,
                    0.0,
                    0.0
                ],
                [
                    0.0,
                    0.0,
                    0.0
                ],
                [
                    0.0,
                    0.0,
                    0.0
                ],
                [
                    0.0,
                    0.0,
                    0.0
                ],
                [
                    0.0,
                    0.0,
                    0.0
                ],
                [
                    0.0,
                    0.0,
                    0.0
                ]
            ],
            "isKeyframe": true,
            "area": 230463.98881727457
        },
        {
            "bbox": [
                55.92487716674805,
                271.351806640625,
                265.40142822265625,
                643.5516357421875,
                1.0,
                1.0,
                0.0
            ],
            "personID": 1,
            "keypoints": [
                [
                    99.59910583496094,
                    353.7397766113281,
                    0.9439578652381897
                ],
                [
                    127.70794677734375,
                    374.0944519042969,
                    0.7659009695053101
                ],
                [
                    99.59910583496094,
                    378.9407958984375,
                    0.8292757868766785
                ],
                [
                    53.07412338256836,
                    344.04705810546875,
                    0.9402151703834534
                ],
                [
                    70.52098846435547,
                    311.0918884277344,
                    0.9353177547454834
                ],
                [
                    155.81678771972656,
                    369.24810791015625,
                    0.7659009695053101
                ],
                [
                    194.58761596679688,
                    338.2314453125,
                    0.963435709476471
                ],
                [
                    155.81678771972656,
                    303.33770751953125,
                    0.9246865510940552
                ],
                [
                    186.8334503173828,
                    433.21995544433594,
                    0.8009620904922485
                ],
                [
                    171.3251190185547,
                    437.0970458984375,
                    0.8279171586036682
                ],
                [
                    202.34178161621094,
                    514.638671875,
                    0.89122474193573
                ],
                [
                    194.58761596679688,
                    601.873046875,
                    0.8573966026306152
                ],
                [
                    202.34178161621094,
                    429.3428649902344,
                    0.8009620904922485
                ],
                [
                    248.86676025390625,
                    512.7001342773438,
                    0.9197840690612793
                ],
                [
                    235.29698181152344,
                    590.2417602539062,
                    0.8335506916046143
                ],
                [
                    0.0,
                    0.0,
                    0.0
                ],
                [
                    0.0,
                    0.0,
                    0.0
                ],
                [
                    0.0,
                    0.0,
                    0.0
                ],
                [
                    0.0,
                    0.0,
                    0.0
                ],
                [
                    0.0,
                    0.0,
                    0.0
                ],
                [
                    0.0,
                    0.0,
                    0.0
                ],
                [
                    0.0,
                    0.0,
                    0.0
                ],
                [
                    0.0,
                    0.0,
                    0.0
                ],
                [
                    0.0,
                    0.0,
                    0.0
                ],
                [
                    0.0,
                    0.0,
                    0.0
                ]
            ],
            "isKeyframe": true,
            "area": 138532.71278323233
        }
    ],
    "isKeyframe": false
}