{
    "filename": "images/demo_H2FNV1/000165.jpg",
    "height": 1080,
    "width": 1920,
    "annots": [
        {
            "bbox": [
                797.8098754882812,
                214.15480041503906,
                1129.0843505859375,
                463.5108642578125,
                1.0,
                1.0,
                0.0
            ],
            "personID": 0,
            "keypoints": [
                [
                    1109.4072875976562,
                    402.93080139160156,
                    0.8933959603309631
                ],
                [
                    1033.078150242935,
                    400.8429516450858,
                    0.63111412525177
                ],
                [
                    1042.7111100561824,
                    391.1702325138045,
                    0.63111412525177
                ],
                [
                    995.6339111328125,
                    344.7799835205078,
                    0.7179794311523438
                ],
                [
                    955.18115234375,
                    276.51597595214844,
                    0.5435008406639099
                ],
                [
                    1023.4451904296875,
                    410.5156707763672,
                    0.6897061467170715
                ],
                [
                    940.0114135742188,
                    344.7799835205078,
                    0.7211580276489258
                ],
                [
                    912.2001342773438,
                    271.4593963623047,
                    0.7679005265235901
                ],
                [
                    894.5020751953125,
                    401.66664123535156,
                    0.40420329570770264
                ],
                [
                    907.1435546875,
                    395.3459014892578,
                    0.40420329570770264
                ],
                [
                    947.5963134765625,
                    289.15745544433594,
                    0.7421488165855408
                ],
                [
                    827.013579191985,
                    311.24430658787855,
                    0.21931622922420502
                ],
                [
                    881.860595703125,
                    407.9873809814453,
                    0.5986456871032715
                ],
                [
                    912.2001342773438,
                    294.2140655517578,
                    0.3837953209877014
                ],
                [
                    813.5965576171875,
                    289.15745544433594,
                    0.5381399989128113
                ],
                [
                    1116.9921264648438,
                    410.5156707763672,
                    0.0
                ],
                [
                    1104.3506469726562,
                    415.57228088378906,
                    0.0
                ],
                [
                    1068.9545288085938,
                    435.7986297607422,
                    0.0
                ],
                [
                    1071.4828491210938,
                    433.2703399658203,
                    0.0
                ],
                [
                    0.80987548828125,
                    0.1548004150390625,
                    0.0
                ],
                [
                    0.80987548828125,
                    0.1548004150390625,
                    0.0
                ],
                [
                    0.80987548828125,
                    0.1548004150390625,
                    0.0
                ],
                [
                    0.80987548828125,
                    0.1548004150390625,
                    0.0
                ],
                [
                    0.80987548828125,
                    0.1548004150390625,
                    0.0
                ],
                [
                    0.80987548828125,
                    0.1548004150390625,
                    0.0
                ]
            ],
            "isKeyframe": true,
            "area": 109742.77785122767
        },
        {
            "bbox": [
                60,
                263.6507873535156,
                234.2738037109375,
                465,
                1.0,
                1.0,
                0.0
            ],
            "personID": 1,
            "keypoints": [
                [
                    115.06568145751953,
                    406.7292785644531,
                    0.3016666769981384
                ],
                [
                    123.21663562162422,
                    425.00448872130596,
                    0.1977340131998062
                ],
                [
                    84.809814453125,
                    404.3088073730469,
                    0.3324343264102936
                ],
                [
                    90.8609848022461,
                    370.4222106933594,
                    0.8003798723220825
                ],
                [
                    115.06568145751953,
                    319.5923767089844,
                    0.7673323154449463
                ],
                [
                    161.62345679012344,
                    445.70017006956505,
                    0.1977340131998062
                ],
                [
                    179.28806584362138,
                    367.76807130413295,
                    0.0
                ],
                [
                    166.81893004115227,
                    357.3771248020753,
                    0.0
                ],
                [
                    168.06584362139918,
                    396.75881204487365,
                    0.5529676675796509
                ],
                [
                    142.71193415637862,
                    385.640499287672,
                    0.5635665655136108
                ],
                [
                    125.95779418945312,
                    331.6947021484375,
                    0.7700236439704895
                ],
                [
                    169.7283950617284,
                    317.6837091642152,
                    0.2892734706401825
                ],
                [
                    193.41975308641975,
                    407.8771248020753,
                    0.5529676675796509
                ],
                [
                    188.4320987654321,
                    335.5561371477543,
                    0.20204156637191772
                ],
                [
                    206.92798353909467,
                    332.2310342670959,
                    0.3221229612827301
                ],
                [
                    7.105427357601002e-15,
                    0.650787353515625,
                    0.0
                ],
                [
                    7.105427357601002e-15,
                    0.650787353515625,
                    0.0
                ],
                [
                    7.105427357601002e-15,
                    0.650787353515625,
                    0.0
                ],
                [
                    7.105427357601002e-15,
                    0.650787353515625,
                    0.0
                ],
                [
                    7.105427357601002e-15,
                    0.650787353515625,
                    0.0
                ],
                [
                    7.105427357601002e-15,
                    0.650787353515625,
                    0.0
                ],
                [
                    7.105427357601002e-15,
                    0.650787353515625,
                    0.0
                ],
                [
                    7.105427357601002e-15,
                    0.650787353515625,
                    0.0
                ],
                [
                    7.105427357601002e-15,
                    0.650787353515625,
                    0.0
                ],
                [
                    7.105427357601002e-15,
                    0.650787353515625,
                    0.0
                ]
            ],
            "isKeyframe": true,
            "area": 36723.19330837671
        }
    ],
    "isKeyframe": true
}