{
    "filename": "images/demo_H2FNV1/000140.jpg",
    "height": 1080,
    "width": 1920,
    "annots": [
        {
            "bbox": [
                794.9540405273438,
                195.62503051757812,
                1113.67919921875,
                676.9496459960938,
                1.0,
                1.0,
                0.0
            ],
            "personID": 0,
            "keypoints": [
                [
                    1060.85986328125,
                    312.19586181640625,
                    0.9660135507583618
                ],
                [
                    1011.9753112792969,
                    379.8821258544922,
                    0.5892375111579895
                ],
                [
                    1018.2425537109375,
                    382.3890380859375,
                    0.5892375111579895
                ],
                [
                    1068.3804931640625,
                    307.1820373535156,
                    0.9630980491638184
                ],
                [
                    1083.421875,
                    252.0302734375,
                    0.7938497066497803
                ],
                [
                    1005.7080688476562,
                    377.3752136230469,
                    0.6963114142417908
                ],
                [
                    980.6390991210938,
                    309.6889343261719,
                    0.9462193846702576
                ],
                [
                    1043.3115234375,
                    247.0164794921875,
                    0.8689165115356445
                ],
                [
                    902.9252319335938,
                    467.62359619140625,
                    0.6260288953781128
                ],
                [
                    917.9666137695312,
                    470.1304931640625,
                    0.6260288953781128
                ],
                [
                    870.3355712890625,
                    557.8719482421875,
                    0.9173457026481628
                ],
                [
                    897.9114379882812,
                    660.6548461914062,
                    0.6005164384841919
                ],
                [
                    887.8838500976562,
                    465.11669921875,
                    0.7125837206840515
                ],
                [
                    815.1837768554688,
                    555.3650512695312,
                    0.8729169964790344
                ],
                [
                    860.3079223632812,
                    663.1617431640625,
                    0.7104603052139282
                ],
                [
                    0.0,
                    0.0,
                    0.0
                ],
                [
                    0.0,
                    0.0,
                    0.0
                ],
                [
                    0.0,
                    0.0,
                    0.0
                ],
                [
                    0.0,
                    0.0,
                    0.0
                ],
                [
                    0.0,
                    0.0,
                    0.0
                ],
                [
                    0.0,
                    0.0,
                    0.0
                ],
                [
                    0.0,
                    0.0,
                    0.0
                ],
                [
                    0.0,
                    0.0,
                    0.0
                ],
                [
                    0.0,
                    0.0,
                    0.0
                ],
                [
                    0.0,
                    0.0,
                    0.0
                ]
            ],
            "isKeyframe": true,
            "area": 231673.38546554092
        },
        {
            "bbox": [
                55.98054885864258,
                271.0083312988281,
                265.5394287109375,
                643.574462890625,
                1.0,
                1.0,
                0.0
            ],
            "personID": 1,
            "keypoints": [
                [
                    99.63587188720703,
                    353.4773864746094,
                    0.9322712421417236
                ],
                [
                    127.77237319946289,
                    373.8520965576172,
                    0.7659884095191956
                ],
                [
                    99.63587188720703,
                    378.7032165527344,
                    0.838384211063385
                ],
                [
                    53.06511306762695,
                    343.775146484375,
                    0.942265510559082
                ],
                [
                    70.52914428710938,
                    310.78753662109375,
                    0.9301308989524841
                ],
                [
                    155.90887451171875,
                    369.0009765625,
                    0.7659884095191956
                ],
                [
                    194.71783447265625,
                    337.95379638671875,
                    0.9577889442443848
                ],
                [
                    155.90887451171875,
                    303.0257263183594,
                    0.9265210628509521
                ],
                [
                    186.95604705810547,
                    433.03578186035156,
                    0.8009834289550781
                ],
                [
                    171.43246459960938,
                    436.91668701171875,
                    0.8238998055458069
                ],
                [
                    202.47962951660156,
                    514.5346069335938,
                    0.8892739415168762
                ],
                [
                    194.71783447265625,
                    601.8547973632812,
                    0.8620562553405762
                ],
                [
                    202.47962951660156,
                    429.1548767089844,
                    0.8009834289550781
                ],
                [
                    249.05039978027344,
                    512.5941772460938,
                    0.9167191982269287
                ],
                [
                    235.46725463867188,
                    590.2120971679688,
                    0.8331118822097778
                ],
                [
                    0.0,
                    0.0,
                    0.0
                ],
                [
                    0.0,
                    0.0,
                    0.0
                ],
                [
                    0.0,
                    0.0,
                    0.0
                ],
                [
                    0.0,
                    0.0,
                    0.0
                ],
                [
                    0.0,
                    0.0,
                    0.0
                ],
                [
                    0.0,
                    0.0,
                    0.0
                ],
                [
                    0.0,
                    0.0,
                    0.0
                ],
                [
                    0.0,
                    0.0,
                    0.0
                ],
                [
                    0.0,
                    0.0,
                    0.0
                ],
                [
                    0.0,
                    0.0,
                    0.0
                ]
            ],
            "isKeyframe": true,
            "area": 138805.5224092761
        }
    ],
    "isKeyframe": false
}