{
    "filename": "images/demo_H2FNV1/000146.jpg",
    "height": 1080,
    "width": 1920,
    "annots": [
        {
            "bbox": [
                768.4403686523438,
                167.74195861816406,
                1139.105712890625,
                614.987548828125,
                1.0,
                1.0,
                0.0
            ],
            "personID": 0,
            "keypoints": [
                [
                    1101.78173828125,
                    325.7261047363281,
                    1.0426279306411743
                ],
                [
                    1033.569091796875,
                    372.05926513671875,
                    0.6027712821960449
                ],
                [
                    1037.43017578125,
                    374.6333312988281,
                    0.6027712821960449
                ],
                [
                    1055.4486083984375,
                    299.9854431152344,
                    0.941869854927063
                ],
                [
                    1063.1707763671875,
                    233.05975341796875,
                    0.9304468035697937
                ],
                [
                    1029.7080078125,
                    369.4851989746094,
                    0.7511645555496216
                ],
                [
                    965.3563842773438,
                    294.8373107910156,
                    0.9286540150642395
                ],
                [
                    1001.3932495117188,
                    217.61537170410156,
                    0.8572849631309509
                ],
                [
                    916.4491271972656,
                    438.9849548339844,
                    0.5057203769683838
                ],
                [
                    931.8934936523438,
                    433.8368225097656,
                    0.5057203769683838
                ],
                [
                    846.9494018554688,
                    482.7440490722656,
                    0.644531786441803
                ],
                [
                    872.6900634765625,
                    577.9844360351562,
                    0.5720182657241821
                ],
                [
                    901.0047607421875,
                    444.1330871582031,
                    0.7429981827735901
                ],
                [
                    787.7459106445312,
                    454.4293212890625,
                    0.8542052507400513
                ],
                [
                    839.2271728515625,
                    567.6881713867188,
                    0.7867721915245056
                ],
                [
                    0.0,
                    0.0,
                    0.0
                ],
                [
                    0.0,
                    0.0,
                    0.0
                ],
                [
                    0.0,
                    0.0,
                    0.0
                ],
                [
                    0.0,
                    0.0,
                    0.0
                ],
                [
                    0.0,
                    0.0,
                    0.0
                ],
                [
                    0.0,
                    0.0,
                    0.0
                ],
                [
                    0.0,
                    0.0,
                    0.0
                ],
                [
                    0.0,
                    0.0,
                    0.0
                ],
                [
                    0.0,
                    0.0,
                    0.0
                ],
                [
                    0.0,
                    0.0,
                    0.0
                ]
            ],
            "isKeyframe": true,
            "area": 200028.6179622563
        },
        {
            "bbox": [
                49.90900421142578,
                244.39064025878906,
                286,
                583,
                1.0,
                1.0,
                0.0
            ],
            "personID": 1,
            "keypoints": [
                [
                    103.58344268798828,
                    356.3786315917969,
                    0.4400167167186737
                ],
                [
                    129.1555061340332,
                    375.7781219482422,
                    0.7819784879684448
                ],
                [
                    93.00189971923828,
                    379.3052978515625,
                    0.8253167867660522
                ],
                [
                    55.96650314331055,
                    338.7427062988281,
                    0.9227561354637146
                ],
                [
                    64.78445434570312,
                    287.5986022949219,
                    0.911383867263794
                ],
                [
                    165.30911254882812,
                    372.2509460449219,
                    0.7819784879684448
                ],
                [
                    204.1081085205078,
                    336.9791259765625,
                    0.9495189785957336
                ],
                [
                    189.99937438964844,
                    291.1257629394531,
                    0.8901245594024658
                ],
                [
                    175.89065551757812,
                    420.7496643066406,
                    0.5914729237556458
                ],
                [
                    156.4911651611328,
                    423.3950500488281,
                    0.7711291313171387
                ],
                [
                    202.34451293945312,
                    451.6125183105469,
                    0.6154606938362122
                ],
                [
                    202.34451293945312,
                    527.4468994140625,
                    0.817650556564331
                ],
                [
                    195.29014587402344,
                    418.1042785644531,
                    0.5914729237556458
                ],
                [
                    255.25222778320312,
                    449.8489074707031,
                    0.8571791052818298
                ],
                [
                    241.1435089111328,
                    529.2105102539062,
                    0.7044617533683777
                ],
                [
                    0.0,
                    0.0,
                    0.0
                ],
                [
                    0.0,
                    0.0,
                    0.0
                ],
                [
                    0.0,
                    0.0,
                    0.0
                ],
                [
                    0.0,
                    0.0,
                    0.0
                ],
                [
                    0.0,
                    0.0,
                    0.0
                ],
                [
                    0.0,
                    0.0,
                    0.0
                ],
                [
                    0.0,
                    0.0,
                    0.0
                ],
                [
                    0.0,
                    0.0,
                    0.0
                ],
                [
                    0.0,
                    0.0,
                    0.0
                ],
                [
                    0.0,
                    0.0,
                    0.0
                ]
            ],
            "isKeyframe": true,
            "area": 102438.54854909913
        }
    ],
    "isKeyframe": false
}