{
    "filename": "images/demo_H2FNV1/000117.jpg",
    "height": 1080,
    "width": 1920,
    "annots": [
        {
            "bbox": [
                819.1884155273438,
                282.3325500488281,
                1006.9495239257812,
                842.9774780273438,
                1.0,
                1.0,
                0.0
            ],
            "personID": 0,
            "keypoints": [
                [
                    926.2091064453125,
                    409.35369873046875,
                    0.9176555871963501
                ],
                [
                    943.729248046875,
                    475.0542755126953,
                    0.855715811252594
                ],
                [
                    964.16943359375,
                    473.5942687988281,
                    0.855715811252594
                ],
                [
                    920.3690185546875,
                    400.5936279296875,
                    0.8936525583267212
                ],
                [
                    911.6089477539062,
                    333.43304443359375,
                    0.8925778269767761
                ],
                [
                    923.2890625,
                    476.5142822265625,
                    0.8656253218650818
                ],
                [
                    853.2084350585938,
                    412.2737121582031,
                    0.9299066662788391
                ],
                [
                    870.7285766601562,
                    321.7529296875,
                    0.8442448377609253
                ],
                [
                    949.5692749023438,
                    642.9557495117188,
                    0.7488300800323486
                ],
                [
                    970.0094604492188,
                    642.9557495117188,
                    0.7488300800323486
                ],
                [
                    894.0888061523438,
                    704.2762451171875,
                    0.8420152068138123
                ],
                [
                    932.0491333007812,
                    797.717041015625,
                    0.8747673034667969
                ],
                [
                    929.1290893554688,
                    642.9557495117188,
                    0.7777069807052612
                ],
                [
                    844.4483642578125,
                    704.2762451171875,
                    0.9560278058052063
                ],
                [
                    897.0088500976562,
                    806.4771118164062,
                    0.8242778182029724
                ],
                [
                    0.0,
                    0.0,
                    0.0
                ],
                [
                    0.0,
                    0.0,
                    0.0
                ],
                [
                    0.0,
                    0.0,
                    0.0
                ],
                [
                    0.0,
                    0.0,
                    0.0
                ],
                [
                    0.0,
                    0.0,
                    0.0
                ],
                [
                    0.0,
                    0.0,
                    0.0
                ],
                [
                    0.0,
                    0.0,
                    0.0
                ],
                [
                    0.0,
                    0.0,
                    0.0
                ],
                [
                    0.0,
                    0.0,
                    0.0
                ],
                [
                    0.0,
                    0.0,
                    0.0
                ]
            ],
            "isKeyframe": true,
            "area": 314322.735268035
        },
        {
            "bbox": [
                113.4439926147461,
                297.90911865234375,
                257.99676513671875,
                784.5399169921875,
                1.0,
                1.0,
                0.0
            ],
            "personID": 1,
            "keypoints": [
                [
                    159.1077423095703,
                    410.6959228515625,
                    0.7312981486320496
                ],
                [
                    170.51315307617188,
                    456.3175506591797,
                    0.9116990566253662
                ],
                [
                    141.36599731445312,
                    461.3866271972656,
                    0.9133961200714111
                ],
                [
                    126.1587905883789,
                    410.6959228515625,
                    0.9169065356254578
                ],
                [
                    148.9696044921875,
                    360.0052185058594,
                    0.8859196305274963
                ],
                [
                    199.66030883789062,
                    451.24847412109375,
                    0.9116990566253662
                ],
                [
                    230.07473754882812,
                    400.5577697753906,
                    0.9512819647789001
                ],
                [
                    204.72938537597656,
                    354.9361572265625,
                    0.9117366075515747
                ],
                [
                    188.25489807128906,
                    561.5007934570312,
                    0.906387209892273
                ],
                [
                    166.7113494873047,
                    562.76806640625,
                    0.906387209892273
                ],
                [
                    199.66030883789062,
                    618.52783203125,
                    0.9274616837501526
                ],
                [
                    184.45309448242188,
                    692.0293579101562,
                    0.9280723929405212
                ],
                [
                    209.79844665527344,
                    560.2335205078125,
                    0.9255485534667969
                ],
                [
                    242.74740600585938,
                    618.52783203125,
                    0.935989260673523
                ],
                [
                    209.79844665527344,
                    684.4257202148438,
                    0.9101095795631409
                ],
                [
                    0.0,
                    0.0,
                    0.0
                ],
                [
                    0.0,
                    0.0,
                    0.0
                ],
                [
                    0.0,
                    0.0,
                    0.0
                ],
                [
                    0.0,
                    0.0,
                    0.0
                ],
                [
                    0.0,
                    0.0,
                    0.0
                ],
                [
                    0.0,
                    0.0,
                    0.0
                ],
                [
                    0.0,
                    0.0,
                    0.0
                ],
                [
                    0.0,
                    0.0,
                    0.0
                ],
                [
                    0.0,
                    0.0,
                    0.0
                ],
                [
                    0.0,
                    0.0,
                    0.0
                ]
            ],
            "isKeyframe": true,
            "area": 236809.53389287367
        }
    ],
    "isKeyframe": false
}