{
    "filename": "images/demo_H2FNV1/000192.jpg",
    "height": 1080,
    "width": 1920,
    "annots": [
        {
            "bbox": [
                848,
                286,
                1148,
                597,
                1.0,
                1.0,
                0.0
            ],
            "personID": 0,
            "keypoints": [
                [
                    928.09375,
                    562.84375,
                    0.9556840658187866
                ],
                [
                    909.0749816894531,
                    508.0249938964844,
                    0.33485424518585205
                ],
                [
                    923.6187133789062,
                    511.3812561035156,
                    0.33485424518585205
                ],
                [
                    899.0062255859375,
                    442.01873779296875,
                    0.25880324840545654
                ],
                [
                    1024.3062744140625,
                    459.9187316894531,
                    0.1894678920507431
                ],
                [
                    894.53125,
                    504.6687316894531,
                    0.7733831405639648
                ],
                [
                    903.4812622070312,
                    439.78125,
                    0.8948684334754944
                ],
                [
                    977.3187255859375,
                    464.39373779296875,
                    0.8696211576461792
                ],
                [
                    942.6374816894531,
                    336.8562316894531,
                    0.517548143863678
                ],
                [
                    957.1812133789062,
                    321.1937255859375,
                    0.517548143863678
                ],
                [
                    1046.6812744140625,
                    448.7312316894531,
                    0.5635718107223511
                ],
                [
                    1048.918701171875,
                    370.4187316894531,
                    0.19762782752513885
                ],
                [
                    928.09375,
                    352.51873779296875,
                    0.5691362619400024
                ],
                [
                    992.981201171875,
                    462.15625,
                    0.7276400327682495
                ],
                [
                    1046.6812744140625,
                    356.9937438964844,
                    0.6018280982971191
                ],
                [
                    921.3812255859375,
                    569.5562744140625,
                    0.0
                ],
                [
                    914.6687622070312,
                    567.3187255859375,
                    0.0
                ],
                [
                    894.53125,
                    538.2312622070312,
                    0.0
                ],
                [
                    894.53125,
                    542.7062377929688,
                    0.0
                ],
                [
                    0.0,
                    0.0,
                    0.0
                ],
                [
                    0.0,
                    0.0,
                    0.0
                ],
                [
                    0.0,
                    0.0,
                    0.0
                ],
                [
                    0.0,
                    0.0,
                    0.0
                ],
                [
                    0.0,
                    0.0,
                    0.0
                ],
                [
                    0.0,
                    0.0,
                    0.0
                ]
            ],
            "isKeyframe": true,
            "area": 54459.47504982725
        },
        {
            "bbox": [
                44.72372817993164,
                326.5924072265625,
                222.71131896972656,
                556.5528564453125,
                1.0,
                1.0,
                0.0
            ],
            "personID": 1,
            "keypoints": [
                [
                    169.76678848266602,
                    510.4493713378906,
                    0.6124544739723206
                ],
                [
                    171.8209571838379,
                    465.2576904296875,
                    0.6654763221740723
                ],
                [
                    136.90011978149414,
                    472.10491943359375,
                    0.7330296635627747
                ],
                [
                    87.60011672973633,
                    428.2826843261719,
                    0.5410246253013611
                ],
                [
                    87.60011672973633,
                    436.4993591308594,
                    0.36342480778694153
                ],
                [
                    206.74179458618164,
                    458.41046142578125,
                    0.6654763221740723
                ],
                [
                    206.74179458618164,
                    406.37158203125,
                    0.8152041435241699
                ],
                [
                    212.21957778930664,
                    431.0215759277344,
                    0.19466368854045868
                ],
                [
                    143.06262588500977,
                    368.71185302734375,
                    0.11551602184772491
                ],
                [
                    123.2056770324707,
                    376.2438049316406,
                    0.12840446829795837
                ],
                [
                    96.78134134865593,
                    448.6911726586613,
                    0.5
                ],
                [
                    70.98916027869707,
                    376.04713973685057,
                    0.2824521854519844
                ],
                [
                    162.91957473754883,
                    361.1799011230469,
                    0.11551602184772491
                ],
                [
                    138.19080636923206,
                    435.4401438520769,
                    0.5
                ],
                [
                    105.06323435277116,
                    361.37635784384645,
                    0.3108386809006334
                ],
                [
                    41.72372817993164,
                    309.82574462890625,
                    0.0
                ],
                [
                    41.72372817993164,
                    309.82574462890625,
                    0.0
                ],
                [
                    41.72372817993164,
                    309.82574462890625,
                    0.0
                ],
                [
                    41.72372817993164,
                    309.82574462890625,
                    0.0
                ],
                [
                    0.7237281799316406,
                    0.5924072265625,
                    0.0
                ],
                [
                    0.7237281799316406,
                    0.5924072265625,
                    0.0
                ],
                [
                    0.7237281799316406,
                    0.5924072265625,
                    0.0
                ],
                [
                    0.7237281799316406,
                    0.5924072265625,
                    0.0
                ],
                [
                    0.7237281799316406,
                    0.5924072265625,
                    0.0
                ],
                [
                    0.7237281799316406,
                    0.5924072265625,
                    0.0
                ]
            ],
            "isKeyframe": true,
            "area": 52881.8082048893
        }
    ],
    "isKeyframe": true
}