{
    "filename": "images/demo_H2FNV1/000124.jpg",
    "height": 1080,
    "width": 1920,
    "annots": [
        {
            "bbox": [
                814.4593505859375,
                234.84591674804688,
                1044.8128662109375,
                844.4585571289062,
                1.0,
                1.0,
                0.0
            ],
            "personID": 0,
            "keypoints": [
                [
                    966.1493530273438,
                    357.0859375,
                    0.9045208096504211
                ],
                [
                    962.9743041992188,
                    422.17478942871094,
                    0.8275005221366882
                ],
                [
                    985.1997680664062,
                    430.1124572753906,
                    0.8275005221366882
                ],
                [
                    985.1997680664062,
                    344.38568115234375,
                    0.9983991384506226
                ],
                [
                    994.7249755859375,
                    293.5846252441406,
                    0.8744370937347412
                ],
                [
                    940.7488403320312,
                    414.23712158203125,
                    0.8578037023544312
                ],
                [
                    915.3483276367188,
                    347.56072998046875,
                    0.9312064051628113
                ],
                [
                    972.49951171875,
                    284.0594177246094,
                    0.8719536662101746
                ],
                [
                    924.87353515625,
                    592.0408325195312,
                    0.8390182852745056
                ],
                [
                    947.0989990234375,
                    592.0408325195312,
                    0.8390182852745056
                ],
                [
                    902.6480712890625,
                    680.942626953125,
                    0.9715256690979004
                ],
                [
                    928.048583984375,
                    782.5447387695312,
                    0.9363088011741638
                ],
                [
                    902.6480712890625,
                    592.0408325195312,
                    0.8407239317893982
                ],
                [
                    848.6719360351562,
                    687.2927856445312,
                    0.9414610266685486
                ],
                [
                    893.1228637695312,
                    798.4201049804688,
                    0.8369659781455994
                ],
                [
                    0.0,
                    0.0,
                    0.0
                ],
                [
                    0.0,
                    0.0,
                    0.0
                ],
                [
                    0.0,
                    0.0,
                    0.0
                ],
                [
                    0.0,
                    0.0,
                    0.0
                ],
                [
                    0.0,
                    0.0,
                    0.0
                ],
                [
                    0.0,
                    0.0,
                    0.0
                ],
                [
                    0.0,
                    0.0,
                    0.0
                ],
                [
                    0.0,
                    0.0,
                    0.0
                ],
                [
                    0.0,
                    0.0,
                    0.0
                ],
                [
                    0.0,
                    0.0,
                    0.0
                ]
            ],
            "isKeyframe": true,
            "area": 371627.571312123
        },
        {
            "bbox": [
                93.2260971069336,
                314.5655517578125,
                251.6443328857422,
                717.744873046875,
                1.0,
                1.0,
                0.0
            ],
            "personID": 1,
            "keypoints": [
                [
                    146.18655395507812,
                    372.31256103515625,
                    0.8477986454963684
                ],
                [
                    161.9357452392578,
                    416.4103088378906,
                    0.8669453859329224
                ],
                [
                    135.6870880126953,
                    424.80987548828125,
                    0.8669453859329224
                ],
                [
                    95.78913116455078,
                    372.31256103515625,
                    0.8563148975372314
                ],
                [
                    97.88903045654297,
                    326.11492919921875,
                    0.9551243782043457
                ],
                [
                    188.1844024658203,
                    408.0107421875,
                    0.8964486122131348
                ],
                [
                    198.68386840820312,
                    355.513427734375,
                    0.9582534432411194
                ],
                [
                    154.58612060546875,
                    321.9151611328125,
                    0.8888095021247864
                ],
                [
                    196.58397674560547,
                    522.4548950195312,
                    0.8490647673606873
                ],
                [
                    175.58505249023438,
                    523.5048217773438,
                    0.8490647673606873
                ],
                [
                    196.58396911621094,
                    607.5005493164062,
                    0.8970760703086853
                ],
                [
                    186.0845184326172,
                    685.196533203125,
                    0.8601494431495667
                ],
                [
                    217.58290100097656,
                    521.4049682617188,
                    0.8694233298301697
                ],
                [
                    240.6817169189453,
                    603.30078125,
                    0.9129858613014221
                ],
                [
                    215.48300170898438,
                    674.6970825195312,
                    0.857620120048523
                ],
                [
                    0.0,
                    0.0,
                    0.0
                ],
                [
                    0.0,
                    0.0,
                    0.0
                ],
                [
                    0.0,
                    0.0,
                    0.0
                ],
                [
                    0.0,
                    0.0,
                    0.0
                ],
                [
                    0.0,
                    0.0,
                    0.0
                ],
                [
                    0.0,
                    0.0,
                    0.0
                ],
                [
                    0.0,
                    0.0,
                    0.0
                ],
                [
                    0.0,
                    0.0,
                    0.0
                ],
                [
                    0.0,
                    0.0,
                    0.0
                ],
                [
                    0.0,
                    0.0,
                    0.0
                ]
            ],
            "isKeyframe": true,
            "area": 162553.5651151091
        }
    ],
    "isKeyframe": false
}