{
    "filename": "images/demo_H2FNV1/000187.jpg",
    "height": 1080,
    "width": 1920,
    "annots": [
        {
            "bbox": [
                818,
                221,
                1122,
                617,
                0,
                0,
                1
            ],
            "personID": 0,
            "keypoints": [
                [
                    970.0096435546875,
                    560.8406982421875,
                    0.90435791015625
                ],
                [
                    928.4668273925781,
                    496.92864990234375,
                    0.2990663945674896
                ],
                [
                    929.5320434570312,
                    492.6678466796875,
                    0.2990663945674896
                ],
                [
                    993.444091796875,
                    447.92938232421875,
                    0.15072736144065857
                ],
                [
                    1038.1824951171875,
                    413.84295654296875,
                    0.1866925209760666
                ],
                [
                    927.401611328125,
                    501.189453125,
                    0.717311680316925
                ],
                [
                    912.4888305664062,
                    420.23419189453125,
                    0.9051005244255066
                ],
                [
                    984.9224853515625,
                    409.5821533203125,
                    0.8234114646911621
                ],
                [
                    919.9452209472656,
                    320.1053161621094,
                    0.24294832348823547
                ],
                [
                    906.0975952148438,
                    326.49652099609375,
                    0.3787453770637512
                ],
                [
                    1046.7041015625,
                    392.5389404296875,
                    0.6545140147209167
                ],
                [
                    1004.0960693359375,
                    309.45330810546875,
                    0.21984729170799255
                ],
                [
                    933.7928466796875,
                    313.714111328125,
                    0.24294832348823547
                ],
                [
                    1001.9656982421875,
                    407.4517822265625,
                    0.5259655117988586
                ],
                [
                    989.1832885742188,
                    296.6708984375,
                    0.6942340731620789
                ],
                [
                    815.5555419921875,
                    208.25921630859375,
                    0.0
                ],
                [
                    815.5555419921875,
                    208.25921630859375,
                    0.0
                ],
                [
                    815.5555419921875,
                    208.25921630859375,
                    0.0
                ],
                [
                    815.5555419921875,
                    208.25921630859375,
                    0.0
                ],
                [
                    0.0,
                    0.0,
                    0.0
                ],
                [
                    0.0,
                    0.0,
                    0.0
                ],
                [
                    0.0,
                    0.0,
                    0.0
                ],
                [
                    0.0,
                    0.0,
                    0.0
                ],
                [
                    0.0,
                    0.0,
                    0.0
                ],
                [
                    0.0,
                    0.0,
                    0.0
                ]
            ],
            "isKeyframe": false
        },
        {
            "bbox": [
                34,
                276,
                255,
                553,
                0,
                0,
                1
            ],
            "personID": 1,
            "keypoints": [
                [
                    155.8871612548828,
                    521.3628540039062,
                    0.5018137097358704
                ],
                [
                    161.6510467529297,
                    465.1649475097656,
                    0.4893612861633301
                ],
                [
                    129.9496612548828,
                    470.9288330078125,
                    0.6855983138084412
                ],
                [
                    86.72048950195312,
                    419.0538330078125,
                    0.31086742877960205
                ],
                [
                    83.83854675292969,
                    414.7309265136719,
                    0.6859009265899658
                ],
                [
                    193.35243225097656,
                    459.40106201171875,
                    0.4893612861633301
                ],
                [
                    209.203125,
                    394.55731201171875,
                    0.7817396521568298
                ],
                [
                    190.47048950195312,
                    395.9982604980469,
                    0.006457199342548847
                ],
                [
                    151.56423950195312,
                    362.1354217529297,
                    0.037125103175640106
                ],
                [
                    144.359375,
                    367.1788330078125,
                    0.037125103175640106
                ],
                [
                    98.2482681274414,
                    414.7309265136719,
                    0.002090246882289648
                ],
                [
                    92.484375,
                    349.8871765136719,
                    0.007821815088391304
                ],
                [
                    158.76910400390625,
                    357.0920104980469,
                    0.08608593791723251
                ],
                [
                    134.27256774902344,
                    397.4392395019531,
                    0.015331998467445374
                ],
                [
                    121.30382537841797,
                    334.0364685058594,
                    0.04358487203717232
                ],
                [
                    28.361114501953125,
                    280.0,
                    0.0
                ],
                [
                    28.361114501953125,
                    280.0,
                    0.0
                ],
                [
                    28.361114501953125,
                    280.0,
                    0.0
                ],
                [
                    28.361114501953125,
                    280.0,
                    0.0
                ],
                [
                    0.0,
                    0.0,
                    0.0
                ],
                [
                    0.0,
                    0.0,
                    0.0
                ],
                [
                    0.0,
                    0.0,
                    0.0
                ],
                [
                    0.0,
                    0.0,
                    0.0
                ],
                [
                    0.0,
                    0.0,
                    0.0
                ],
                [
                    0.0,
                    0.0,
                    0.0
                ]
            ],
            "isKeyframe": false
        }
    ],
    "isKeyframe": false
}