{
    "filename": "images/demo_H2FNV1/000193.jpg",
    "height": 1080,
    "width": 1920,
    "annots": [
        {
            "bbox": [
                835,
                284,
                1172,
                604,
                1.0,
                1.0,
                0.0
            ],
            "personID": 0,
            "keypoints": [
                [
                    919.9048461914062,
                    564.6229248046875,
                    0.9756953120231628
                ],
                [
                    904.9458312988281,
                    503.6361083984375,
                    0.2736285626888275
                ],
                [
                    922.2062377929688,
                    502.48541259765625,
                    0.2736285626888275
                ],
                [
                    876.178466796875,
                    392.01873779296875,
                    0.21170105040073395
                ],
                [
                    1044.179931640625,
                    444.95068359375,
                    0.5845419764518738
                ],
                [
                    887.6854248046875,
                    504.78680419921875,
                    0.7251210808753967
                ],
                [
                    903.795166015625,
                    444.95068359375,
                    0.8990626335144043
                ],
                [
                    975.13818359375,
                    470.2659606933594,
                    0.8318032622337341
                ],
                [
                    949.8229370117188,
                    337.9360809326172,
                    0.5879412889480591
                ],
                [
                    965.9326782226562,
                    322.97705078125,
                    0.5879412889480591
                ],
                [
                    1041.8785400390625,
                    454.15625,
                    0.6443284153938293
                ],
                [
                    1067.1937255859375,
                    380.51177978515625,
                    0.12919215857982635
                ],
                [
                    933.7131958007812,
                    352.8951110839844,
                    0.659588634967804
                ],
                [
                    991.2479248046875,
                    465.6631774902344,
                    0.663271427154541
                ],
                [
                    1057.9881591796875,
                    373.6076354980469,
                    0.573564887046814
                ],
                [
                    913.0006713867188,
                    566.92431640625,
                    0.0
                ],
                [
                    903.795166015625,
                    566.92431640625,
                    0.0
                ],
                [
                    885.384033203125,
                    537.0062255859375,
                    0.0
                ],
                [
                    887.6854248046875,
                    539.3076171875,
                    0.0
                ],
                [
                    0.0,
                    0.0,
                    0.0
                ],
                [
                    0.0,
                    0.0,
                    0.0
                ],
                [
                    0.0,
                    0.0,
                    0.0
                ],
                [
                    0.0,
                    0.0,
                    0.0
                ],
                [
                    0.0,
                    0.0,
                    0.0
                ],
                [
                    0.0,
                    0.0,
                    0.0
                ]
            ],
            "isKeyframe": true,
            "area": 47374.50885809958
        },
        {
            "bbox": [
                31,
                310,
                247,
                561,
                0,
                0,
                1
            ],
            "personID": 1,
            "keypoints": [
                [
                    170.41943359375,
                    508.0694274902344,
                    0.8732203245162964
                ],
                [
                    172.52776336669922,
                    465.1999816894531,
                    0.7114875912666321
                ],
                [
                    138.09165954589844,
                    472.9305419921875,
                    0.7320195436477661
                ],
                [
                    90.30278015136719,
                    432.16943359375,
                    0.45558294653892517
                ],
                [
                    86.08612060546875,
                    433.5749816894531,
                    0.36151131987571716
                ],
                [
                    206.9638671875,
                    457.46942138671875,
                    0.7114875912666321
                ],
                [
                    205.55831909179688,
                    408.2749938964844,
                    0.8141244649887085
                ],
                [
                    208.3694305419922,
                    429.35833740234375,
                    0.15880869328975677
                ],
                [
                    140.90277481079102,
                    371.0277862548828,
                    0.09960945695638657
                ],
                [
                    118.41388702392578,
                    373.1361083984375,
                    0.2004638910293579
                ],
                [
                    112.79167175292969,
                    447.63055419921875,
                    0.001793355098925531
                ],
                [
                    69.21945190429688,
                    387.1916809082031,
                    0.2580792307853699
                ],
                [
                    163.39166259765625,
                    368.9194641113281,
                    0.09960945695638657
                ],
                [
                    140.90277099609375,
                    457.46942138671875,
                    0.006038093939423561
                ],
                [
                    77.65278625488281,
                    387.1916809082031,
                    0.005389061756432056
                ],
                [
                    39.00001525878906,
                    304.9666748046875,
                    0.0
                ],
                [
                    39.00001525878906,
                    304.9666748046875,
                    0.0
                ],
                [
                    39.00001525878906,
                    304.9666748046875,
                    0.0
                ],
                [
                    39.00001525878906,
                    304.9666748046875,
                    0.0
                ],
                [
                    0.0,
                    0.0,
                    0.0
                ],
                [
                    0.0,
                    0.0,
                    0.0
                ],
                [
                    0.0,
                    0.0,
                    0.0
                ],
                [
                    0.0,
                    0.0,
                    0.0
                ],
                [
                    0.0,
                    0.0,
                    0.0
                ],
                [
                    0.0,
                    0.0,
                    0.0
                ]
            ],
            "isKeyframe": false
        }
    ],
    "isKeyframe": false
}