{
    "filename": "images/demo_H2FNV1/000152.jpg",
    "height": 1080,
    "width": 1920,
    "annots": [
        {
            "bbox": [
                780.511474609375,
                159.3613739013672,
                1136.83935546875,
                511.685546875,
                1.0,
                1.0,
                0.0
            ],
            "personID": 0,
            "keypoints": [
                [
                    1115.80615234375,
                    341.7096862792969,
                    0.9648940563201904
                ],
                [
                    1047.7573852539062,
                    370.1664276123047,
                    0.5726996064186096
                ],
                [
                    1056.4180908203125,
                    366.4546813964844,
                    0.5726996064186096
                ],
                [
                    1034.1475830078125,
                    302.1177062988281,
                    0.9414637684822083
                ],
                [
                    1016.826171875,
                    237.7807159423828,
                    0.9099580645561218
                ],
                [
                    1039.0966796875,
                    373.878173828125,
                    0.6779096126556396
                ],
                [
                    950.0146484375,
                    297.168701171875,
                    0.9248746037483215
                ],
                [
                    947.5401611328125,
                    215.51022338867188,
                    0.8913885354995728
                ],
                [
                    910.4226684570312,
                    439.45240783691406,
                    0.4854862689971924
                ],
                [
                    925.2696533203125,
                    448.1131591796875,
                    0.4854862689971924
                ],
                [
                    851.0347290039062,
                    373.878173828125,
                    0.635042667388916
                ],
                [
                    828.7642211914062,
                    475.3326416015625,
                    0.5270885229110718
                ],
                [
                    895.57568359375,
                    430.7916564941406,
                    0.6740947365760803
                ],
                [
                    806.4937133789062,
                    363.98016357421875,
                    0.8997518420219421
                ],
                [
                    808.9682006835938,
                    480.2816467285156,
                    0.8321503400802612
                ],
                [
                    0.0,
                    0.0,
                    0.0
                ],
                [
                    0.0,
                    0.0,
                    0.0
                ],
                [
                    0.0,
                    0.0,
                    0.0
                ],
                [
                    0.0,
                    0.0,
                    0.0
                ],
                [
                    0.0,
                    0.0,
                    0.0
                ],
                [
                    0.0,
                    0.0,
                    0.0
                ],
                [
                    0.0,
                    0.0,
                    0.0
                ],
                [
                    0.0,
                    0.0,
                    0.0
                ],
                [
                    0.0,
                    0.0,
                    0.0
                ],
                [
                    0.0,
                    0.0,
                    0.0
                ]
            ],
            "isKeyframe": true,
            "area": 126969.55867773294
        },
        {
            "bbox": [
                55.00801467895508,
                241.69601440429688,
                270.8630676269531,
                495.44415283203125,
                1.0,
                1.0,
                0.0
            ],
            "personID": 1,
            "keypoints": [
                [
                    105.22430419921875,
                    364.82257080078125,
                    0.5300382375717163
                ],
                [
                    129.95769119262695,
                    372.3175506591797,
                    0.5836434364318848
                ],
                [
                    81.24040985107422,
                    379.8125305175781,
                    0.5836434364318848
                ],
                [
                    69.24846649169922,
                    339.3396911621094,
                    0.9078945517539978
                ],
                [
                    75.24443817138672,
                    283.876953125,
                    0.9054512977600098
                ],
                [
                    178.6749725341797,
                    364.82257080078125,
                    0.6282780170440674
                ],
                [
                    205.6568603515625,
                    337.8406982421875,
                    0.8871316313743591
                ],
                [
                    208.65484619140625,
                    291.3719177246094,
                    0.8788658976554871
                ],
                [
                    172.67900848388672,
                    433.7762756347656,
                    0.7199483513832092
                ],
                [
                    151.69309997558594,
                    430.7782897949219,
                    0.7199483513832092
                ],
                [
                    184.6709442138672,
                    381.3115234375,
                    0.7928125858306885
                ],
                [
                    207.15585327148438,
                    472.7500915527344,
                    0.7215740084648132
                ],
                [
                    193.6649169921875,
                    436.7742614746094,
                    0.738624632358551
                ],
                [
                    241.6326904296875,
                    391.8044738769531,
                    0.8926570415496826
                ],
                [
                    244.6306915283203,
                    478.74609375,
                    0.7664858102798462
                ],
                [
                    0.0,
                    0.0,
                    0.0
                ],
                [
                    0.0,
                    0.0,
                    0.0
                ],
                [
                    0.0,
                    0.0,
                    0.0
                ],
                [
                    0.0,
                    0.0,
                    0.0
                ],
                [
                    0.0,
                    0.0,
                    0.0
                ],
                [
                    0.0,
                    0.0,
                    0.0
                ],
                [
                    0.0,
                    0.0,
                    0.0
                ],
                [
                    0.0,
                    0.0,
                    0.0
                ],
                [
                    0.0,
                    0.0,
                    0.0
                ],
                [
                    0.0,
                    0.0,
                    0.0
                ]
            ],
            "isKeyframe": true,
            "area": 64388.11775554065
        }
    ],
    "isKeyframe": false
}