{
    "filename": "images/demo_H2FNV1/000162.jpg",
    "height": 1080,
    "width": 1920,
    "annots": [
        {
            "bbox": [
                734,
                215,
                1150,
                476,
                0,
                0,
                1
            ],
            "personID": 0,
            "keypoints": [
                [
                    1115.8333333333335,
                    383.89814814814815,
                    0.952785849571228
                ],
                [
                    1040.111111111111,
                    390.6111111111111,
                    0.667625904083252
                ],
                [
                    1054.0740740740741,
                    381.4814814814815,
                    0.667625904083252
                ],
                [
                    999.0277777777778,
                    325.6296296296296,
                    0.9189490675926208
                ],
                [
                    957.888916015625,
                    271.8333435058594,
                    0.9334442615509033
                ],
                [
                    1026.1481481481483,
                    399.74074074074076,
                    0.7404298782348633
                ],
                [
                    938.6111111111111,
                    320.7962962962963,
                    0.9151239991188049
                ],
                [
                    900.111083984375,
                    257.3888854980469,
                    0.9516046643257141
                ],
                [
                    909.3425925925926,
                    406.72222222222223,
                    0.4919077455997467
                ],
                [
                    928.4074074074074,
                    398.6666666666667,
                    0.4919077455997467
                ],
                [
                    925.1851851851852,
                    300.1203703703704,
                    0.5335437655448914
                ],
                [
                    816.7037037037037,
                    351.6759259259259,
                    0.5725998282432556
                ],
                [
                    890.2777777777778,
                    414.77777777777777,
                    0.7526559233665466
                ],
                [
                    894.3333129882812,
                    289.1666564941406,
                    0.8504273891448975
                ],
                [
                    790.3333129882812,
                    326.72222900390625,
                    0.8893673419952393
                ],
                [
                    0.0,
                    0.0,
                    0.0
                ],
                [
                    0.0,
                    0.0,
                    0.0
                ],
                [
                    0.0,
                    0.0,
                    0.0
                ],
                [
                    0.0,
                    0.0,
                    0.0
                ],
                [
                    0.0,
                    0.0,
                    0.0
                ],
                [
                    0.0,
                    0.0,
                    0.0
                ],
                [
                    0.0,
                    0.0,
                    0.0
                ],
                [
                    0.0,
                    0.0,
                    0.0
                ],
                [
                    0.0,
                    0.0,
                    0.0
                ],
                [
                    0.0,
                    0.0,
                    0.0
                ]
            ],
            "isKeyframe": false
        },
        {
            "bbox": [
                66,
                264,
                270,
                460,
                0,
                0,
                1
            ],
            "personID": 1,
            "keypoints": [
                [
                    92.4156378600823,
                    410.39506172839504,
                    0.022408556193113327
                ],
                [
                    119.940329218107,
                    389.82716049382714,
                    0.2035677134990692
                ],
                [
                    89.5925925925926,
                    392.4485596707819,
                    0.5354232788085938
                ],
                [
                    90.19753086419753,
                    352.7242798353909,
                    0.5729086399078369
                ],
                [
                    106.375,
                    315.9583435058594,
                    0.8120192885398865
                ],
                [
                    150.28806584362138,
                    387.20576131687244,
                    0.2035677134990692
                ],
                [
                    202.11111111111111,
                    364.6213991769547,
                    0.30396825075149536
                ],
                [
                    202.7083282470703,
                    313.125,
                    0.5680434107780457
                ],
                [
                    168.0,
                    422.9166564941406,
                    0.6219536066055298
                ],
                [
                    144.625,
                    425.0416564941406,
                    0.6219536066055298
                ],
                [
                    147.4583282470703,
                    325.875,
                    0.8413993716239929
                ],
                [
                    198.4583282470703,
                    355.625,
                    0.4518861472606659
                ],
                [
                    191.375,
                    420.7916564941406,
                    0.7339605093002319
                ],
                [
                    184.16460905349794,
                    333.76954732510285,
                    0.3147504925727844
                ],
                [
                    219.6543209876543,
                    359.7818930041152,
                    0.7112210392951965
                ],
                [
                    0.0,
                    0.0,
                    -1.0
                ],
                [
                    0.0,
                    0.0,
                    -1.0
                ],
                [
                    0.0,
                    0.0,
                    -1.0
                ],
                [
                    0.0,
                    0.0,
                    -1.0
                ],
                [
                    0.0,
                    0.0,
                    -1.0
                ],
                [
                    0.0,
                    0.0,
                    -1.0
                ],
                [
                    0.0,
                    0.0,
                    -1.0
                ],
                [
                    0.0,
                    0.0,
                    -1.0
                ],
                [
                    0.0,
                    0.0,
                    -1.0
                ],
                [
                    0.0,
                    0.0,
                    -1.0
                ]
            ],
            "isKeyframe": false
        }
    ],
    "isKeyframe": true
}