{
    "filename": "images/demo_H2FNV1/000158.jpg",
    "height": 1080,
    "width": 1920,
    "annots": [
        {
            "bbox": [
                744.3651733398438,
                173.125732421875,
                1132.5279541015625,
                459.3974609375,
                1.0,
                1.0,
                0.0
            ],
            "personID": 0,
            "keypoints": [
                [
                    1115.0067138671875,
                    363.43414306640625,
                    0.8841534852981567
                ],
                [
                    1042.2261962890625,
                    378.2598114013672,
                    0.6197951436042786
                ],
                [
                    1047.6173095703125,
                    376.9120178222656,
                    0.6197951436042786
                ],
                [
                    1009.8792724609375,
                    312.2182312011719,
                    0.9012082815170288
                ],
                [
                    974.8367919921875,
                    261.0023193359375,
                    0.9297742247581482
                ],
                [
                    1036.8350830078125,
                    379.60760498046875,
                    0.7700817584991455
                ],
                [
                    939.7943115234375,
                    309.5226745605469,
                    0.9370983839035034
                ],
                [
                    910.1430053710938,
                    239.43771362304688,
                    0.9216697216033936
                ],
                [
                    907.4474182128906,
                    429.4757385253906,
                    0.44334912300109863
                ],
                [
                    920.92529296875,
                    430.8235168457031,
                    0.44334912300109863
                ],
                [
                    891.2739868164062,
                    320.3049621582031,
                    0.9841780066490173
                ],
                [
                    810.4066772460938,
                    409.2589416503906,
                    0.7138099670410156
                ],
                [
                    893.9695434570312,
                    428.1279602050781,
                    0.6803516149520874
                ],
                [
                    850.84033203125,
                    306.82708740234375,
                    0.9460604190826416
                ],
                [
                    783.450927734375,
                    403.8677673339844,
                    0.8277601599693298
                ],
                [
                    0.0,
                    0.0,
                    0.0
                ],
                [
                    0.0,
                    0.0,
                    0.0
                ],
                [
                    0.0,
                    0.0,
                    0.0
                ],
                [
                    0.0,
                    0.0,
                    0.0
                ],
                [
                    0.0,
                    0.0,
                    0.0
                ],
                [
                    0.0,
                    0.0,
                    0.0
                ],
                [
                    0.0,
                    0.0,
                    0.0
                ],
                [
                    0.0,
                    0.0,
                    0.0
                ],
                [
                    0.0,
                    0.0,
                    0.0
                ],
                [
                    0.0,
                    0.0,
                    0.0
                ]
            ],
            "isKeyframe": true,
            "area": 150670.34436867014
        },
        {
            "bbox": [
                57,
                264.6951599121094,
                263.84674072265625,
                460,
                1.0,
                1.0,
                0.0
            ],
            "personID": 1,
            "keypoints": [
                [
                    87.88336944580078,
                    374.55731201171875,
                    0.16285346448421478
                ],
                [
                    110.86633682250977,
                    381.0212707519531,
                    0.26340192556381226
                ],
                [
                    82.13762664794922,
                    387.4852294921875,
                    0.6621577143669128
                ],
                [
                    82.13762664794922,
                    354.44720458984375,
                    0.8410713076591492
                ],
                [
                    96.50198364257812,
                    296.9897766113281,
                    0.8621065616607666
                ],
                [
                    139.5950469970703,
                    374.55731201171875,
                    0.26340192556381226
                ],
                [
                    195.6160430908203,
                    348.7014465332031,
                    0.8382881879806519
                ],
                [
                    209.98040771484375,
                    305.6083984375,
                    0.9316378235816956
                ],
                [
                    172.63307189941406,
                    428.4236297607422,
                    0.674430787563324
                ],
                [
                    151.08653259277344,
                    426.26898193359375,
                    0.6960083246231079
                ],
                [
                    162.57801818847656,
                    340.0828552246094,
                    0.8594146370887756
                ],
                [
                    201.36178588867188,
                    400.41314697265625,
                    0.7060653567314148
                ],
                [
                    194.1796112060547,
                    430.5782775878906,
                    0.674430787563324
                ],
                [
                    220.0354461669922,
                    345.8285827636719,
                    0.8994023203849792
                ],
                [
                    240.1455535888672,
                    416.21392822265625,
                    0.8083401322364807
                ],
                [
                    0.0,
                    0.0,
                    0.0
                ],
                [
                    0.0,
                    0.0,
                    0.0
                ],
                [
                    0.0,
                    0.0,
                    0.0
                ],
                [
                    0.0,
                    0.0,
                    0.0
                ],
                [
                    0.0,
                    0.0,
                    0.0
                ],
                [
                    0.0,
                    0.0,
                    0.0
                ],
                [
                    0.0,
                    0.0,
                    0.0
                ],
                [
                    0.0,
                    0.0,
                    0.0
                ],
                [
                    0.0,
                    0.0,
                    0.0
                ],
                [
                    0.0,
                    0.0,
                    0.0
                ]
            ],
            "isKeyframe": true,
            "area": 32378.657080427743
        }
    ],
    "isKeyframe": false
}