{
    "filename": "images/demo_H2FNV1/000195.jpg",
    "height": 1080,
    "width": 1920,
    "annots": [
        {
            "bbox": [
                833,
                297,
                1167,
                592,
                1.0,
                1.0,
                0.0
            ],
            "personID": 0,
            "keypoints": [
                [
                    912.09375,
                    560.1270751953125,
                    1.0259929895401
                ],
                [
                    896.3041687011719,
                    507.90000915527344,
                    0.3970436155796051
                ],
                [
                    904.8062744140625,
                    509.1145935058594,
                    0.3970436155796051
                ],
                [
                    989.8270874023438,
                    443.527099609375,
                    0.282558798789978
                ],
                [
                    1040.839599609375,
                    458.1020812988281,
                    0.638724684715271
                ],
                [
                    887.8020629882812,
                    506.6854248046875,
                    0.7405096292495728
                ],
                [
                    902.3770751953125,
                    448.38543701171875,
                    0.9400371313095093
                ],
                [
                    967.964599609375,
                    479.964599609375,
                    0.8486236929893494
                ],
                [
                    954.6041564941406,
                    343.93125915527344,
                    0.6739081144332886
                ],
                [
                    975.2520751953125,
                    331.7854309082031,
                    0.6801895499229431
                ],
                [
                    1033.5521240234375,
                    467.8187561035156,
                    0.3926827907562256
                ],
                [
                    1069.9896240234375,
                    414.3771057128906,
                    0.16047419607639313
                ],
                [
                    933.9562377929688,
                    356.07708740234375,
                    0.6739081144332886
                ],
                [
                    982.5396118164062,
                    475.10626220703125,
                    0.6463198661804199
                ],
                [
                    1062.7021484375,
                    397.3729248046875,
                    0.6191977858543396
                ],
                [
                    907.2354125976562,
                    567.4146118164062,
                    0.0
                ],
                [
                    899.9479370117188,
                    562.5562744140625,
                    0.0
                ],
                [
                    880.5145874023438,
                    535.83544921875,
                    0.0
                ],
                [
                    880.5145874023438,
                    538.2645874023438,
                    0.0
                ],
                [
                    0.0,
                    0.0,
                    0.0
                ],
                [
                    0.0,
                    0.0,
                    0.0
                ],
                [
                    0.0,
                    0.0,
                    0.0
                ],
                [
                    0.0,
                    0.0,
                    0.0
                ],
                [
                    0.0,
                    0.0,
                    0.0
                ],
                [
                    0.0,
                    0.0,
                    0.0
                ]
            ],
            "isKeyframe": true,
            "area": 51364.43744376395
        },
        {
            "bbox": [
                31,
                320,
                244,
                553,
                0,
                0,
                1
            ],
            "personID": 1,
            "keypoints": [
                [
                    173.17221069335938,
                    508.4944152832031,
                    0.8530058860778809
                ],
                [
                    175.38888549804688,
                    464.1611022949219,
                    0.7432644963264465
                ],
                [
                    142.13888549804688,
                    471.54998779296875,
                    0.7432644963264465
                ],
                [
                    112.58332824707031,
                    446.4277648925781,
                    0.5999242067337036
                ],
                [
                    85.98332977294922,
                    434.60552978515625,
                    0.6782581210136414
                ],
                [
                    208.63888549804688,
                    456.772216796875,
                    0.7776506543159485
                ],
                [
                    204.20555114746094,
                    410.9610900878906,
                    0.8669403195381165
                ],
                [
                    213.07220458984375,
                    427.2166442871094,
                    0.2987305521965027
                ],
                [
                    136.96665954589844,
                    366.6277618408203,
                    0.28083181381225586
                ],
                [
                    109.62777709960938,
                    369.58331298828125,
                    0.28514352440834045
                ],
                [
                    88.93888854980469,
                    439.03887939453125,
                    0.005593785084784031
                ],
                [
                    68.25,
                    406.52777099609375,
                    0.2955451011657715
                ],
                [
                    164.3055419921875,
                    363.6722106933594,
                    0.28083181381225586
                ],
                [
                    130.31666564941406,
                    456.772216796875,
                    0.030327368527650833
                ],
                [
                    72.68333435058594,
                    410.9610900878906,
                    0.015021207742393017
                ],
                [
                    35.0,
                    296.4333190917969,
                    0.0
                ],
                [
                    35.0,
                    296.4333190917969,
                    0.0
                ],
                [
                    35.0,
                    296.4333190917969,
                    0.0
                ],
                [
                    35.0,
                    296.4333190917969,
                    0.0
                ],
                [
                    0.0,
                    0.0,
                    0.0
                ],
                [
                    0.0,
                    0.0,
                    0.0
                ],
                [
                    0.0,
                    0.0,
                    0.0
                ],
                [
                    0.0,
                    0.0,
                    0.0
                ],
                [
                    0.0,
                    0.0,
                    0.0
                ],
                [
                    0.0,
                    0.0,
                    0.0
                ]
            ],
            "isKeyframe": false
        }
    ],
    "isKeyframe": false
}