{
    "filename": "images/demo_H2FNV1/000125.jpg",
    "height": 1080,
    "width": 1920,
    "annots": [
        {
            "bbox": [
                820.9627075195312,
                230.9847412109375,
                1043.7757568359375,
                851.6972045898438,
                1.0,
                1.0,
                0.0
            ],
            "personID": 0,
            "keypoints": [
                [
                    976.0131225585938,
                    352.2176208496094,
                    0.9440099000930786
                ],
                [
                    967.9309387207031,
                    418.49159240722656,
                    0.6837198734283447
                ],
                [
                    988.9446411132812,
                    426.57379150390625,
                    0.6837198734283447
                ],
                [
                    998.6432495117188,
                    336.05322265625,
                    0.9793359637260437
                ],
                [
                    1011.5747680664062,
                    287.56005859375,
                    0.848273754119873
                ],
                [
                    946.917236328125,
                    410.4093933105469,
                    0.7893360257148743
                ],
                [
                    924.2870483398438,
                    339.2861022949219,
                    0.8709671497344971
                ],
                [
                    988.9446411132812,
                    274.6285400390625,
                    0.8705735206604004
                ],
                [
                    922.670654296875,
                    578.51904296875,
                    0.7856489419937134
                ],
                [
                    946.917236328125,
                    578.51904296875,
                    0.7856489419937134
                ],
                [
                    904.8897705078125,
                    672.2724609375,
                    0.955876886844635
                ],
                [
                    927.5199584960938,
                    778.9574584960938,
                    0.8753427267074585
                ],
                [
                    898.424072265625,
                    578.51904296875,
                    0.8413254618644714
                ],
                [
                    849.9308471679688,
                    681.9711303710938,
                    0.92445307970047
                ],
                [
                    891.9583129882812,
                    798.3546752929688,
                    0.8367480039596558
                ],
                [
                    0.0,
                    0.0,
                    0.0
                ],
                [
                    0.0,
                    0.0,
                    0.0
                ],
                [
                    0.0,
                    0.0,
                    0.0
                ],
                [
                    0.0,
                    0.0,
                    0.0
                ],
                [
                    0.0,
                    0.0,
                    0.0
                ],
                [
                    0.0,
                    0.0,
                    0.0
                ],
                [
                    0.0,
                    0.0,
                    0.0
                ],
                [
                    0.0,
                    0.0,
                    0.0
                ],
                [
                    0.0,
                    0.0,
                    0.0
                ],
                [
                    0.0,
                    0.0,
                    0.0
                ]
            ],
            "isKeyframe": true,
            "area": 385283.96219391003
        },
        {
            "bbox": [
                89.2986831665039,
                303.9901123046875,
                249.24942016601562,
                717.1392211914062,
                1.0,
                1.0,
                0.0
            ],
            "personID": 1,
            "keypoints": [
                [
                    144.52813720703125,
                    367.46875,
                    0.8120189309120178
                ],
                [
                    160.66677856445312,
                    410.505126953125,
                    0.875316321849823
                ],
                [
                    135.92086791992188,
                    419.1123962402344,
                    0.875316321849823
                ],
                [
                    90.73268127441406,
                    365.31695556640625,
                    0.8967280983924866
                ],
                [
                    90.73268127441406,
                    326.584228515625,
                    0.9394674897193909
                ],
                [
                    185.41268920898438,
                    401.8978576660156,
                    0.8813380002975464
                ],
                [
                    196.17176818847656,
                    350.25421142578125,
                    0.9753353595733643
                ],
                [
                    148.83177185058594,
                    322.28057861328125,
                    0.9231997728347778
                ],
                [
                    197.2476806640625,
                    513.7923889160156,
                    0.8450070023536682
                ],
                [
                    176.80540466308594,
                    518.0960083007812,
                    0.8740150928497314
                ],
                [
                    194.01995849609375,
                    602.0169677734375,
                    0.8985931873321533
                ],
                [
                    185.41268920898438,
                    681.6342163085938,
                    0.8385648727416992
                ],
                [
                    217.68995666503906,
                    509.48876953125,
                    0.8450070023536682
                ],
                [
                    239.20814514160156,
                    597.7133178710938,
                    0.905447244644165
                ],
                [
                    217.68995666503906,
                    673.0269165039062,
                    0.88078773021698
                ],
                [
                    0.0,
                    0.0,
                    0.0
                ],
                [
                    0.0,
                    0.0,
                    0.0
                ],
                [
                    0.0,
                    0.0,
                    0.0
                ],
                [
                    0.0,
                    0.0,
                    0.0
                ],
                [
                    0.0,
                    0.0,
                    0.0
                ],
                [
                    0.0,
                    0.0,
                    0.0
                ],
                [
                    0.0,
                    0.0,
                    0.0
                ],
                [
                    0.0,
                    0.0,
                    0.0
                ],
                [
                    0.0,
                    0.0,
                    0.0
                ],
                [
                    0.0,
                    0.0,
                    0.0
                ]
            ],
            "isKeyframe": true,
            "area": 170692.1861738898
        }
    ],
    "isKeyframe": false
}