{
    "filename": "images/demo_H2FNV1/000156.jpg",
    "height": 1080,
    "width": 1920,
    "annots": [
        {
            "bbox": [
                752.7857666015625,
                203.88417053222656,
                1151.40576171875,
                461.86053466796875,
                1.0,
                1.0,
                0.0
            ],
            "personID": 0,
            "keypoints": [
                [
                    1116.8033447265625,
                    356.40203857421875,
                    0.9538853764533997
                ],
                [
                    1039.2938842773438,
                    375.7793884277344,
                    0.6781550645828247
                ],
                [
                    1044.830322265625,
                    373.0111999511719,
                    0.6781550645828247
                ],
                [
                    1014.380126953125,
                    306.57452392578125,
                    0.8939371705055237
                ],
                [
                    983.9299926757812,
                    253.9788360595703,
                    0.9209430813789368
                ],
                [
                    1033.7574462890625,
                    378.5475769042969,
                    0.7291275262832642
                ],
                [
                    942.4071044921875,
                    306.57452392578125,
                    0.9452698230743408
                ],
                [
                    914.7251586914062,
                    229.06507873535156,
                    0.9194435477256775
                ],
                [
                    903.6523742675781,
                    432.5273742675781,
                    0.39604422450065613
                ],
                [
                    917.4933471679688,
                    436.6796569824219,
                    0.39604422450065613
                ],
                [
                    875.9703979492188,
                    334.2564697265625,
                    0.7346624732017517
                ],
                [
                    809.5337524414062,
                    431.1432800292969,
                    0.7818469405174255
                ],
                [
                    889.8114013671875,
                    428.3750915527344,
                    0.7304287552833557
                ],
                [
                    842.7520751953125,
                    317.6473083496094,
                    0.8997902274131775
                ],
                [
                    787.38818359375,
                    422.83868408203125,
                    0.8057844042778015
                ],
                [
                    0.0,
                    0.0,
                    0.0
                ],
                [
                    0.0,
                    0.0,
                    0.0
                ],
                [
                    0.0,
                    0.0,
                    0.0
                ],
                [
                    0.0,
                    0.0,
                    0.0
                ],
                [
                    0.0,
                    0.0,
                    0.0
                ],
                [
                    0.0,
                    0.0,
                    0.0
                ],
                [
                    0.0,
                    0.0,
                    0.0
                ],
                [
                    0.0,
                    0.0,
                    0.0
                ],
                [
                    0.0,
                    0.0,
                    0.0
                ],
                [
                    0.0,
                    0.0,
                    0.0
                ]
            ],
            "isKeyframe": true,
            "area": 158897.9005072266
        },
        {
            "bbox": [
                50,
                256.276611328125,
                262.8873596191406,
                463,
                1.0,
                1.0,
                0.0
            ],
            "personID": 1,
            "keypoints": [
                [
                    86.22042083740234,
                    373.6829528808594,
                    0.2018166482448578
                ],
                [
                    114.30971908569336,
                    379.5964813232422,
                    0.21764016151428223
                ],
                [
                    83.2636489868164,
                    386.9884033203125,
                    0.6714299917221069
                ],
                [
                    78.82849884033203,
                    350.02880859375,
                    0.823666512966156
                ],
                [
                    93.61234283447266,
                    292.371826171875,
                    0.8520769476890564
                ],
                [
                    145.3557891845703,
                    372.2045593261719,
                    0.21764016151428223
                ],
                [
                    198.57763671875,
                    348.5504150390625,
                    0.9130520820617676
                ],
                [
                    210.4047088623047,
                    302.7204895019531,
                    0.9308072328567505
                ],
                [
                    172.70590209960938,
                    430.6007537841797,
                    0.6771617531776428
                ],
                [
                    152.74771118164062,
                    428.3831787109375,
                    0.6771617531776428
                ],
                [
                    164.57479858398438,
                    347.0720520019531,
                    0.8896248936653137
                ],
                [
                    204.49118041992188,
                    418.03448486328125,
                    0.7915377020835876
                ],
                [
                    192.66409301757812,
                    432.8183288574219,
                    0.7082746028900146
                ],
                [
                    223.71017456054688,
                    352.9855651855469,
                    0.8270341753959656
                ],
                [
                    238.4940185546875,
                    419.51287841796875,
                    0.7386859655380249
                ],
                [
                    0.0,
                    0.0,
                    0.0
                ],
                [
                    0.0,
                    0.0,
                    0.0
                ],
                [
                    0.0,
                    0.0,
                    0.0
                ],
                [
                    0.0,
                    0.0,
                    0.0
                ],
                [
                    0.0,
                    0.0,
                    0.0
                ],
                [
                    0.0,
                    0.0,
                    0.0
                ],
                [
                    0.0,
                    0.0,
                    0.0
                ],
                [
                    0.0,
                    0.0,
                    0.0
                ],
                [
                    0.0,
                    0.0,
                    0.0
                ],
                [
                    0.0,
                    0.0,
                    0.0
                ]
            ],
            "isKeyframe": true,
            "area": 35511.04921440128
        }
    ],
    "isKeyframe": false
}