{
    "filename": "images/demo_H2FNV1/000108.jpg",
    "height": 1080,
    "width": 1920,
    "annots": [
        {
            "bbox": [
                813.0321655273438,
                416.4000244140625,
                1000.814208984375,
                849.427978515625,
                1.0,
                1.0,
                0.0
            ],
            "personID": 0,
            "keypoints": [
                [
                    899.0294799804688,
                    464.8901062011719,
                    0.9170552492141724
                ],
                [
                    930.6044311523438,
                    524.6570129394531,
                    0.8061477541923523
                ],
                [
                    959.9240112304688,
                    519.0186157226562,
                    0.8280662894248962
                ],
                [
                    901.2848510742188,
                    530.29541015625,
                    0.5686099529266357
                ],
                [
                    835.8795776367188,
                    514.5079345703125,
                    0.7187420725822449
                ],
                [
                    901.2848510742188,
                    530.29541015625,
                    0.8061477541923523
                ],
                [
                    815.5813598632812,
                    552.8489379882812,
                    0.8322136998176575
                ],
                [
                    756.942138671875,
                    537.0614624023438,
                    0.5827580094337463
                ],
                [
                    961.0516967773438,
                    679.1487426757812,
                    0.6900960206985474
                ],
                [
                    984.73291015625,
                    679.1487426757812,
                    0.7033169269561768
                ],
                [
                    892.263427734375,
                    701.7023315429688,
                    0.6820245981216431
                ],
                [
                    932.8598022460938,
                    803.1932373046875,
                    0.823424220085144
                ],
                [
                    937.3704833984375,
                    679.1487426757812,
                    0.6900960206985474
                ],
                [
                    842.6456298828125,
                    706.2130126953125,
                    0.9002718329429626
                ],
                [
                    899.0294799804688,
                    814.4700317382812,
                    0.830216646194458
                ],
                [
                    0.0,
                    0.0,
                    0.0
                ],
                [
                    0.0,
                    0.0,
                    0.0
                ],
                [
                    0.0,
                    0.0,
                    0.0
                ],
                [
                    0.0,
                    0.0,
                    0.0
                ],
                [
                    0.0,
                    0.0,
                    0.0
                ],
                [
                    0.0,
                    0.0,
                    0.0
                ],
                [
                    0.0,
                    0.0,
                    0.0
                ],
                [
                    0.0,
                    0.0,
                    0.0
                ],
                [
                    0.0,
                    0.0,
                    0.0
                ],
                [
                    0.0,
                    0.0,
                    0.0
                ]
            ],
            "isKeyframe": true,
            "area": 187513.20903338492
        },
        {
            "bbox": [
                121.67572021484375,
                408.9781188964844,
                291.0644836425781,
                752.8565063476562,
                1.0,
                1.0,
                0.0
            ],
            "personID": 1,
            "keypoints": [
                [
                    183.982177734375,
                    442.1122131347656,
                    0.9498061537742615
                ],
                [
                    174.13150024414062,
                    490.47010803222656,
                    0.8523224592208862
                ],
                [
                    139.2063446044922,
                    494.05218505859375,
                    0.8523224592208862
                ],
                [
                    157.11668395996094,
                    511.9625244140625,
                    0.7223454117774963
                ],
                [
                    212.6387176513672,
                    499.4252624511719,
                    0.7927076816558838
                ],
                [
                    209.05665588378906,
                    486.8880310058594,
                    0.8830004930496216
                ],
                [
                    250.25042724609375,
                    506.58941650390625,
                    0.8341355919837952
                ],
                [
                    280.697998046875,
                    488.6790771484375,
                    0.7200866937637329
                ],
                [
                    179.50460052490234,
                    586.2903747558594,
                    0.8733576536178589
                ],
                [
                    157.11668395996094,
                    588.9769287109375,
                    0.8774518370628357
                ],
                [
                    201.89251708984375,
                    623.006591796875,
                    0.9093315005302429
                ],
                [
                    183.982177734375,
                    694.64794921875,
                    0.8567495942115784
                ],
                [
                    201.89251708984375,
                    583.6038208007812,
                    0.8733576536178589
                ],
                [
                    243.08628845214844,
                    621.215576171875,
                    0.9118685126304626
                ],
                [
                    209.05665588378906,
                    683.9017333984375,
                    0.8087375164031982
                ],
                [
                    0.0,
                    0.0,
                    0.0
                ],
                [
                    0.0,
                    0.0,
                    0.0
                ],
                [
                    0.0,
                    0.0,
                    0.0
                ],
                [
                    0.0,
                    0.0,
                    0.0
                ],
                [
                    0.0,
                    0.0,
                    0.0
                ],
                [
                    0.0,
                    0.0,
                    0.0
                ],
                [
                    0.0,
                    0.0,
                    0.0
                ],
                [
                    0.0,
                    0.0,
                    0.0
                ],
                [
                    0.0,
                    0.0,
                    0.0
                ],
                [
                    0.0,
                    0.0,
                    0.0
                ]
            ],
            "isKeyframe": true,
            "area": 118252.34535601828
        }
    ],
    "isKeyframe": false
}