{
    "filename": "images/demo_H2FNV1/000199.jpg",
    "height": 1080,
    "width": 1920,
    "annots": [
        {
            "bbox": [
                836.2977294921875,
                331.6825866699219,
                1097.5185546875,
                559.0158081054688,
                1.0,
                1.0,
                0.0
            ],
            "personID": 0,
            "keypoints": [
                [
                    893.1396484375,
                    553.174560546875,
                    0.9891118407249451
                ],
                [
                    884.9605102539062,
                    497.089111328125,
                    0.37028586864471436
                ],
                [
                    897.8134155273438,
                    504.09979248046875,
                    0.37028586864471436
                ],
                [
                    1000.63671875,
                    504.09979248046875,
                    0.37940555810928345
                ],
                [
                    991.2891845703125,
                    522.794921875,
                    0.5118188858032227
                ],
                [
                    872.1076049804688,
                    490.07843017578125,
                    0.6649423837661743
                ],
                [
                    895.4765625,
                    464.3725891113281,
                    0.8158027529716492
                ],
                [
                    956.2357788085938,
                    513.4473876953125,
                    0.7991583347320557
                ],
                [
                    976.099365234375,
                    367.3914794921875,
                    0.6583637595176697
                ],
                [
                    995.9629516601562,
                    356.8754577636719,
                    0.6583637595176697
                ],
                [
                    1021.6688232421875,
                    490.07843017578125,
                    0.5548331141471863
                ],
                [
                    1122.1552734375,
                    485.4046325683594,
                    0.3231189548969269
                ],
                [
                    956.2357788085938,
                    377.9075012207031,
                    0.7056646943092346
                ],
                [
                    974.930908203125,
                    504.09979248046875,
                    0.6748076677322388
                ],
                [
                    1087.101806640625,
                    487.7415466308594,
                    0.5556959509849548
                ],
                [
                    881.4552001953125,
                    557.848388671875,
                    0.0
                ],
                [
                    879.1182861328125,
                    555.511474609375,
                    0.0
                ],
                [
                    860.423095703125,
                    529.8056640625,
                    0.0
                ],
                [
                    862.760009765625,
                    527.46875,
                    0.0
                ],
                [
                    0.0,
                    0.0,
                    0.0
                ],
                [
                    0.0,
                    0.0,
                    0.0
                ],
                [
                    0.0,
                    0.0,
                    0.0
                ],
                [
                    0.0,
                    0.0,
                    0.0
                ],
                [
                    0.0,
                    0.0,
                    0.0
                ],
                [
                    0.0,
                    0.0,
                    0.0
                ]
            ],
            "isKeyframe": true,
            "area": 68236.31951572001
        },
        {
            "bbox": [
                51.68668746948242,
                357.71002197265625,
                229.41017150878906,
                534.8939819335938,
                1.0,
                1.0,
                0.0
            ],
            "personID": 1,
            "keypoints": [
                [
                    184.07452392578125,
                    508.163330078125,
                    0.8232666254043579
                ],
                [
                    178.40748596191406,
                    462.82704162597656,
                    0.6897216439247131
                ],
                [
                    144.40525817871094,
                    468.49407958984375,
                    0.6897216439247131
                ],
                [
                    96.23542785644531,
                    448.659423828125,
                    0.6403509378433228
                ],
                [
                    74.98403930664062,
                    462.8270263671875,
                    0.4093725383281708
                ],
                [
                    212.4097137451172,
                    457.1600036621094,
                    0.7913338541984558
                ],
                [
                    186.9080352783203,
                    414.6571960449219,
                    0.20574569702148438
                ],
                [
                    114.65330505371094,
                    469.91082763671875,
                    0.14209425449371338
                ],
                [
                    130.94603729248047,
                    387.0303955078125,
                    0.42152002453804016
                ],
                [
                    103.31922912597656,
                    387.73876953125,
                    0.5069823265075684
                ],
                [
                    93.40190887451172,
                    474.1611022949219,
                    0.08925481885671616
                ],
                [
                    70.73375701904297,
                    467.0773010253906,
                    0.12212628126144409
                ],
                [
                    158.57284545898438,
                    386.322021484375,
                    0.42152002453804016
                ],
                [
                    130.23765563964844,
                    469.91082763671875,
                    0.025726716965436935
                ],
                [
                    101.9024658203125,
                    465.6605529785156,
                    0.070659339427948
                ],
                [
                    43.10694885253906,
                    314.7756652832031,
                    0.0
                ],
                [
                    43.10694885253906,
                    314.7756652832031,
                    0.0
                ],
                [
                    43.10694885253906,
                    314.7756652832031,
                    0.0
                ],
                [
                    43.10694885253906,
                    314.7756652832031,
                    0.0
                ],
                [
                    0.0,
                    0.0,
                    0.0
                ],
                [
                    0.0,
                    0.0,
                    0.0
                ],
                [
                    0.0,
                    0.0,
                    0.0
                ],
                [
                    0.0,
                    0.0,
                    0.0
                ],
                [
                    0.0,
                    0.0,
                    0.0
                ],
                [
                    0.0,
                    0.0,
                    0.0
                ]
            ],
            "isKeyframe": true,
            "area": 31585.636779069682
        }
    ],
    "isKeyframe": false
}