{
    "filename": "images/demo_H2FNV1/000172.jpg",
    "height": 1080,
    "width": 1920,
    "annots": [
        {
            "bbox": [
                825.3668212890625,
                183.342529296875,
                1098.58447265625,
                496.4833679199219,
                1.0,
                1.0,
                0.0
            ],
            "personID": 0,
            "keypoints": [
                [
                    1085.3603515625,
                    450.35302734375,
                    0.7275826930999756
                ],
                [
                    1020.7222595214844,
                    428.8069610595703,
                    0.511564314365387
                ],
                [
                    1034.060302734375,
                    415.46893310546875,
                    0.6246911287307739
                ],
                [
                    993.0201416015625,
                    366.2208557128906,
                    0.7249765992164612
                ],
                [
                    986.8641357421875,
                    306.7127380371094,
                    0.6112362146377563
                ],
                [
                    1007.3842163085938,
                    442.1449890136719,
                    0.511564314365387
                ],
                [
                    931.4600830078125,
                    366.2208557128906,
                    0.8084077835083008
                ],
                [
                    951.9801025390625,
                    292.34869384765625,
                    0.5752854347229004
                ],
                [
                    875.0299682617188,
                    378.5328674316406,
                    0.26046887040138245
                ],
                [
                    878.1079711914062,
                    370.3248596191406,
                    0.26046887040138245
                ],
                [
                    980.7081298828125,
                    304.6607360839844,
                    0.4185917377471924
                ],
                [
                    878.1079711914062,
                    259.5166320800781,
                    0.32496002316474915
                ],
                [
                    871.9519653320312,
                    386.7408752441406,
                    0.4081401526927948
                ],
                [
                    960.1881103515625,
                    296.45269775390625,
                    0.3655107915401459
                ],
                [
                    863.7439575195312,
                    259.5166320800781,
                    0.4070099890232086
                ],
                [
                    811.4178466796875,
                    149.7344207763672,
                    0.0
                ],
                [
                    811.4178466796875,
                    149.7344207763672,
                    0.0
                ],
                [
                    811.4178466796875,
                    149.7344207763672,
                    0.0
                ],
                [
                    811.4178466796875,
                    149.7344207763672,
                    0.0
                ],
                [
                    0.0,
                    0.0,
                    0.0
                ],
                [
                    0.0,
                    0.0,
                    0.0
                ],
                [
                    0.0,
                    0.0,
                    0.0
                ],
                [
                    0.0,
                    0.0,
                    0.0
                ],
                [
                    0.0,
                    0.0,
                    0.0
                ],
                [
                    0.0,
                    0.0,
                    0.0
                ]
            ],
            "isKeyframe": true,
            "area": 98057.18481354509
        },
        {
            "bbox": [
                47,
                237,
                264,
                480,
                0,
                0,
                1
            ],
            "personID": 1,
            "keypoints": [
                [
                    129.94895935058594,
                    462.5135192871094,
                    0.19584861397743225
                ],
                [
                    127.07257843017578,
                    438.7833251953125,
                    0.12892141938209534
                ],
                [
                    96.87049865722656,
                    427.9968566894531,
                    0.3921276330947876
                ],
                [
                    89.67951965332031,
                    381.9746398925781,
                    0.8344405293464661
                ],
                [
                    102.62327575683594,
                    331.6378479003906,
                    0.7851685285568237
                ],
                [
                    157.274658203125,
                    449.5697937011719,
                    0.12892141938209534
                ],
                [
                    198.98228454589844,
                    393.4801940917969,
                    0.006160047836601734
                ],
                [
                    187.4767303466797,
                    348.89617919921875,
                    0.002065743785351515
                ],
                [
                    170.21839904785156,
                    386.2892303466797,
                    0.28776130080223083
                ],
                [
                    144.33090209960938,
                    393.4801940917969,
                    0.31773385405540466
                ],
                [
                    118.44340515136719,
                    337.390625,
                    0.3529485762119293
                ],
                [
                    138.578125,
                    304.3121643066406,
                    0.5757565498352051
                ],
                [
                    196.10589599609375,
                    379.0982666015625,
                    0.28776130080223083
                ],
                [
                    180.2857666015625,
                    347.4579772949219,
                    0.10960875451564789
                ],
                [
                    180.2857666015625,
                    324.4468688964844,
                    0.4866042733192444
                ],
                [
                    41.50001525878906,
                    231.683349609375,
                    0.0
                ],
                [
                    41.50001525878906,
                    231.683349609375,
                    0.0
                ],
                [
                    41.50001525878906,
                    231.683349609375,
                    0.0
                ],
                [
                    41.50001525878906,
                    231.683349609375,
                    0.0
                ],
                [
                    0.0,
                    0.0,
                    0.0
                ],
                [
                    0.0,
                    0.0,
                    0.0
                ],
                [
                    0.0,
                    0.0,
                    0.0
                ],
                [
                    0.0,
                    0.0,
                    0.0
                ],
                [
                    0.0,
                    0.0,
                    0.0
                ],
                [
                    0.0,
                    0.0,
                    0.0
                ]
            ],
            "isKeyframe": false
        }
    ],
    "isKeyframe": false
}