{
    "filename": "images/demo_H2FNV1/000194.jpg",
    "height": 1080,
    "width": 1920,
    "annots": [
        {
            "bbox": [
                835,
                296,
                1183,
                596,
                1.0,
                1.0,
                0.0
            ],
            "personID": 0,
            "keypoints": [
                [
                    913.6979370117188,
                    563.78125,
                    0.9544153809547424
                ],
                [
                    894.7756958007812,
                    508.1972351074219,
                    0.27574294805526733
                ],
                [
                    904.23681640625,
                    511.7451477050781,
                    0.27574294805526733
                ],
                [
                    1008.3090209960938,
                    440.78680419921875,
                    0.2544231414794922
                ],
                [
                    1041.4228515625,
                    454.9784851074219,
                    0.7421069741249084
                ],
                [
                    885.3145751953125,
                    504.6493225097656,
                    0.7563030123710632
                ],
                [
                    901.8715209960938,
                    447.8826599121094,
                    0.9099746942520142
                ],
                [
                    968.0993041992188,
                    478.6312561035156,
                    0.8290796875953674
                ],
                [
                    955.0902709960938,
                    343.8104248046875,
                    0.6123311519622803
                ],
                [
                    975.1951293945312,
                    331.9840393066406,
                    0.6123311519622803
                ],
                [
                    1034.3270263671875,
                    464.4396057128906,
                    0.37869778275489807
                ],
                [
                    1072.1715087890625,
                    398.2118225097656,
                    0.22528959810733795
                ],
                [
                    934.9854125976562,
                    355.6368103027344,
                    0.6890214085578918
                ],
                [
                    982.2909545898438,
                    476.2659912109375,
                    0.6562092900276184
                ],
                [
                    1060.3450927734375,
                    393.48126220703125,
                    0.6041738390922546
                ],
                [
                    904.23681640625,
                    566.1465454101562,
                    0.0
                ],
                [
                    899.5062255859375,
                    563.78125,
                    0.0
                ],
                [
                    882.9492797851562,
                    533.0326538085938,
                    0.0
                ],
                [
                    880.5840454101562,
                    537.76318359375,
                    0.0
                ],
                [
                    0.0,
                    0.0,
                    0.0
                ],
                [
                    0.0,
                    0.0,
                    0.0
                ],
                [
                    0.0,
                    0.0,
                    0.0
                ],
                [
                    0.0,
                    0.0,
                    0.0
                ],
                [
                    0.0,
                    0.0,
                    0.0
                ],
                [
                    0.0,
                    0.0,
                    0.0
                ]
            ],
            "isKeyframe": true,
            "area": 51329.29421259463
        },
        {
            "bbox": [
                30,
                317,
                252,
                547,
                0,
                0,
                1
            ],
            "personID": 1,
            "keypoints": [
                [
                    173.2375030517578,
                    509.0208435058594,
                    0.8542672991752625
                ],
                [
                    173.23749542236328,
                    464.3291778564453,
                    0.7381104230880737
                ],
                [
                    138.6374969482422,
                    471.5375061035156,
                    0.7381104230880737
                ],
                [
                    106.92083740234375,
                    442.70416259765625,
                    0.42727217078208923
                ],
                [
                    85.29584503173828,
                    434.0541687011719,
                    0.6320409774780273
                ],
                [
                    207.83749389648438,
                    457.120849609375,
                    0.7390451431274414
                ],
                [
                    204.95416259765625,
                    410.9875183105469,
                    0.8923683166503906
                ],
                [
                    210.7208251953125,
                    428.2875061035156,
                    0.2580006420612335
                ],
                [
                    137.91666793823242,
                    368.4583435058594,
                    0.26955726742744446
                ],
                [
                    112.68750762939453,
                    370.620849609375,
                    0.26955726742744446
                ],
                [
                    108.36250305175781,
                    452.79583740234375,
                    0.0035433205775916576
                ],
                [
                    69.43751525878906,
                    402.3375244140625,
                    0.35355547070503235
                ],
                [
                    163.1458282470703,
                    366.29583740234375,
                    0.34636223316192627
                ],
                [
                    129.9875030517578,
                    457.120849609375,
                    0.023607198148965836
                ],
                [
                    73.76251220703125,
                    389.3625183105469,
                    0.006182182114571333
                ],
                [
                    37.00001525878906,
                    300.70001220703125,
                    0.0
                ],
                [
                    37.00001525878906,
                    300.70001220703125,
                    0.0
                ],
                [
                    37.00001525878906,
                    300.70001220703125,
                    0.0
                ],
                [
                    37.00001525878906,
                    300.70001220703125,
                    0.0
                ],
                [
                    0.0,
                    0.0,
                    0.0
                ],
                [
                    0.0,
                    0.0,
                    0.0
                ],
                [
                    0.0,
                    0.0,
                    0.0
                ],
                [
                    0.0,
                    0.0,
                    0.0
                ],
                [
                    0.0,
                    0.0,
                    0.0
                ],
                [
                    0.0,
                    0.0,
                    0.0
                ]
            ],
            "isKeyframe": false
        }
    ],
    "isKeyframe": false
}