{
    "filename": "images/demo_H2FNV1/000144.jpg",
    "height": 1080,
    "width": 1920,
    "annots": [
        {
            "bbox": [
                772.362060546875,
                182.34439086914062,
                1150.551025390625,
                637.8681030273438,
                1.0,
                1.0,
                0.0
            ],
            "personID": 0,
            "keypoints": [
                [
                    1096.711669921875,
                    322.12481689453125,
                    1.0317716598510742
                ],
                [
                    1027.1143188476562,
                    373.337890625,
                    0.5752364993095398
                ],
                [
                    1036.306396484375,
                    374.65106201171875,
                    0.5752364993095398
                ],
                [
                    1059.9432373046875,
                    298.48797607421875,
                    0.9641032218933105
                ],
                [
                    1075.701171875,
                    235.4564971923828,
                    0.9443943500518799
                ],
                [
                    1017.9222412109375,
                    372.02471923828125,
                    0.727619469165802
                ],
                [
                    973.2749633789062,
                    298.48797607421875,
                    0.9309236407279968
                ],
                [
                    1020.548583984375,
                    227.5775604248047,
                    0.8892527222633362
                ],
                [
                    911.5566101074219,
                    452.12725830078125,
                    0.5678775310516357
                ],
                [
                    928.6276245117188,
                    453.4404296875,
                    0.5678775310516357
                ],
                [
                    847.2119750976562,
                    503.34033203125,
                    0.7987395524978638
                ],
                [
                    878.7277221679688,
                    582.1296997070312,
                    0.6672461032867432
                ],
                [
                    894.485595703125,
                    450.8140869140625,
                    0.6953869462013245
                ],
                [
                    794.6857299804688,
                    492.8350830078125,
                    0.8586539030075073
                ],
                [
                    849.8382568359375,
                    597.8875732421875,
                    0.771916389465332
                ],
                [
                    0.0,
                    0.0,
                    0.0
                ],
                [
                    0.0,
                    0.0,
                    0.0
                ],
                [
                    0.0,
                    0.0,
                    0.0
                ],
                [
                    0.0,
                    0.0,
                    0.0
                ],
                [
                    0.0,
                    0.0,
                    0.0
                ],
                [
                    0.0,
                    0.0,
                    0.0
                ],
                [
                    0.0,
                    0.0,
                    0.0
                ],
                [
                    0.0,
                    0.0,
                    0.0
                ],
                [
                    0.0,
                    0.0,
                    0.0
                ],
                [
                    0.0,
                    0.0,
                    0.0
                ]
            ],
            "isKeyframe": true,
            "area": 207501.8523383895
        },
        {
            "bbox": [
                53.074462890625,
                255.72731018066406,
                270.01434326171875,
                581.4038696289062,
                1.0,
                1.0,
                0.0
            ],
            "personID": 1,
            "keypoints": [
                [
                    108.11308288574219,
                    353.26068115234375,
                    0.8678639531135559
                ],
                [
                    132.70845794677734,
                    377.00791931152344,
                    0.7404041886329651
                ],
                [
                    99.63192749023438,
                    380.400390625,
                    0.7645630240440369
                ],
                [
                    52.137420654296875,
                    339.6908264160156,
                    0.9236645698547363
                ],
                [
                    64.01104736328125,
                    298.9812316894531,
                    0.9143213033676147
                ],
                [
                    165.7849884033203,
                    373.6154479980469,
                    0.7404041886329651
                ],
                [
                    201.40586853027344,
                    336.29833984375,
                    0.9208542704582214
                ],
                [
                    177.6586151123047,
                    293.8925476074219,
                    0.8753870129585266
                ],
                [
                    181.0510711669922,
                    425.3505401611328,
                    0.6869138479232788
                ],
                [
                    164.0887451171875,
                    427.8948974609375,
                    0.7090034484863281
                ],
                [
                    204.79832458496094,
                    468.6044616699219,
                    0.9006328582763672
                ],
                [
                    198.01339721679688,
                    553.4160766601562,
                    0.6297047734260559
                ],
                [
                    198.01339721679688,
                    422.8061828613281,
                    0.6869138479232788
                ],
                [
                    257.38153076171875,
                    471.9969177246094,
                    0.8751518726348877
                ],
                [
                    238.7229766845703,
                    572.0746459960938,
                    0.5661998987197876
                ],
                [
                    0.0,
                    0.0,
                    0.0
                ],
                [
                    0.0,
                    0.0,
                    0.0
                ],
                [
                    0.0,
                    0.0,
                    0.0
                ],
                [
                    0.0,
                    0.0,
                    0.0
                ],
                [
                    0.0,
                    0.0,
                    0.0
                ],
                [
                    0.0,
                    0.0,
                    0.0
                ],
                [
                    0.0,
                    0.0,
                    0.0
                ],
                [
                    0.0,
                    0.0,
                    0.0
                ],
                [
                    0.0,
                    0.0,
                    0.0
                ],
                [
                    0.0,
                    0.0,
                    0.0
                ]
            ],
            "isKeyframe": true,
            "area": 106065.22137404443
        }
    ],
    "isKeyframe": false
}