{
    "filename": "images/demo_H2FNV1/000196.jpg",
    "height": 1080,
    "width": 1920,
    "annots": [
        {
            "bbox": [
                817,
                307,
                1176,
                598,
                1.0,
                1.0,
                0.0
            ],
            "personID": 0,
            "keypoints": [
                [
                    905.5034790039062,
                    560.9479370117188,
                    1.0100524425506592
                ],
                [
                    891.9953703703703,
                    509.3827160493827,
                    0.3964022397994995
                ],
                [
                    903.820987654321,
                    511.4783950617284,
                    0.3964022397994995
                ],
                [
                    1005.6111111111111,
                    498.9043209876543,
                    0.0
                ],
                [
                    1043.3333333333333,
                    489.3240740740741,
                    0.0
                ],
                [
                    880.1697530864197,
                    507.28703703703707,
                    0.7897281646728516
                ],
                [
                    900.517333984375,
                    453.74652099609375,
                    0.9397187829017639
                ],
                [
                    962.84375,
                    488.6492919921875,
                    0.8689047694206238
                ],
                [
                    960.3506774902344,
                    347.7916717529297,
                    0.7116148471832275
                ],
                [
                    977.8020629882812,
                    334.0798645019531,
                    0.7846913933753967
                ],
                [
                    1030.15625,
                    468.7048645019531,
                    0.6375246047973633
                ],
                [
                    1097.46875,
                    431.30902099609375,
                    0.21026630699634552
                ],
                [
                    942.8992919921875,
                    361.50347900390625,
                    0.7116148471832275
                ],
                [
                    980.295166015625,
                    486.15625,
                    0.7372159957885742
                ],
                [
                    1065.05908203125,
                    426.3229064941406,
                    0.6787461042404175
                ],
                [
                    -1.1368683772161603e-13,
                    0.0,
                    0.0
                ],
                [
                    -1.1368683772161603e-13,
                    0.0,
                    0.0
                ],
                [
                    -1.1368683772161603e-13,
                    0.0,
                    0.0
                ],
                [
                    -1.1368683772161603e-13,
                    0.0,
                    0.0
                ],
                [
                    -1.1368683772161603e-13,
                    0.0,
                    0.0
                ],
                [
                    -1.1368683772161603e-13,
                    0.0,
                    0.0
                ],
                [
                    -1.1368683772161603e-13,
                    0.0,
                    0.0
                ],
                [
                    -1.1368683772161603e-13,
                    0.0,
                    0.0
                ],
                [
                    -1.1368683772161603e-13,
                    0.0,
                    0.0
                ],
                [
                    -1.1368683772161603e-13,
                    0.0,
                    0.0
                ]
            ],
            "isKeyframe": true,
            "area": 52387.48155698553
        },
        {
            "bbox": [
                33,
                317,
                251,
                558,
                0,
                0,
                1
            ],
            "personID": 1,
            "keypoints": [
                [
                    176.0625,
                    507.8958435058594,
                    0.8246394395828247
                ],
                [
                    175.30555725097656,
                    463.99305725097656,
                    0.7370492815971375
                ],
                [
                    141.24305725097656,
                    471.5625,
                    0.7370492815971375
                ],
                [
                    113.99305725097656,
                    447.34027099609375,
                    0.7649069428443909
                ],
                [
                    83.71527862548828,
                    433.71527099609375,
                    0.8518350720405579
                ],
                [
                    209.36805725097656,
                    456.4236145019531,
                    0.8215824365615845
                ],
                [
                    201.79861450195312,
                    417.0625,
                    0.5786083936691284
                ],
                [
                    203.3125,
                    418.5763854980469,
                    0.17175999283790588
                ],
                [
                    132.15972518920898,
                    373.15972900390625,
                    0.41177529096603394
                ],
                [
                    103.39583587646484,
                    373.15972900390625,
                    0.41177529096603394
                ],
                [
                    83.71527862548828,
                    438.2569580078125,
                    0.22839835286140442
                ],
                [
                    71.60416412353516,
                    427.65972900390625,
                    0.7157319784164429
                ],
                [
                    160.92361450195312,
                    373.15972900390625,
                    0.47576478123664856
                ],
                [
                    130.6458282470703,
                    456.4236145019531,
                    0.056063827127218246
                ],
                [
                    83.71527862548828,
                    426.1458435058594,
                    0.10216756165027618
                ],
                [
                    0.0,
                    0.0,
                    -1.0
                ],
                [
                    0.0,
                    0.0,
                    -1.0
                ],
                [
                    0.0,
                    0.0,
                    -1.0
                ],
                [
                    0.0,
                    0.0,
                    -1.0
                ],
                [
                    0.0,
                    0.0,
                    -1.0
                ],
                [
                    0.0,
                    0.0,
                    -1.0
                ],
                [
                    0.0,
                    0.0,
                    -1.0
                ],
                [
                    0.0,
                    0.0,
                    -1.0
                ],
                [
                    0.0,
                    0.0,
                    -1.0
                ],
                [
                    0.0,
                    0.0,
                    -1.0
                ]
            ],
            "isKeyframe": false
        }
    ],
    "isKeyframe": true
}