{
    "filename": "images/demo_H2FNV1/000123.jpg",
    "height": 1080,
    "width": 1920,
    "annots": [
        {
            "bbox": [
                815.8416137695312,
                231.3280792236328,
                1036.47802734375,
                839.7232055664062,
                1.0,
                1.0,
                0.0
            ],
            "personID": 0,
            "keypoints": [
                [
                    953.0939331054688,
                    375.5050354003906,
                    0.9718843698501587
                ],
                [
                    962.6001281738281,
                    427.7889862060547,
                    0.7133799195289612
                ],
                [
                    981.6124877929688,
                    429.37335205078125,
                    0.7133799195289612
                ],
                [
                    978.4437255859375,
                    350.15521240234375,
                    0.9520292282104492
                ],
                [
                    984.7811889648438,
                    299.45562744140625,
                    0.9284780025482178
                ],
                [
                    943.5877685546875,
                    426.2046203613281,
                    0.7853196263313293
                ],
                [
                    905.5630493164062,
                    353.3239440917969,
                    0.9224046468734741
                ],
                [
                    959.431396484375,
                    283.61199951171875,
                    0.9057918190956116
                ],
                [
                    929.3285217285156,
                    598.900146484375,
                    0.7849380970001221
                ],
                [
                    946.7565307617188,
                    597.3157958984375,
                    0.7849380970001221
                ],
                [
                    899.2256469726562,
                    689.2088012695312,
                    0.9213516712188721
                ],
                [
                    927.744140625,
                    787.4392700195312,
                    0.901739239692688
                ],
                [
                    911.9005126953125,
                    600.4844970703125,
                    0.8044198155403137
                ],
                [
                    845.3572998046875,
                    689.2088012695312,
                    0.9560661911964417
                ],
                [
                    896.056884765625,
                    800.1141357421875,
                    0.9139299392700195
                ],
                [
                    0.0,
                    0.0,
                    0.0
                ],
                [
                    0.0,
                    0.0,
                    0.0
                ],
                [
                    0.0,
                    0.0,
                    0.0
                ],
                [
                    0.0,
                    0.0,
                    0.0
                ],
                [
                    0.0,
                    0.0,
                    0.0
                ],
                [
                    0.0,
                    0.0,
                    0.0
                ],
                [
                    0.0,
                    0.0,
                    0.0
                ],
                [
                    0.0,
                    0.0,
                    0.0
                ],
                [
                    0.0,
                    0.0,
                    0.0
                ],
                [
                    0.0,
                    0.0,
                    0.0
                ]
            ],
            "isKeyframe": true,
            "area": 370144.62975763925
        },
        {
            "bbox": [
                92.42166137695312,
                315.762451171875,
                257.9909362792969,
                711.6991577148438,
                1.0,
                1.0,
                0.0
            ],
            "personID": 1,
            "keypoints": [
                [
                    151.49134826660156,
                    378.65869140625,
                    0.8411805033683777
                ],
                [
                    163.86436462402344,
                    419.90208435058594,
                    0.8495850563049316
                ],
                [
                    137.05615234375,
                    428.1507568359375,
                    0.8495850563049316
                ],
                [
                    101.99925231933594,
                    376.5965270996094,
                    0.8713362216949463
                ],
                [
                    101.99925231933594,
                    329.1665954589844,
                    0.9386427998542786
                ],
                [
                    190.67257690429688,
                    411.6534118652344,
                    0.871476948261261
                ],
                [
                    203.04559326171875,
                    360.0991516113281,
                    0.9743540287017822
                ],
                [
                    163.86436462402344,
                    327.10443115234375,
                    0.9257595539093018
                ],
                [
                    193.76583099365234,
                    527.1349182128906,
                    0.8414347171783447
                ],
                [
                    174.1752166748047,
                    529.1970825195312,
                    0.8414347171783447
                ],
                [
                    198.92124938964844,
                    609.6217651367188,
                    0.904719352722168
                ],
                [
                    186.54823303222656,
                    679.7355346679688,
                    0.8364006876945496
                ],
                [
                    213.3564453125,
                    525.07275390625,
                    0.8733408451080322
                ],
                [
                    242.22683715820312,
                    605.4974365234375,
                    0.8875091075897217
                ],
                [
                    213.3564453125,
                    677.67333984375,
                    0.8287917971611023
                ],
                [
                    0.0,
                    0.0,
                    0.0
                ],
                [
                    0.0,
                    0.0,
                    0.0
                ],
                [
                    0.0,
                    0.0,
                    0.0
                ],
                [
                    0.0,
                    0.0,
                    0.0
                ],
                [
                    0.0,
                    0.0,
                    0.0
                ],
                [
                    0.0,
                    0.0,
                    0.0
                ],
                [
                    0.0,
                    0.0,
                    0.0
                ],
                [
                    0.0,
                    0.0,
                    0.0
                ],
                [
                    0.0,
                    0.0,
                    0.0
                ],
                [
                    0.0,
                    0.0,
                    0.0
                ]
            ],
            "isKeyframe": true,
            "area": 156765.87558809295
        }
    ],
    "isKeyframe": false
}