{
    "filename": "images/demo_H2FNV1/000100.jpg",
    "height": 1080,
    "width": 1920,
    "annots": [
        {
            "bbox": [
                798.0850219726562,
                437.4992370605469,
                999.8488159179688,
                851.9634399414062,
                1.0,
                1.0,
                0.0
            ],
            "personID": 0,
            "keypoints": [
                [
                    861.1902465820312,
                    486.0692443847656,
                    0.9186526536941528
                ],
                [
                    914.0775756835938,
                    549.7499389648438,
                    0.8165223002433777
                ],
                [
                    947.5369262695312,
                    542.194580078125,
                    0.8165223002433777
                ],
                [
                    882.7769165039062,
                    632.858642578125,
                    0.5286248922348022
                ],
                [
                    848.2382202148438,
                    606.9546508789062,
                    0.3434542417526245
                ],
                [
                    880.6182250976562,
                    557.3052978515625,
                    0.8327534794807434
                ],
                [
                    856.8729248046875,
                    645.8106689453125,
                    0.8507232069969177
                ],
                [
                    820.175537109375,
                    706.2533569335938,
                    0.853712260723114
                ],
                [
                    964.8062744140625,
                    687.9046630859375,
                    0.6789762377738953
                ],
                [
                    986.3929443359375,
                    686.8253173828125,
                    0.6789762377738953
                ],
                [
                    891.4115600585938,
                    699.77734375,
                    0.6241699457168579
                ],
                [
                    932.42626953125,
                    805.5520629882812,
                    0.8192603588104248
                ],
                [
                    943.2196044921875,
                    688.9840087890625,
                    0.7263818383216858
                ],
                [
                    846.07958984375,
                    710.5706787109375,
                    0.8182483315467834
                ],
                [
                    895.7289428710938,
                    809.869384765625,
                    0.7890117764472961
                ],
                [
                    0.0,
                    0.0,
                    0.0
                ],
                [
                    0.0,
                    0.0,
                    0.0
                ],
                [
                    0.0,
                    0.0,
                    0.0
                ],
                [
                    0.0,
                    0.0,
                    0.0
                ],
                [
                    0.0,
                    0.0,
                    0.0
                ],
                [
                    0.0,
                    0.0,
                    0.0
                ],
                [
                    0.0,
                    0.0,
                    0.0
                ],
                [
                    0.0,
                    0.0,
                    0.0
                ],
                [
                    0.0,
                    0.0,
                    0.0
                ],
                [
                    0.0,
                    0.0,
                    0.0
                ]
            ],
            "isKeyframe": true,
            "area": 171780.57546966616
        },
        {
            "bbox": [
                127.43993377685547,
                426.0381164550781,
                269.27838134765625,
                718.9290771484375,
                1.0,
                1.0,
                0.0
            ],
            "personID": 1,
            "keypoints": [
                [
                    203.6983184814453,
                    461.8867492675781,
                    0.9454381465911865
                ],
                [
                    186.91810607910156,
                    510.70188903808594,
                    0.821748673915863
                ],
                [
                    151.83221435546875,
                    512.2273559570312,
                    0.821748673915863
                ],
                [
                    148.78126525878906,
                    579.3482055664062,
                    0.8714467883110046
                ],
                [
                    157.93411254882812,
                    620.5360107421875,
                    0.6872351169586182
                ],
                [
                    222.00399780273438,
                    509.1764221191406,
                    0.8633888363838196
                ],
                [
                    244.8861083984375,
                    564.093505859375,
                    0.8200628161430359
                ],
                [
                    263.1918029785156,
                    615.9595947265625,
                    0.8466493487358093
                ],
                [
                    182.34169006347656,
                    594.6029357910156,
                    0.6958622932434082
                ],
                [
                    162.51052856445312,
                    597.6538696289062,
                    0.6958622932434082
                ],
                [
                    200.64736938476562,
                    622.0614624023438,
                    0.90469890832901
                ],
                [
                    182.34169006347656,
                    693.7587280273438,
                    0.8144413232803345
                ],
                [
                    202.1728515625,
                    591.552001953125,
                    0.8155782222747803
                ],
                [
                    241.8351593017578,
                    622.0614624023438,
                    0.8910476565361023
                ],
                [
                    211.32568359375,
                    683.0804443359375,
                    0.8153771758079529
                ],
                [
                    0.0,
                    0.0,
                    0.0
                ],
                [
                    0.0,
                    0.0,
                    0.0
                ],
                [
                    0.0,
                    0.0,
                    0.0
                ],
                [
                    0.0,
                    0.0,
                    0.0
                ],
                [
                    0.0,
                    0.0,
                    0.0
                ],
                [
                    0.0,
                    0.0,
                    0.0
                ],
                [
                    0.0,
                    0.0,
                    0.0
                ],
                [
                    0.0,
                    0.0,
                    0.0
                ],
                [
                    0.0,
                    0.0,
                    0.0
                ],
                [
                    0.0,
                    0.0,
                    0.0
                ]
            ],
            "isKeyframe": true,
            "area": 85785.11485587899
        }
    ],
    "isKeyframe": false
}