{
    "filename": "images/demo_H2FNV1/000164.jpg",
    "height": 1080,
    "width": 1920,
    "annots": [
        {
            "bbox": [
                738,
                208,
                1143,
                478,
                0,
                0,
                1
            ],
            "personID": 0,
            "keypoints": [
                [
                    1112.338134765625,
                    392.23638916015625,
                    0.9246634840965271
                ],
                [
                    1033.6939697265625,
                    395.98133850097656,
                    0.579036295413971
                ],
                [
                    1044.9288330078125,
                    389.73974609375,
                    0.579036295413971
                ],
                [
                    997.49267578125,
                    334.8136291503906,
                    0.8361620903015137
                ],
                [
                    955.0498046875,
                    274.8942565917969,
                    0.8685390949249268
                ],
                [
                    1022.4591064453125,
                    402.2229309082031,
                    0.6986469626426697
                ],
                [
                    940.0699462890625,
                    334.8136291503906,
                    0.9294571280479431
                ],
                [
                    905.116943359375,
                    262.4110412597656,
                    0.8820962905883789
                ],
                [
                    900.1236572265625,
                    403.4712677001953,
                    0.4055953323841095
                ],
                [
                    915.103515625,
                    394.7330322265625,
                    0.4055953323841095
                ],
                [
                    940.0699462890625,
                    292.3707275390625,
                    0.4909834861755371
                ],
                [
                    817.7344970703125,
                    322.3304443359375,
                    0.25682494044303894
                ],
                [
                    885.143798828125,
                    412.2095031738281,
                    0.5901954174041748
                ],
                [
                    897.6270141601562,
                    292.3707275390625,
                    0.6911394596099854
                ],
                [
                    800.2579956054688,
                    307.3505859375,
                    0.5915277004241943
                ],
                [
                    1117.3314208984375,
                    394.7330322265625,
                    0.0
                ],
                [
                    1109.841552734375,
                    404.7195739746094,
                    0.0
                ],
                [
                    1072.3919677734375,
                    414.7061462402344,
                    0.0
                ],
                [
                    1079.8818359375,
                    419.6994323730469,
                    0.0
                ],
                [
                    0.0,
                    0.0,
                    0.0
                ],
                [
                    0.0,
                    0.0,
                    0.0
                ],
                [
                    0.0,
                    0.0,
                    0.0
                ],
                [
                    0.0,
                    0.0,
                    0.0
                ],
                [
                    0.0,
                    0.0,
                    0.0
                ],
                [
                    0.0,
                    0.0,
                    0.0
                ]
            ],
            "isKeyframe": false
        },
        {
            "bbox": [
                43,
                262,
                277,
                460,
                0,
                0,
                1
            ],
            "personID": 1,
            "keypoints": [
                [
                    115.08037567138672,
                    406.3982849121094,
                    0.21033473312854767
                ],
                [
                    125.31273651123047,
                    422.38636779785156,
                    0.013056484051048756
                ],
                [
                    86.94137573242188,
                    398.7240295410156,
                    0.21251127123832703
                ],
                [
                    88.22042083740234,
                    361.6316833496094,
                    0.5065320730209351
                ],
                [
                    113.80133056640625,
                    315.5860595703125,
                    0.36397692561149597
                ],
                [
                    163.68409729003906,
                    446.0487060546875,
                    0.013056484051048756
                ],
                [
                    226.35733032226562,
                    364.1897888183594,
                    0.434967041015625
                ],
                [
                    243.62445068359375,
                    314.946533203125,
                    0.3903667628765106
                ],
                [
                    165.60267639160156,
                    414.0725555419922,
                    0.30861061811447144
                ],
                [
                    140.66128540039062,
                    410.23541259765625,
                    0.30861061811447144
                ],
                [
                    135.54510498046875,
                    325.81842041015625,
                    0.6829092502593994
                ],
                [
                    190.5440673828125,
                    338.60888671875,
                    0.14101091027259827
                ],
                [
                    190.5440673828125,
                    417.9096984863281,
                    0.512792706489563
                ],
                [
                    191.82310485839844,
                    334.771728515625,
                    0.41858038306236267
                ],
                [
                    221.24114990234375,
                    348.84124755859375,
                    0.15357927978038788
                ],
                [
                    61.99998474121094,
                    240.7618865966797,
                    0.0
                ],
                [
                    61.99998474121094,
                    240.7618865966797,
                    0.0
                ],
                [
                    61.99998474121094,
                    240.7618865966797,
                    0.0
                ],
                [
                    61.99998474121094,
                    240.7618865966797,
                    0.0
                ],
                [
                    0.0,
                    0.0,
                    0.0
                ],
                [
                    0.0,
                    0.0,
                    0.0
                ],
                [
                    0.0,
                    0.0,
                    0.0
                ],
                [
                    0.0,
                    0.0,
                    0.0
                ],
                [
                    0.0,
                    0.0,
                    0.0
                ],
                [
                    0.0,
                    0.0,
                    0.0
                ]
            ],
            "isKeyframe": false
        }
    ],
    "isKeyframe": false
}