{
    "filename": "images/demo_H2FNV1/000113.jpg",
    "height": 1080,
    "width": 1920,
    "annots": [
        {
            "bbox": [
                798.5751342773438,
                364.9308166503906,
                997.1019897460938,
                851.452880859375,
                1.0,
                1.0,
                0.0
            ],
            "personID": 0,
            "keypoints": [
                [
                    909.2413940429688,
                    439.6828918457031,
                    0.734183669090271
                ],
                [
                    935.8480834960938,
                    506.83306884765625,
                    0.8534521460533142
                ],
                [
                    962.4547729492188,
                    503.0321044921875,
                    0.8924843668937683
                ],
                [
                    894.03759765625,
                    467.5565490722656,
                    0.7737312912940979
                ],
                [
                    853.494140625,
                    406.7413024902344,
                    0.8718138337135315
                ],
                [
                    909.2413940429688,
                    510.634033203125,
                    0.8534521460533142
                ],
                [
                    820.552490234375,
                    477.6924133300781,
                    0.8722712397575378
                ],
                [
                    807.8826904296875,
                    411.8092346191406,
                    0.837550163269043
                ],
                [
                    957.3868408203125,
                    666.4731140136719,
                    0.7402712106704712
                ],
                [
                    980.1925659179688,
                    665.2061157226562,
                    0.7638766765594482
                ],
                [
                    896.5715942382812,
                    708.2836303710938,
                    0.7074481844902039
                ],
                [
                    929.51318359375,
                    802.0404663085938,
                    0.8589853048324585
                ],
                [
                    934.5811157226562,
                    667.7401123046875,
                    0.7402712106704712
                ],
                [
                    843.3582153320312,
                    708.2836303710938,
                    0.9360185265541077
                ],
                [
                    899.1055297851562,
                    812.1763305664062,
                    0.8445391654968262
                ],
                [
                    0.0,
                    0.0,
                    0.0
                ],
                [
                    0.0,
                    0.0,
                    0.0
                ],
                [
                    0.0,
                    0.0,
                    0.0
                ],
                [
                    0.0,
                    0.0,
                    0.0
                ],
                [
                    0.0,
                    0.0,
                    0.0
                ],
                [
                    0.0,
                    0.0,
                    0.0
                ],
                [
                    0.0,
                    0.0,
                    0.0
                ],
                [
                    0.0,
                    0.0,
                    0.0
                ],
                [
                    0.0,
                    0.0,
                    0.0
                ],
                [
                    0.0,
                    0.0,
                    0.0
                ]
            ],
            "isKeyframe": true,
            "area": 236703.71896217111
        },
        {
            "bbox": [
                114.29562377929688,
                377.25848388671875,
                265.9910583496094,
                733.5879516601562,
                1.0,
                1.0,
                0.0
            ],
            "personID": 1,
            "keypoints": [
                [
                    172.512451171875,
                    426.43939208984375,
                    0.8867366909980774
                ],
                [
                    169.72863006591797,
                    475.6202697753906,
                    0.8619953989982605
                ],
                [
                    137.2506866455078,
                    478.4040832519531,
                    0.8619953989982605
                ],
                [
                    137.2506866455078,
                    482.1158752441406,
                    0.5430800914764404
                ],
                [
                    153.95362854003906,
                    456.1335144042969,
                    0.4569564163684845
                ],
                [
                    202.20657348632812,
                    472.8364562988281,
                    0.8760964274406433
                ],
                [
                    244.89187622070312,
                    456.1335144042969,
                    0.8831141591072083
                ],
                [
                    248.6036376953125,
                    411.5923156738281,
                    0.8221612572669983
                ],
                [
                    183.6477508544922,
                    577.6938171386719,
                    0.8157223463058472
                ],
                [
                    161.37716674804688,
                    580.4776611328125,
                    0.8157223463058472
                ],
                [
                    202.20657348632812,
                    623.1629028320312,
                    0.9175037741661072
                ],
                [
                    183.6477508544922,
                    689.9746704101562,
                    0.8505979776382446
                ],
                [
                    205.9183349609375,
                    574.9099731445312,
                    0.8214506506919861
                ],
                [
                    243.03599548339844,
                    621.3070678710938,
                    0.9161320924758911
                ],
                [
                    211.48599243164062,
                    682.5511474609375,
                    0.8184705972671509
                ],
                [
                    0.0,
                    0.0,
                    0.0
                ],
                [
                    0.0,
                    0.0,
                    0.0
                ],
                [
                    0.0,
                    0.0,
                    0.0
                ],
                [
                    0.0,
                    0.0,
                    0.0
                ],
                [
                    0.0,
                    0.0,
                    0.0
                ],
                [
                    0.0,
                    0.0,
                    0.0
                ],
                [
                    0.0,
                    0.0,
                    0.0
                ],
                [
                    0.0,
                    0.0,
                    0.0
                ],
                [
                    0.0,
                    0.0,
                    0.0
                ],
                [
                    0.0,
                    0.0,
                    0.0
                ]
            ],
            "isKeyframe": true,
            "area": 126970.68960370123
        }
    ],
    "isKeyframe": false
}