{
    "filename": "images/demo_H2FNV1/000229.jpg",
    "height": 1080,
    "width": 1920,
    "annots": [
        {
            "bbox": [
                844.3209838867188,
                436.8114318847656,
                1080.2366943359375,
                860.0845336914062,
                1.0,
                1.0,
                0.0
            ],
            "personID": 0,
            "keypoints": [
                [
                    877.4037475585938,
                    523.8910522460938,
                    0.9664040803909302
                ],
                [
                    928.1083374023438,
                    510.6637878417969,
                    0.6748259663581848
                ],
                [
                    941.3356323242188,
                    501.8455810546875,
                    0.6748259663581848
                ],
                [
                    961.176513671875,
                    612.0729370117188,
                    0.6903394460678101
                ],
                [
                    910.471923828125,
                    642.9366455078125,
                    0.8485233783721924
                ],
                [
                    914.8810424804688,
                    519.4819946289062,
                    0.8559073209762573
                ],
                [
                    934.7219848632812,
                    590.0274658203125,
                    0.9009339213371277
                ],
                [
                    910.471923828125,
                    664.9821166992188,
                    0.7925719618797302
                ],
                [
                    1043.8470458984375,
                    607.6638793945312,
                    0.611070990562439
                ],
                [
                    1062.585693359375,
                    607.6638793945312,
                    0.611070990562439
                ],
                [
                    989.8356323242188,
                    702.4594116210938,
                    0.7899752855300903
                ],
                [
                    1040.540283203125,
                    808.2777099609375,
                    0.8219978213310242
                ],
                [
                    1025.1083984375,
                    607.6638793945312,
                    0.6151898503303528
                ],
                [
                    947.9492797851562,
                    704.6639404296875,
                    0.8636640906333923
                ],
                [
                    1000.8583984375,
                    821.5049438476562,
                    0.844836950302124
                ],
                [
                    0.0,
                    0.0,
                    0.0
                ],
                [
                    0.0,
                    0.0,
                    0.0
                ],
                [
                    0.0,
                    0.0,
                    0.0
                ],
                [
                    0.0,
                    0.0,
                    0.0
                ],
                [
                    0.0,
                    0.0,
                    0.0
                ],
                [
                    0.0,
                    0.0,
                    0.0
                ],
                [
                    0.0,
                    0.0,
                    0.0
                ],
                [
                    0.0,
                    0.0,
                    0.0
                ],
                [
                    0.0,
                    0.0,
                    0.0
                ],
                [
                    0.0,
                    0.0,
                    0.0
                ]
            ],
            "isKeyframe": true,
            "area": 179160.11871301476
        },
        {
            "bbox": [
                55.589508056640625,
                438.6322937011719,
                225.31712341308594,
                704.4219970703125,
                1.0,
                1.0,
                0.0
            ],
            "personID": 1,
            "keypoints": [
                [
                    181.29078674316406,
                    491.9286804199219,
                    0.8111242055892944
                ],
                [
                    162.6024513244629,
                    490.5443572998047,
                    0.7509007453918457
                ],
                [
                    125.91793060302734,
                    485.007080078125,
                    0.7509007453918457
                ],
                [
                    73.313720703125,
                    523.76806640625,
                    0.851498007774353
                ],
                [
                    69.16075134277344,
                    580.5252685546875,
                    0.8496583700180054
                ],
                [
                    199.28697204589844,
                    496.0816345214844,
                    0.8431028127670288
                ],
                [
                    204.82424926757812,
                    543.1485595703125,
                    0.8954498767852783
                ],
                [
                    211.74586486816406,
                    577.756591796875,
                    0.867508053779602
                ],
                [
                    129.3787384033203,
                    554.22314453125,
                    0.770709753036499
                ],
                [
                    106.53742980957031,
                    554.22314453125,
                    0.770709753036499
                ],
                [
                    132.83953857421875,
                    606.8273315429688,
                    0.8275583386421204
                ],
                [
                    110.69039916992188,
                    674.6591186523438,
                    0.7301464080810547
                ],
                [
                    152.2200469970703,
                    554.22314453125,
                    0.7972655892372131
                ],
                [
                    175.75350952148438,
                    608.211669921875,
                    0.8525266647338867
                ],
                [
                    161.91029357910156,
                    671.8904418945312,
                    0.7886360883712769
                ],
                [
                    0.0,
                    0.0,
                    0.0
                ],
                [
                    0.0,
                    0.0,
                    0.0
                ],
                [
                    0.0,
                    0.0,
                    0.0
                ],
                [
                    0.0,
                    0.0,
                    0.0
                ],
                [
                    0.0,
                    0.0,
                    0.0
                ],
                [
                    0.0,
                    0.0,
                    0.0
                ],
                [
                    0.0,
                    0.0,
                    0.0
                ],
                [
                    0.0,
                    0.0,
                    0.0
                ],
                [
                    0.0,
                    0.0,
                    0.0
                ],
                [
                    0.0,
                    0.0,
                    0.0
                ]
            ],
            "isKeyframe": true,
            "area": 70644.16641705576
        }
    ],
    "isKeyframe": false
}