{
    "filename": "images/demo_H2FNV1/000248.jpg",
    "height": 1080,
    "width": 1920,
    "annots": [
        {
            "bbox": [
                868.6829833984375,
                384.18743896484375,
                1085.105712890625,
                864.2373657226562,
                1.0,
                1.0,
                0.0
            ],
            "personID": 0,
            "keypoints": [
                [
                    885.6348266601562,
                    462.94561767578125,
                    0.9647665619850159
                ],
                [
                    951.8917236328125,
                    462.94561767578125,
                    0.7748209238052368
                ],
                [
                    970.6436767578125,
                    457.9450988769531,
                    0.7748209238052368
                ],
                [
                    998.1465454101562,
                    545.4542236328125,
                    0.42613497376441956
                ],
                [
                    983.14501953125,
                    622.9622802734375,
                    0.8716920018196106
                ],
                [
                    933.1397705078125,
                    467.9461364746094,
                    0.9023112058639526
                ],
                [
                    965.6431884765625,
                    537.9534301757812,
                    0.902418315410614
                ],
                [
                    983.14501953125,
                    617.9617309570312,
                    0.8613565564155579
                ],
                [
                    1046.901611328125,
                    585.4583435058594,
                    0.7225300669670105
                ],
                [
                    1065.653564453125,
                    580.4578247070312,
                    0.7236667275428772
                ],
                [
                    1013.1481323242188,
                    695.4698486328125,
                    0.9025096893310547
                ],
                [
                    1043.1512451171875,
                    805.4812622070312,
                    0.8305606245994568
                ],
                [
                    1028.149658203125,
                    590.4588623046875,
                    0.7225300669670105
                ],
                [
                    970.6436767578125,
                    702.9705810546875,
                    0.8994511365890503
                ],
                [
                    1003.1470947265625,
                    822.9830932617188,
                    0.8626471757888794
                ],
                [
                    0.0,
                    0.0,
                    0.0
                ],
                [
                    0.0,
                    0.0,
                    0.0
                ],
                [
                    0.0,
                    0.0,
                    0.0
                ],
                [
                    0.0,
                    0.0,
                    0.0
                ],
                [
                    0.0,
                    0.0,
                    0.0
                ],
                [
                    0.0,
                    0.0,
                    0.0
                ],
                [
                    0.0,
                    0.0,
                    0.0
                ],
                [
                    0.0,
                    0.0,
                    0.0
                ],
                [
                    0.0,
                    0.0,
                    0.0
                ],
                [
                    0.0,
                    0.0,
                    0.0
                ]
            ],
            "isKeyframe": true,
            "area": 230447.93218018115
        },
        {
            "bbox": [
                46.20929718017578,
                401.4798583984375,
                206.48912048339844,
                712.3529663085938,
                1.0,
                1.0,
                0.0
            ],
            "personID": 1,
            "keypoints": [
                [
                    157.9222412109375,
                    447.62506103515625,
                    0.9441367387771606
                ],
                [
                    143.35007095336914,
                    456.5303039550781,
                    0.8188810348510742
                ],
                [
                    104.4909439086914,
                    452.48248291015625,
                    0.8188810348510742
                ],
                [
                    68.87007141113281,
                    496.198974609375,
                    0.9061075448989868
                ],
                [
                    59.15529251098633,
                    543.1537475585938,
                    0.9160789847373962
                ],
                [
                    182.20919799804688,
                    460.578125,
                    0.8560880422592163
                ],
                [
                    191.92398071289062,
                    512.3903198242188,
                    0.8818568587303162
                ],
                [
                    193.54312133789062,
                    562.5833129882812,
                    0.8995614647865295
                ],
                [
                    120.68224716186523,
                    535.86767578125,
                    0.7891650199890137
                ],
                [
                    94.77616119384766,
                    533.43896484375,
                    0.7891650199890137
                ],
                [
                    112.58659362792969,
                    601.4424438476562,
                    0.8637185096740723
                ],
                [
                    106.11007690429688,
                    682.3989868164062,
                    0.5223219990730286
                ],
                [
                    146.5883331298828,
                    538.29638671875,
                    0.8223337531089783
                ],
                [
                    164.39877319335938,
                    603.0615844726562,
                    0.8644406199455261
                ],
                [
                    156.30311584472656,
                    664.5885620117188,
                    0.7759050726890564
                ],
                [
                    0.0,
                    0.0,
                    0.0
                ],
                [
                    0.0,
                    0.0,
                    0.0
                ],
                [
                    0.0,
                    0.0,
                    0.0
                ],
                [
                    0.0,
                    0.0,
                    0.0
                ],
                [
                    0.0,
                    0.0,
                    0.0
                ],
                [
                    0.0,
                    0.0,
                    0.0
                ],
                [
                    0.0,
                    0.0,
                    0.0
                ],
                [
                    0.0,
                    0.0,
                    0.0
                ],
                [
                    0.0,
                    0.0,
                    0.0
                ],
                [
                    0.0,
                    0.0,
                    0.0
                ]
            ],
            "isKeyframe": true,
            "area": 96642.08922171965
        }
    ],
    "isKeyframe": false
}