{
    "filename": "images/demo_H2FNV1/000202.jpg",
    "height": 1080,
    "width": 1920,
    "annots": [
        {
            "bbox": [
                821.3705444335938,
                349.987548828125,
                1136.750244140625,
                607.7352294921875,
                1.0,
                1.0,
                0.0
            ],
            "personID": 0,
            "keypoints": [
                [
                    877.9759521484375,
                    548.212158203125,
                    0.965949296951294
                ],
                [
                    881.2470397949219,
                    486.0612487792969,
                    0.36028504371643066
                ],
                [
                    897.6025390625,
                    487.151611328125,
                    0.36028504371643066
                ],
                [
                    995.7355346679688,
                    513.3204345703125,
                    0.34617120027542114
                ],
                [
                    993.5548095703125,
                    539.4891967773438,
                    0.386881947517395
                ],
                [
                    864.8915405273438,
                    484.97088623046875,
                    0.6783938407897949
                ],
                [
                    893.2410888671875,
                    474.0672302246094,
                    0.862350344657898
                ],
                [
                    941.2172241210938,
                    537.3084716796875,
                    0.8550264835357666
                ],
                [
                    991.3740844726562,
                    384.6571350097656,
                    0.5987018942832947
                ],
                [
                    1013.181396484375,
                    375.9342041015625,
                    0.5987018942832947
                ],
                [
                    1024.0850830078125,
                    508.9589538574219,
                    0.8337541222572327
                ],
                [
                    1115.6759033203125,
                    548.212158203125,
                    0.6471306681632996
                ],
                [
                    969.5667724609375,
                    393.38006591796875,
                    0.618441104888916
                ],
                [
                    976.1089477539062,
                    524.22412109375,
                    0.7259470224380493
                ],
                [
                    1089.507080078125,
                    567.8387451171875,
                    0.7700316905975342
                ],
                [
                    869.2529907226562,
                    548.212158203125,
                    0.0
                ],
                [
                    862.7108154296875,
                    546.0314331054688,
                    0.0
                ],
                [
                    849.6264038085938,
                    519.8626098632812,
                    0.0
                ],
                [
                    851.80712890625,
                    519.8626098632812,
                    0.0
                ],
                [
                    0.0,
                    0.0,
                    0.0
                ],
                [
                    0.0,
                    0.0,
                    0.0
                ],
                [
                    0.0,
                    0.0,
                    0.0
                ],
                [
                    0.0,
                    0.0,
                    0.0
                ],
                [
                    0.0,
                    0.0,
                    0.0
                ],
                [
                    0.0,
                    0.0,
                    0.0
                ]
            ],
            "isKeyframe": true,
            "area": 99464.3549872972
        },
        {
            "bbox": [
                24,
                348,
                258,
                574,
                0,
                0,
                1
            ],
            "personID": 1,
            "keypoints": [
                [
                    196.39378356933594,
                    510.916015625,
                    0.640518844127655
                ],
                [
                    185.83673858642578,
                    462.74952697753906,
                    0.5641916990280151
                ],
                [
                    155.48524475097656,
                    467.36822509765625,
                    0.5641916990280151
                ],
                [
                    86.8644790649414,
                    456.8111877441406,
                    0.8440822958946228
                ],
                [
                    86.8644790649414,
                    492.4411926269531,
                    0.8234373331069946
                ],
                [
                    216.188232421875,
                    458.1308288574219,
                    0.6755951046943665
                ],
                [
                    163.4030303955078,
                    481.8841552734375,
                    0.18280956149101257
                ],
                [
                    123.81412506103516,
                    492.4411926269531,
                    0.2976315915584564
                ],
                [
                    129.09264373779297,
                    400.0670928955078,
                    0.4168125092983246
                ],
                [
                    106.658935546875,
                    397.4278259277344,
                    0.5535975694656372
                ],
                [
                    105.33930206298828,
                    487.1626892089844,
                    0.7409767508506775
                ],
                [
                    76.30744171142578,
                    512.2356567382812,
                    0.6927169561386108
                ],
                [
                    151.52635192871094,
                    402.70635986328125,
                    0.4168125092983246
                ],
                [
                    164.72265625,
                    488.4822998046875,
                    0.7027772665023804
                ],
                [
                    118.53559875488281,
                    508.2767639160156,
                    0.7762513160705566
                ],
                [
                    53.21391296386719,
                    337.3846740722656,
                    0.0
                ],
                [
                    53.21391296386719,
                    337.3846740722656,
                    0.0
                ],
                [
                    53.21391296386719,
                    337.3846740722656,
                    0.0
                ],
                [
                    53.21391296386719,
                    337.3846740722656,
                    0.0
                ],
                [
                    0.0,
                    0.0,
                    0.0
                ],
                [
                    0.0,
                    0.0,
                    0.0
                ],
                [
                    0.0,
                    0.0,
                    0.0
                ],
                [
                    0.0,
                    0.0,
                    0.0
                ],
                [
                    0.0,
                    0.0,
                    0.0
                ],
                [
                    0.0,
                    0.0,
                    0.0
                ]
            ],
            "isKeyframe": false
        }
    ],
    "isKeyframe": false
}