{
    "filename": "images/demo_H2FNV1/000219.jpg",
    "height": 1080,
    "width": 1920,
    "annots": [
        {
            "bbox": [
                812.0924072265625,
                460.0455322265625,
                1076.1297607421875,
                854.1654052734375,
                1.0,
                1.0,
                0.0
            ],
            "personID": 0,
            "keypoints": [
                [
                    856.8710327148438,
                    528.8112182617188,
                    0.8579557538032532
                ],
                [
                    885.6089172363281,
                    480.5726013183594,
                    0.4884215295314789
                ],
                [
                    895.8724365234375,
                    473.38812255859375,
                    0.4884215295314789
                ],
                [
                    994.4024047851562,
                    553.4437255859375,
                    0.6107942461967468
                ],
                [
                    938.9793090820312,
                    602.708740234375,
                    0.9304269552230835
                ],
                [
                    875.3453979492188,
                    487.757080078125,
                    0.8765082359313965
                ],
                [
                    897.9251708984375,
                    528.8112182617188,
                    0.8990527987480164
                ],
                [
                    895.8724365234375,
                    602.708740234375,
                    0.8656752705574036
                ],
                [
                    1021.0876159667969,
                    542.1538391113281,
                    0.5919608473777771
                ],
                [
                    1047.7728271484375,
                    543.18017578125,
                    0.624423086643219
                ],
                [
                    1035.45654296875,
                    684.8170166015625,
                    0.8311755061149597
                ],
                [
                    1045.7200927734375,
                    793.6105346679688,
                    0.781607985496521
                ],
                [
                    994.4024047851562,
                    541.1275024414062,
                    0.5919608473777771
                ],
                [
                    986.1915893554688,
                    688.9224243164062,
                    0.8078649044036865
                ],
                [
                    1004.6659545898438,
                    814.1376342773438,
                    0.8549371361732483
                ],
                [
                    0.0,
                    0.0,
                    0.0
                ],
                [
                    0.0,
                    0.0,
                    0.0
                ],
                [
                    0.0,
                    0.0,
                    0.0
                ],
                [
                    0.0,
                    0.0,
                    0.0
                ],
                [
                    0.0,
                    0.0,
                    0.0
                ],
                [
                    0.0,
                    0.0,
                    0.0
                ],
                [
                    0.0,
                    0.0,
                    0.0
                ],
                [
                    0.0,
                    0.0,
                    0.0
                ],
                [
                    0.0,
                    0.0,
                    0.0
                ],
                [
                    0.0,
                    0.0,
                    0.0
                ]
            ],
            "isKeyframe": true,
            "area": 155330.47433048487
        },
        {
            "bbox": [
                62.3193359375,
                434.51165771484375,
                230.5366668701172,
                692.0209350585938,
                1.0,
                1.0,
                0.0
            ],
            "personID": 1,
            "keypoints": [
                [
                    195.381591796875,
                    495.5359802246094,
                    0.5828303098678589
                ],
                [
                    174.59308624267578,
                    470.0532989501953,
                    0.5534430742263794
                ],
                [
                    136.36904907226562,
                    471.3945007324219,
                    0.5534430742263794
                ],
                [
                    74.67411804199219,
                    492.8536071777344,
                    0.8033841848373413
                ],
                [
                    89.42726135253906,
                    539.79541015625,
                    0.5394681692123413
                ],
                [
                    212.81712341308594,
                    468.71209716796875,
                    0.5690502524375916
                ],
                [
                    216.8406982421875,
                    510.28912353515625,
                    0.8141669631004333
                ],
                [
                    207.4523468017578,
                    543.8189697265625,
                    0.8835537433624268
                ],
                [
                    124.96890258789062,
                    506.93614196777344,
                    0.7020977735519409
                ],
                [
                    104.18038940429688,
                    503.5831604003906,
                    0.7020977735519409
                ],
                [
                    110.88636779785156,
                    586.7371826171875,
                    0.8297733068466187
                ],
                [
                    104.18038940429688,
                    671.232421875,
                    0.6905853748321533
                ],
                [
                    145.75741577148438,
                    510.28912353515625,
                    0.7597818970680237
                ],
                [
                    160.5105438232422,
                    563.9368896484375,
                    0.6267321705818176
                ],
                [
                    163.19293212890625,
                    661.8440551757812,
                    0.7289353013038635
                ],
                [
                    0.0,
                    0.0,
                    0.0
                ],
                [
                    0.0,
                    0.0,
                    0.0
                ],
                [
                    0.0,
                    0.0,
                    0.0
                ],
                [
                    0.0,
                    0.0,
                    0.0
                ],
                [
                    0.0,
                    0.0,
                    0.0
                ],
                [
                    0.0,
                    0.0,
                    0.0
                ],
                [
                    0.0,
                    0.0,
                    0.0
                ],
                [
                    0.0,
                    0.0,
                    0.0
                ],
                [
                    0.0,
                    0.0,
                    0.0
                ],
                [
                    0.0,
                    0.0,
                    0.0
                ]
            ],
            "isKeyframe": true,
            "area": 66311.02791810036
        }
    ],
    "isKeyframe": false
}