{
    "filename": "images/demo_H2FNV1/000222.jpg",
    "height": 1080,
    "width": 1920,
    "annots": [
        {
            "bbox": [
                810.0484008789062,
                440.9949951171875,
                1090.24658203125,
                860.1978759765625,
                1.0,
                1.0,
                0.0
            ],
            "personID": 0,
            "keypoints": [
                [
                    861.7218627929688,
                    525.0538940429688,
                    0.8730772137641907
                ],
                [
                    903.2054748535156,
                    492.3036804199219,
                    0.5929182171821594
                ],
                [
                    914.1221923828125,
                    485.7536315917969,
                    0.5929182171821594
                ],
                [
                    970.8892822265625,
                    592.7377319335938,
                    0.6492524147033691
                ],
                [
                    925.0389404296875,
                    618.9378662109375,
                    0.868000864982605
                ],
                [
                    892.2887573242188,
                    498.8537292480469,
                    0.8590253591537476
                ],
                [
                    907.5722045898438,
                    553.4374389648438,
                    0.9000615477561951
                ],
                [
                    894.4721069335938,
                    621.1212158203125,
                    0.849229097366333
                ],
                [
                    1034.2063293457031,
                    578.5459594726562,
                    0.6416222453117371
                ],
                [
                    1056.039794921875,
                    575.2709350585938,
                    0.6416222453117371
                ],
                [
                    1023.2896118164062,
                    715.0051879882812,
                    0.8717869520187378
                ],
                [
                    1045.123046875,
                    808.88916015625,
                    0.8026508688926697
                ],
                [
                    1012.3728637695312,
                    581.8209838867188,
                    0.6873340010643005
                ],
                [
                    968.7059326171875,
                    704.0884399414062,
                    0.7937250733375549
                ],
                [
                    1005.8228149414062,
                    828.539306640625,
                    0.8158488869667053
                ],
                [
                    0.0,
                    0.0,
                    0.0
                ],
                [
                    0.0,
                    0.0,
                    0.0
                ],
                [
                    0.0,
                    0.0,
                    0.0
                ],
                [
                    0.0,
                    0.0,
                    0.0
                ],
                [
                    0.0,
                    0.0,
                    0.0
                ],
                [
                    0.0,
                    0.0,
                    0.0
                ],
                [
                    0.0,
                    0.0,
                    0.0
                ],
                [
                    0.0,
                    0.0,
                    0.0
                ],
                [
                    0.0,
                    0.0,
                    0.0
                ],
                [
                    0.0,
                    0.0,
                    0.0
                ]
            ],
            "isKeyframe": true,
            "area": 175731.05532079935
        },
        {
            "bbox": [
                63.68675231933594,
                441.0050354003906,
                226.9291534423828,
                708.7490844726562,
                1.0,
                1.0,
                0.0
            ],
            "personID": 1,
            "keypoints": [
                [
                    210.1522216796875,
                    486.3262939453125,
                    0.4445977807044983
                ],
                [
                    169.01445770263672,
                    483.53729248046875,
                    0.6413504481315613
                ],
                [
                    130.6656951904297,
                    479.3537902832031,
                    0.6413504481315613
                ],
                [
                    72.09668731689453,
                    504.4548034667969,
                    0.8902727365493774
                ],
                [
                    86.04168701171875,
                    556.0513305664062,
                    0.8163347244262695
                ],
                [
                    207.36322021484375,
                    487.7207946777344,
                    0.7370439171791077
                ],
                [
                    215.730224609375,
                    529.5557861328125,
                    0.8892264366149902
                ],
                [
                    208.75772094726562,
                    558.84033203125,
                    0.8809274435043335
                ],
                [
                    124.39044952392578,
                    536.5283203125,
                    0.7339057922363281
                ],
                [
                    101.38119506835938,
                    536.5283203125,
                    0.7339057922363281
                ],
                [
                    120.9041976928711,
                    603.46435546875,
                    0.8551300764083862
                ],
                [
                    109.7481918334961,
                    685.7398681640625,
                    0.7451757192611694
                ],
                [
                    147.3997039794922,
                    536.5283203125,
                    0.8500613570213318
                ],
                [
                    166.92271423339844,
                    604.8588256835938,
                    0.8540543913841248
                ],
                [
                    164.1337127685547,
                    678.767333984375,
                    0.7552704215049744
                ],
                [
                    0.0,
                    0.0,
                    0.0
                ],
                [
                    0.0,
                    0.0,
                    0.0
                ],
                [
                    0.0,
                    0.0,
                    0.0
                ],
                [
                    0.0,
                    0.0,
                    0.0
                ],
                [
                    0.0,
                    0.0,
                    0.0
                ],
                [
                    0.0,
                    0.0,
                    0.0
                ],
                [
                    0.0,
                    0.0,
                    0.0
                ],
                [
                    0.0,
                    0.0,
                    0.0
                ],
                [
                    0.0,
                    0.0,
                    0.0
                ],
                [
                    0.0,
                    0.0,
                    0.0
                ]
            ],
            "isKeyframe": true,
            "area": 71686.87581361178
        }
    ],
    "isKeyframe": false
}