{
    "filename": "images/demo_H2FNV1/000213.jpg",
    "height": 1080,
    "width": 1920,
    "annots": [
        {
            "bbox": [
                827.501708984375,
                400.9255676269531,
                1101.334716796875,
                794.3623046875,
                1.0,
                1.0,
                0.0
            ],
            "personID": 0,
            "keypoints": [
                [
                    844.5429077148438,
                    528.9973754882812,
                    0.8136940598487854
                ],
                [
                    872.2064514160156,
                    483.9160919189453,
                    0.35206738114356995
                ],
                [
                    883.476806640625,
                    481.866943359375,
                    0.35206738114356995
                ],
                [
                    981.8359985351562,
                    512.6041870117188,
                    0.42179515957832336
                ],
                [
                    975.6885375976562,
                    572.029541015625,
                    0.589227557182312
                ],
                [
                    860.9360961914062,
                    485.9652404785156,
                    0.7880019545555115
                ],
                [
                    887.5750732421875,
                    508.5058898925781,
                    0.9051034450531006
                ],
                [
                    903.96826171875,
                    584.324462890625,
                    0.7681618332862854
                ],
                [
                    1015.64697265625,
                    470.5966339111328,
                    0.7114328742027283
                ],
                [
                    1047.4088134765625,
                    471.6212158203125,
                    0.7114328742027283
                ],
                [
                    1049.4580078125,
                    631.4548950195312,
                    0.8739119172096252
                ],
                [
                    1080.1951904296875,
                    733.9124145507812,
                    0.826217532157898
                ],
                [
                    983.8851318359375,
                    469.5720520019531,
                    0.7161926031112671
                ],
                [
                    1000.2783203125,
                    633.5040283203125,
                    0.849060595035553
                ],
                [
                    1035.1138916015625,
                    750.3056030273438,
                    0.80978924036026
                ],
                [
                    0.0,
                    0.0,
                    0.0
                ],
                [
                    0.0,
                    0.0,
                    0.0
                ],
                [
                    0.0,
                    0.0,
                    0.0
                ],
                [
                    0.0,
                    0.0,
                    0.0
                ],
                [
                    0.0,
                    0.0,
                    0.0
                ],
                [
                    0.0,
                    0.0,
                    0.0
                ],
                [
                    0.0,
                    0.0,
                    0.0
                ],
                [
                    0.0,
                    0.0,
                    0.0
                ],
                [
                    0.0,
                    0.0,
                    0.0
                ],
                [
                    0.0,
                    0.0,
                    0.0
                ]
            ],
            "isKeyframe": true,
            "area": 154792.4660688499
        },
        {
            "bbox": [
                66.6327133178711,
                414.72821044921875,
                241.06736755371094,
                655.2680053710938,
                1.0,
                1.0,
                0.0
            ],
            "personID": 1,
            "keypoints": [
                [
                    199.57765197753906,
                    501.7986145019531,
                    0.5838349461555481
                ],
                [
                    184.54391479492188,
                    462.3350524902344,
                    0.0
                ],
                [
                    160.74049377441406,
                    462.9614562988281,
                    0.0
                ],
                [
                    108.12242126464844,
                    466.7198791503906,
                    0.6346628069877625
                ],
                [
                    110.62804412841797,
                    530.61328125,
                    0.6267067790031433
                ],
                [
                    208.3473358154297,
                    461.7086486816406,
                    0.45002076029777527
                ],
                [
                    213.35858154296875,
                    501.7986145019531,
                    0.7580593228340149
                ],
                [
                    198.32484436035156,
                    526.8548583984375,
                    0.8742135763168335
                ],
                [
                    128.79380798339844,
                    461.7086486816406,
                    0.4036269187927246
                ],
                [
                    113.1336669921875,
                    451.6861572265625,
                    0.4036269187927246
                ],
                [
                    106.8696060180664,
                    543.141357421875,
                    0.8260975480079651
                ],
                [
                    91.83586883544922,
                    630.8381958007812,
                    0.7617654204368591
                ],
                [
                    144.45394897460938,
                    471.73114013671875,
                    0.5969048738479614
                ],
                [
                    155.729248046875,
                    544.3941650390625,
                    0.781599223613739
                ],
                [
                    153.2236328125,
                    622.0684814453125,
                    0.7898314595222473
                ],
                [
                    0.0,
                    0.0,
                    0.0
                ],
                [
                    0.0,
                    0.0,
                    0.0
                ],
                [
                    0.0,
                    0.0,
                    0.0
                ],
                [
                    0.0,
                    0.0,
                    0.0
                ],
                [
                    0.0,
                    0.0,
                    0.0
                ],
                [
                    0.0,
                    0.0,
                    0.0
                ],
                [
                    0.0,
                    0.0,
                    0.0
                ],
                [
                    0.0,
                    0.0,
                    0.0
                ],
                [
                    0.0,
                    0.0,
                    0.0
                ],
                [
                    0.0,
                    0.0,
                    0.0
                ]
            ],
            "isKeyframe": true,
            "area": 57859.39294105768
        }
    ],
    "isKeyframe": false
}