{
    "filename": "images/demo_H2FNV1/000231.jpg",
    "height": 1080,
    "width": 1920,
    "annots": [
        {
            "bbox": [
                847.8948974609375,
                432.0102233886719,
                1083.663330078125,
                863.2085571289062,
                1.0,
                1.0,
                0.0
            ],
            "personID": 0,
            "keypoints": [
                [
                    879.3148803710938,
                    520.7202758789062,
                    0.968279242515564
                ],
                [
                    935.4604797363281,
                    509.4911651611328,
                    0.6730941534042358
                ],
                [
                    951.1812744140625,
                    502.7536926269531,
                    0.6730941534042358
                ],
                [
                    960.16455078125,
                    612.799072265625,
                    0.7897281050682068
                ],
                [
                    921.9855346679688,
                    644.2406616210938,
                    0.7713178992271423
                ],
                [
                    919.7396850585938,
                    516.2286376953125,
                    0.855074405670166
                ],
                [
                    939.9521484375,
                    592.586669921875,
                    0.9122161865234375
                ],
                [
                    921.9855346679688,
                    673.4363403320312,
                    0.8256658315658569
                ],
                [
                    1045.5059204101562,
                    611.6762084960938,
                    0.6088016033172607
                ],
                [
                    1061.2266845703125,
                    606.0616455078125,
                    0.6250800490379333
                ],
                [
                    993.8519287109375,
                    711.6153564453125,
                    0.8620616793632507
                ],
                [
                    1041.0142822265625,
                    810.431640625,
                    0.8363921642303467
                ],
                [
                    1029.78515625,
                    617.290771484375,
                    0.6088016033172607
                ],
                [
                    948.9354248046875,
                    711.6153564453125,
                    0.8850647807121277
                ],
                [
                    1002.835205078125,
                    826.1524047851562,
                    0.8147355318069458
                ],
                [
                    0.0,
                    0.0,
                    0.0
                ],
                [
                    0.0,
                    0.0,
                    0.0
                ],
                [
                    0.0,
                    0.0,
                    0.0
                ],
                [
                    0.0,
                    0.0,
                    0.0
                ],
                [
                    0.0,
                    0.0,
                    0.0
                ],
                [
                    0.0,
                    0.0,
                    0.0
                ],
                [
                    0.0,
                    0.0,
                    0.0
                ],
                [
                    0.0,
                    0.0,
                    0.0
                ],
                [
                    0.0,
                    0.0,
                    0.0
                ],
                [
                    0.0,
                    0.0,
                    0.0
                ]
            ],
            "isKeyframe": true,
            "area": 185932.00302035455
        },
        {
            "bbox": [
                53.93600845336914,
                438.2994689941406,
                219.46115112304688,
                707.7589111328125,
                1.0,
                1.0,
                0.0
            ],
            "personID": 1,
            "keypoints": [
                [
                    185.11708068847656,
                    485.31451416015625,
                    0.8136275410652161
                ],
                [
                    159.85525512695312,
                    488.8230895996094,
                    0.7706259489059448
                ],
                [
                    123.36595153808594,
                    482.50762939453125,
                    0.7706259489059448
                ],
                [
                    74.2457275390625,
                    526.0140991210938,
                    0.8518170118331909
                ],
                [
                    65.82511901855469,
                    584.9583740234375,
                    0.8746334910392761
                ],
                [
                    196.3445587158203,
                    495.1385498046875,
                    0.8329327702522278
                ],
                [
                    201.9582977294922,
                    544.2587890625,
                    0.9060414433479309
                ],
                [
                    211.78233337402344,
                    580.748046875,
                    0.888185977935791
                ],
                [
                    127.57624816894531,
                    554.0828247070312,
                    0.7769055366516113
                ],
                [
                    105.12129211425781,
                    552.6793823242188,
                    0.7769055366516113
                ],
                [
                    133.1899871826172,
                    610.22021484375,
                    0.8305692672729492
                ],
                [
                    110.73503112792969,
                    678.988525390625,
                    0.7289743423461914
                ],
                [
                    150.0312042236328,
                    555.4862670898438,
                    0.8326994776725769
                ],
                [
                    175.29302978515625,
                    613.0270385742188,
                    0.8713155388832092
                ],
                [
                    161.25868225097656,
                    673.374755859375,
                    0.8116765022277832
                ],
                [
                    0.0,
                    0.0,
                    0.0
                ],
                [
                    0.0,
                    0.0,
                    0.0
                ],
                [
                    0.0,
                    0.0,
                    0.0
                ],
                [
                    0.0,
                    0.0,
                    0.0
                ],
                [
                    0.0,
                    0.0,
                    0.0
                ],
                [
                    0.0,
                    0.0,
                    0.0
                ],
                [
                    0.0,
                    0.0,
                    0.0
                ],
                [
                    0.0,
                    0.0,
                    0.0
                ],
                [
                    0.0,
                    0.0,
                    0.0
                ],
                [
                    0.0,
                    0.0,
                    0.0
                ]
            ],
            "isKeyframe": true,
            "area": 72608.39095768426
        }
    ],
    "isKeyframe": false
}