{
    "filename": "images/demo_H2FNV1/000206.jpg",
    "height": 1080,
    "width": 1920,
    "annots": [
        {
            "bbox": [
                817.693115234375,
                375.7160339355469,
                1132.58935546875,
                670.8081665039062,
                1.0,
                1.0,
                0.0
            ],
            "personID": 0,
            "keypoints": [
                [
                    866.8956298828125,
                    544.0364990234375,
                    0.8928367495536804
                ],
                [
                    873.4559936523438,
                    480.61988830566406,
                    0.40427133440971375
                ],
                [
                    888.763427734375,
                    474.0595397949219,
                    0.40427133440971375
                ],
                [
                    1004.6627807617188,
                    541.8497314453125,
                    0.0
                ],
                [
                    993.7288818359375,
                    570.27783203125,
                    0.0
                ],
                [
                    858.1485595703125,
                    487.18023681640625,
                    0.7992613911628723
                ],
                [
                    888.763427734375,
                    489.36700439453125,
                    0.8228229880332947
                ],
                [
                    930.312255859375,
                    559.3439331054688,
                    0.8053293228149414
                ],
                [
                    1003.5693359375,
                    413.92311096191406,
                    0.6581006646156311
                ],
                [
                    1030.904052734375,
                    406.2693786621094,
                    0.7020151615142822
                ],
                [
                    1033.0909423828125,
                    539.6629028320312,
                    0.8941071629524231
                ],
                [
                    1111.81494140625,
                    616.2001953125,
                    0.7487688064575195
                ],
                [
                    976.234619140625,
                    421.57684326171875,
                    0.6581006646156311
                ],
                [
                    984.9817504882812,
                    552.7836303710938,
                    0.8481716513633728
                ],
                [
                    1081.2000732421875,
                    638.0679931640625,
                    0.8033785820007324
                ],
                [
                    0.0,
                    0.0,
                    0.0
                ],
                [
                    0.0,
                    0.0,
                    0.0
                ],
                [
                    0.0,
                    0.0,
                    0.0
                ],
                [
                    0.0,
                    0.0,
                    0.0
                ],
                [
                    0.0,
                    0.0,
                    0.0
                ],
                [
                    0.0,
                    0.0,
                    0.0
                ],
                [
                    0.0,
                    0.0,
                    0.0
                ],
                [
                    0.0,
                    0.0,
                    0.0
                ],
                [
                    0.0,
                    0.0,
                    0.0
                ],
                [
                    0.0,
                    0.0,
                    0.0
                ]
            ],
            "isKeyframe": true,
            "area": 99159.64211374521
        },
        {
            "bbox": [
                60.20559310913086,
                385.9129943847656,
                251.82766723632812,
                592.9522094726562,
                1.0,
                1.0,
                0.0
            ],
            "personID": 1,
            "keypoints": [
                [
                    180.31670422024195,
                    517.3111425329138,
                    0.0
                ],
                [
                    189.6521963896575,
                    459.7355324074074,
                    0.5986355543136597
                ],
                [
                    165.1963338498716,
                    461.7278091995804,
                    0.5986355543136597
                ],
                [
                    83.6985969543457,
                    465.7275085449219,
                    0.8795871138572693
                ],
                [
                    91.6828498840332,
                    508.3101806640625,
                    0.8414392471313477
                ],
                [
                    214.10805892944336,
                    457.7432556152344,
                    0.6510939002037048
                ],
                [
                    181.59448199801972,
                    451.50558697735823,
                    0.0
                ],
                [
                    190.3259634795012,
                    516.033364755136,
                    0.0
                ],
                [
                    126.33059310913086,
                    427.9731795699508,
                    0.33479008078575134
                ],
                [
                    105.14077829431605,
                    427.4407721625434,
                    0.5146547555923462
                ],
                [
                    103.65922927856445,
                    509.6408996582031,
                    0.7078539133071899
                ],
                [
                    77.04504776000977,
                    560.2077941894531,
                    0.7289167046546936
                ],
                [
                    147.52040792394567,
                    428.50558697735823,
                    0.33479008078575134
                ],
                [
                    158.21828842163086,
                    510.9715881347656,
                    0.8805137276649475
                ],
                [
                    127.61198806762695,
                    554.8849792480469,
                    0.8400090932846069
                ],
                [
                    0.20559310913085938,
                    0.912994384765625,
                    0.0
                ],
                [
                    0.20559310913085938,
                    0.912994384765625,
                    0.0
                ],
                [
                    0.20559310913085938,
                    0.912994384765625,
                    0.0
                ],
                [
                    0.20559310913085938,
                    0.912994384765625,
                    0.0
                ],
                [
                    0.20559310913085938,
                    0.912994384765625,
                    0.0
                ],
                [
                    0.20559310913085938,
                    0.912994384765625,
                    0.0
                ],
                [
                    0.20559310913085938,
                    0.912994384765625,
                    0.0
                ],
                [
                    0.20559310913085938,
                    0.912994384765625,
                    0.0
                ],
                [
                    0.20559310913085938,
                    0.912994384765625,
                    0.0
                ],
                [
                    0.20559310913085938,
                    0.912994384765625,
                    0.0
                ]
            ],
            "isKeyframe": true,
            "area": 42865.23658420984
        }
    ],
    "isKeyframe": true
}