{
    "filename": "images/demo_H2FNV1/000210.jpg",
    "height": 1080,
    "width": 1920,
    "annots": [
        {
            "bbox": [
                798.5565185546875,
                379.54632568359375,
                1133.523681640625,
                745.8645629882812,
                1.0,
                1.0,
                0.0
            ],
            "personID": 0,
            "keypoints": [
                [
                    850.8951416015625,
                    535.95458984375,
                    0.9119904041290283
                ],
                [
                    866.0151672363281,
                    476.6374969482422,
                    0.39639154076576233
                ],
                [
                    874.15673828125,
                    473.14825439453125,
                    0.39639154076576233
                ],
                [
                    960.2246704101562,
                    535.95458984375,
                    0.3825846314430237
                ],
                [
                    985.8124389648438,
                    566.1947021484375,
                    0.5738551020622253
                ],
                [
                    857.8735961914062,
                    480.1267395019531,
                    0.8519309163093567
                ],
                [
                    885.7875366210938,
                    498.73602294921875,
                    0.8575507402420044
                ],
                [
                    918.3538208007812,
                    575.4993286132812,
                    0.8740293383598328
                ],
                [
                    1010.2371520996094,
                    446.3974151611328,
                    0.6840150952339172
                ],
                [
                    1034.661865234375,
                    442.9081726074219,
                    0.6840150952339172
                ],
                [
                    1041.640380859375,
                    577.8255004882812,
                    0.9004130363464355
                ],
                [
                    1099.7943115234375,
                    687.155029296875,
                    0.8191354870796204
                ],
                [
                    985.8124389648438,
                    449.88665771484375,
                    0.6867358684539795
                ],
                [
                    995.1171264648438,
                    591.782470703125,
                    0.8073775172233582
                ],
                [
                    1062.5758056640625,
                    703.4381713867188,
                    0.8009005188941956
                ],
                [
                    0.0,
                    0.0,
                    0.0
                ],
                [
                    0.0,
                    0.0,
                    0.0
                ],
                [
                    0.0,
                    0.0,
                    0.0
                ],
                [
                    0.0,
                    0.0,
                    0.0
                ],
                [
                    0.0,
                    0.0,
                    0.0
                ],
                [
                    0.0,
                    0.0,
                    0.0
                ],
                [
                    0.0,
                    0.0,
                    0.0
                ],
                [
                    0.0,
                    0.0,
                    0.0
                ],
                [
                    0.0,
                    0.0,
                    0.0
                ],
                [
                    0.0,
                    0.0,
                    0.0
                ]
            ],
            "isKeyframe": true,
            "area": 134189.05098201334
        },
        {
            "bbox": [
                63.29289627075195,
                397.3518371582031,
                244.06881713867188,
                624.5656127929688,
                1.0,
                1.0,
                0.0
            ],
            "personID": 1,
            "keypoints": [
                [
                    199.50254821777344,
                    499.0325622558594,
                    0.7185210585594177
                ],
                [
                    190.08712768554688,
                    458.86012268066406,
                    0.3518691658973694
                ],
                [
                    165.6070556640625,
                    457.604736328125,
                    0.3518691658973694
                ],
                [
                    81.49602508544922,
                    472.6694030761719,
                    0.4636446535587311
                ],
                [
                    95.3052978515625,
                    521.6295166015625,
                    0.623279869556427
                ],
                [
                    214.56719970703125,
                    460.1155090332031,
                    0.5789071917533875
                ],
                [
                    204.5240936279297,
                    487.7340393066406,
                    0.6884979605674744
                ],
                [
                    193.22560119628906,
                    515.3526000976562,
                    0.9030358791351318
                ],
                [
                    126.69000625610352,
                    447.56163024902344,
                    0.5094804763793945
                ],
                [
                    109.11457061767578,
                    437.5185241699219,
                    0.5094804763793945
                ],
                [
                    102.83763122558594,
                    524.1403198242188,
                    0.7989909648895264
                ],
                [
                    84.00680541992188,
                    600.718994140625,
                    0.7810856699943542
                ],
                [
                    144.26544189453125,
                    457.604736328125,
                    0.5428241491317749
                ],
                [
                    156.8193359375,
                    524.1403198242188,
                    0.882537841796875
                ],
                [
                    141.75466918945312,
                    595.6974487304688,
                    0.8306716680526733
                ],
                [
                    0.0,
                    0.0,
                    0.0
                ],
                [
                    0.0,
                    0.0,
                    0.0
                ],
                [
                    0.0,
                    0.0,
                    0.0
                ],
                [
                    0.0,
                    0.0,
                    0.0
                ],
                [
                    0.0,
                    0.0,
                    0.0
                ],
                [
                    0.0,
                    0.0,
                    0.0
                ],
                [
                    0.0,
                    0.0,
                    0.0
                ],
                [
                    0.0,
                    0.0,
                    0.0
                ],
                [
                    0.0,
                    0.0,
                    0.0
                ],
                [
                    0.0,
                    0.0,
                    0.0
                ]
            ],
            "isKeyframe": true,
            "area": 51626.09983820561
        }
    ],
    "isKeyframe": false
}