{
    "filename": "images/demo_H2FNV1/000245.jpg",
    "height": 1080,
    "width": 1920,
    "annots": [
        {
            "bbox": [
                864.844970703125,
                390.0664367675781,
                1086.4522705078125,
                864.4894409179688,
                1.0,
                1.0,
                0.0
            ],
            "personID": 0,
            "keypoints": [
                [
                    885.4588012695312,
                    472.8433837890625,
                    0.974697470664978
                ],
                [
                    949.70361328125,
                    472.84336853027344,
                    0.7748889327049255
                ],
                [
                    969.4712524414062,
                    465.4305114746094,
                    0.7748889327049255
                ],
                [
                    1016.4193725585938,
                    549.4429321289062,
                    0.4754243493080139
                ],
                [
                    969.4712524414062,
                    628.513427734375,
                    0.9085679054260254
                ],
                [
                    929.9359741210938,
                    480.2562255859375,
                    0.8793205618858337
                ],
                [
                    959.58740234375,
                    549.4429321289062,
                    0.9283153414726257
                ],
                [
                    979.3550415039062,
                    628.513427734375,
                    0.8888485431671143
                ],
                [
                    1047.3062744140625,
                    596.3910522460938,
                    0.6813743114471436
                ],
                [
                    1065.83837890625,
                    593.9201049804688,
                    0.6813743114471436
                ],
                [
                    1009.0064697265625,
                    697.7001342773438,
                    0.8831852674484253
                ],
                [
                    1043.599853515625,
                    806.4220581054688,
                    0.8380181789398193
                ],
                [
                    1028.774169921875,
                    598.8619995117188,
                    0.7136648893356323
                ],
                [
                    967.0003051757812,
                    705.1129760742188,
                    0.9036181569099426
                ],
                [
                    1001.5936279296875,
                    823.71875,
                    0.8619009852409363
                ],
                [
                    0.0,
                    0.0,
                    0.0
                ],
                [
                    0.0,
                    0.0,
                    0.0
                ],
                [
                    0.0,
                    0.0,
                    0.0
                ],
                [
                    0.0,
                    0.0,
                    0.0
                ],
                [
                    0.0,
                    0.0,
                    0.0
                ],
                [
                    0.0,
                    0.0,
                    0.0
                ],
                [
                    0.0,
                    0.0,
                    0.0
                ],
                [
                    0.0,
                    0.0,
                    0.0
                ],
                [
                    0.0,
                    0.0,
                    0.0
                ],
                [
                    0.0,
                    0.0,
                    0.0
                ]
            ],
            "isKeyframe": true,
            "area": 225077.18686708156
        },
        {
            "bbox": [
                45.988136291503906,
                409.3364562988281,
                206.91586303710938,
                712.894775390625,
                1.0,
                1.0,
                0.0
            ],
            "personID": 1,
            "keypoints": [
                [
                    163.6062774658203,
                    454.3959045410156,
                    0.9254154562950134
                ],
                [
                    146.21491241455078,
                    463.0915832519531,
                    0.8306366205215454
                ],
                [
                    108.27012634277344,
                    459.1390075683594,
                    0.8306366205215454
                ],
                [
                    68.74430847167969,
                    503.40789794921875,
                    0.8895865082740784
                ],
                [
                    59.25811767578125,
                    552.419921875,
                    0.9109272360801697
                ],
                [
                    184.15969848632812,
                    467.0441589355469,
                    0.8608317375183105
                ],
                [
                    193.64588928222656,
                    519.21826171875,
                    0.8981337547302246
                ],
                [
                    196.80795288085938,
                    568.230224609375,
                    0.8752821087837219
                ],
                [
                    122.49942016601562,
                    540.5621643066406,
                    0.7773976922035217
                ],
                [
                    97.20289611816406,
                    538.1906127929688,
                    0.7773976922035217
                ],
                [
                    114.5942611694336,
                    601.4319458007812,
                    0.8142038583755493
                ],
                [
                    106.68909454345703,
                    669.4163208007812,
                    0.7572166323661804
                ],
                [
                    147.7959442138672,
                    542.9337158203125,
                    0.7923524379730225
                ],
                [
                    166.76834106445312,
                    606.175048828125,
                    0.8504431247711182
                ],
                [
                    157.28213500976562,
                    666.2542724609375,
                    0.7942328453063965
                ],
                [
                    0.0,
                    0.0,
                    0.0
                ],
                [
                    0.0,
                    0.0,
                    0.0
                ],
                [
                    0.0,
                    0.0,
                    0.0
                ],
                [
                    0.0,
                    0.0,
                    0.0
                ],
                [
                    0.0,
                    0.0,
                    0.0
                ],
                [
                    0.0,
                    0.0,
                    0.0
                ],
                [
                    0.0,
                    0.0,
                    0.0
                ],
                [
                    0.0,
                    0.0,
                    0.0
                ],
                [
                    0.0,
                    0.0,
                    0.0
                ],
                [
                    0.0,
                    0.0,
                    0.0
                ]
            ],
            "isKeyframe": true,
            "area": 92147.65308983717
        }
    ],
    "isKeyframe": false
}