{
    "filename": "images/demo_H2FNV1/000217.jpg",
    "height": 1080,
    "width": 1920,
    "annots": [
        {
            "bbox": [
                879.5022583007812,
                454.21844482421875,
                1071.3321533203125,
                832.7282104492188,
                1.0,
                1.0,
                0.0
            ],
            "personID": 0,
            "keypoints": [
                [
                    850.2330322265625,
                    526.1747436523438,
                    0.8317010402679443
                ],
                [
                    883.7469177246094,
                    478.8609924316406,
                    0.3928205072879791
                ],
                [
                    897.5467529296875,
                    476.88958740234375,
                    0.3928205072879791
                ],
                [
                    992.1741943359375,
                    543.9173583984375,
                    0.6395270228385925
                ],
                [
                    942.8890380859375,
                    597.1453247070312,
                    0.8975028395652771
                ],
                [
                    869.9470825195312,
                    480.8323974609375,
                    0.8160502910614014
                ],
                [
                    891.6325073242188,
                    524.2033081054688,
                    0.8992720246315002
                ],
                [
                    897.5467529296875,
                    589.2597045898438,
                    0.7808246612548828
                ],
                [
                    1024.7023620605469,
                    525.1890258789062,
                    0.6530491709709167
                ],
                [
                    1055.2591552734375,
                    532.0889282226562,
                    0.697170615196228
                ],
                [
                    1039.4879150390625,
                    674.0300903320312,
                    0.715009331703186
                ],
                [
                    1053.2877197265625,
                    776.5431518554688,
                    0.7965700626373291
                ],
                [
                    994.1455688476562,
                    518.2891235351562,
                    0.6530491709709167
                ],
                [
                    988.2313842773438,
                    674.0300903320312,
                    0.6190812587738037
                ],
                [
                    1009.9168090820312,
                    800.2000122070312,
                    0.8076995611190796
                ],
                [
                    0.0,
                    0.0,
                    0.0
                ],
                [
                    0.0,
                    0.0,
                    0.0
                ],
                [
                    0.0,
                    0.0,
                    0.0
                ],
                [
                    0.0,
                    0.0,
                    0.0
                ],
                [
                    0.0,
                    0.0,
                    0.0
                ],
                [
                    0.0,
                    0.0,
                    0.0
                ],
                [
                    0.0,
                    0.0,
                    0.0
                ],
                [
                    0.0,
                    0.0,
                    0.0
                ],
                [
                    0.0,
                    0.0,
                    0.0
                ],
                [
                    0.0,
                    0.0,
                    0.0
                ]
            ],
            "isKeyframe": true,
            "area": 143269.64267349243
        },
        {
            "bbox": [
                60.45881652832031,
                439.60333251953125,
                236.70713806152344,
                682.6966552734375,
                1.0,
                1.0,
                0.0
            ],
            "personID": 1,
            "keypoints": [
                [
                    193.52992248535156,
                    495.9453125,
                    0.6685361266136169
                ],
                [
                    172.63909149169922,
                    466.8247375488281,
                    0.4703844487667084
                ],
                [
                    134.022705078125,
                    466.8247375488281,
                    0.6427913308143616
                ],
                [
                    78.31380462646484,
                    490.880859375,
                    0.8312905430793762
                ],
                [
                    92.24102783203125,
                    540.2592163085938,
                    0.8291667103767395
                ],
                [
                    211.25547790527344,
                    466.8247375488281,
                    0.4703844487667084
                ],
                [
                    216.31993103027344,
                    507.3403015136719,
                    0.8070791363716125
                ],
                [
                    207.4571533203125,
                    540.2592163085938,
                    0.8534902334213257
                ],
                [
                    123.89380645751953,
                    501.00975036621094,
                    0.6177147626876831
                ],
                [
                    102.36991882324219,
                    495.9453125,
                    0.6177147626876831
                ],
                [
                    109.96658325195312,
                    576.9764404296875,
                    0.8218587636947632
                ],
                [
                    102.36991882324219,
                    663.0719604492188,
                    0.6408541202545166
                ],
                [
                    145.41769409179688,
                    506.0741882324219,
                    0.7317818999290466
                ],
                [
                    159.3449249267578,
                    578.2425537109375,
                    0.6097923517227173
                ],
                [
                    161.8771514892578,
                    656.7413940429688,
                    0.7627890706062317
                ],
                [
                    0.0,
                    0.0,
                    0.0
                ],
                [
                    0.0,
                    0.0,
                    0.0
                ],
                [
                    0.0,
                    0.0,
                    0.0
                ],
                [
                    0.0,
                    0.0,
                    0.0
                ],
                [
                    0.0,
                    0.0,
                    0.0
                ],
                [
                    0.0,
                    0.0,
                    0.0
                ],
                [
                    0.0,
                    0.0,
                    0.0
                ],
                [
                    0.0,
                    0.0,
                    0.0
                ],
                [
                    0.0,
                    0.0,
                    0.0
                ],
                [
                    0.0,
                    0.0,
                    0.0
                ]
            ],
            "isKeyframe": true,
            "area": 59094.363567534834
        }
    ],
    "isKeyframe": false
}