{
    "filename": "images/demo_H2FNV1/000216.jpg",
    "height": 1080,
    "width": 1920,
    "annots": [
        {
            "bbox": [
                804.9974365234375,
                438.7874755859375,
                1079.0189208984375,
                829.4886474609375,
                1.0,
                1.0,
                0.0
            ],
            "personID": 0,
            "keypoints": [
                [
                    843.3154296875,
                    525.2708129882812,
                    0.9204720258712769
                ],
                [
                    879.9436645507812,
                    481.5204162597656,
                    0.392665296792984
                ],
                [
                    894.18798828125,
                    480.5029602050781,
                    0.392665296792984
                ],
                [
                    1008.1425170898438,
                    531.37548828125,
                    0.5352110862731934
                ],
                [
                    951.1652221679688,
                    590.3876953125,
                    0.8925308585166931
                ],
                [
                    865.6993408203125,
                    482.5378723144531,
                    0.8596593737602234
                ],
                [
                    890.1181640625,
                    519.1660766601562,
                    0.9352778196334839
                ],
                [
                    896.222900390625,
                    592.4225463867188,
                    0.7934893369674683
                ],
                [
                    1020.3519287109375,
                    511.02650451660156,
                    0.6287546157836914
                ],
                [
                    1046.8056640625,
                    515.0963134765625,
                    0.6346928477287292
                ],
                [
                    1040.700927734375,
                    665.6790161132812,
                    0.678774893283844
                ],
                [
                    1056.9801025390625,
                    765.3892211914062,
                    0.8316752314567566
                ],
                [
                    993.898193359375,
                    506.9566955566406,
                    0.6287546157836914
                ],
                [
                    987.79345703125,
                    671.7837524414062,
                    0.6106562614440918
                ],
                [
                    1018.3170166015625,
                    789.8080444335938,
                    0.7839760780334473
                ],
                [
                    0.0,
                    0.0,
                    0.0
                ],
                [
                    0.0,
                    0.0,
                    0.0
                ],
                [
                    0.0,
                    0.0,
                    0.0
                ],
                [
                    0.0,
                    0.0,
                    0.0
                ],
                [
                    0.0,
                    0.0,
                    0.0
                ],
                [
                    0.0,
                    0.0,
                    0.0
                ],
                [
                    0.0,
                    0.0,
                    0.0
                ],
                [
                    0.0,
                    0.0,
                    0.0
                ],
                [
                    0.0,
                    0.0,
                    0.0
                ],
                [
                    0.0,
                    0.0,
                    0.0
                ]
            ],
            "isKeyframe": true,
            "area": 152647.4057044983
        },
        {
            "bbox": [
                66.0645980834961,
                436.7092590332031,
                239.8266143798828,
                674.5965576171875,
                1.0,
                1.0,
                0.0
            ],
            "personID": 1,
            "keypoints": [
                [
                    198.16897583007812,
                    499.278564453125,
                    0.7855042815208435
                ],
                [
                    166.57457733154297,
                    465.20616149902344,
                    0.3768795132637024
                ],
                [
                    139.9361572265625,
                    467.0646667480469,
                    0.6805812120437622
                ],
                [
                    79.225341796875,
                    486.88861083984375,
                    0.8192625641822815
                ],
                [
                    92.85429382324219,
                    540.1654663085938,
                    0.8115408420562744
                ],
                [
                    193.21299743652344,
                    463.34765625,
                    0.3768795132637024
                ],
                [
                    215.51492309570312,
                    499.278564453125,
                    0.7845513224601746
                ],
                [
                    205.60296630859375,
                    535.20947265625,
                    0.8766074180603027
                ],
                [
                    124.4487075805664,
                    499.27854919433594,
                    0.7046834826469421
                ],
                [
                    105.2442626953125,
                    498.03955078125,
                    0.7046834826469421
                ],
                [
                    110.20024871826172,
                    559.9893798828125,
                    0.7904362082481384
                ],
                [
                    99.04927825927734,
                    655.39208984375,
                    0.6898055672645569
                ],
                [
                    143.6531524658203,
                    500.5175476074219,
                    0.7538047432899475
                ],
                [
                    158.52110290527344,
                    573.6183471679688,
                    0.732415497303009
                ],
                [
                    160.9990997314453,
                    649.1971435546875,
                    0.8008143305778503
                ],
                [
                    0.0,
                    0.0,
                    0.0
                ],
                [
                    0.0,
                    0.0,
                    0.0
                ],
                [
                    0.0,
                    0.0,
                    0.0
                ],
                [
                    0.0,
                    0.0,
                    0.0
                ],
                [
                    0.0,
                    0.0,
                    0.0
                ],
                [
                    0.0,
                    0.0,
                    0.0
                ],
                [
                    0.0,
                    0.0,
                    0.0
                ],
                [
                    0.0,
                    0.0,
                    0.0
                ],
                [
                    0.0,
                    0.0,
                    0.0
                ],
                [
                    0.0,
                    0.0,
                    0.0
                ]
            ],
            "isKeyframe": true,
            "area": 56590.366827585734
        }
    ],
    "isKeyframe": false
}