{
    "filename": "images/demo_H2FNV1/000203.jpg",
    "height": 1080,
    "width": 1920,
    "annots": [
        {
            "bbox": [
                828.3501586914062,
                358.93597412109375,
                1134.8800048828125,
                639.6387329101562,
                1.0,
                1.0,
                0.0
            ],
            "personID": 0,
            "keypoints": [
                [
                    874.1168212890625,
                    545.053955078125,
                    0.9431596398353577
                ],
                [
                    878.3741760253906,
                    488.6439666748047,
                    0.3647073805332184
                ],
                [
                    897.5322875976562,
                    493.9656677246094,
                    0.3647073805332184
                ],
                [
                    965.6500244140625,
                    510.9950866699219,
                    0.0
                ],
                [
                    965.6500244140625,
                    545.053955078125,
                    0.3787729740142822
                ],
                [
                    859.216064453125,
                    483.322265625,
                    0.7828202843666077
                ],
                [
                    891.146240234375,
                    479.0649108886719,
                    0.8370618224143982
                ],
                [
                    937.9771728515625,
                    545.053955078125,
                    0.8843947649002075
                ],
                [
                    996.515869140625,
                    392.8533935546875,
                    0.6369550228118896
                ],
                [
                    1018.8670043945312,
                    385.40301513671875,
                    0.6369550228118896
                ],
                [
                    1027.3817138671875,
                    517.381103515625,
                    0.9000012278556824
                ],
                [
                    1112.5289306640625,
                    570.59814453125,
                    0.7596532106399536
                ],
                [
                    974.1647338867188,
                    400.30377197265625,
                    0.685255765914917
                ],
                [
                    976.2933959960938,
                    532.2818603515625,
                    0.8120601773262024
                ],
                [
                    1091.2420654296875,
                    591.8848876953125,
                    0.7912493944168091
                ],
                [
                    0.0,
                    0.0,
                    0.0
                ],
                [
                    0.0,
                    0.0,
                    0.0
                ],
                [
                    0.0,
                    0.0,
                    0.0
                ],
                [
                    0.0,
                    0.0,
                    0.0
                ],
                [
                    0.0,
                    0.0,
                    0.0
                ],
                [
                    0.0,
                    0.0,
                    0.0
                ],
                [
                    0.0,
                    0.0,
                    0.0
                ],
                [
                    0.0,
                    0.0,
                    0.0
                ],
                [
                    0.0,
                    0.0,
                    0.0
                ],
                [
                    0.0,
                    0.0,
                    0.0
                ]
            ],
            "isKeyframe": true,
            "area": 93960.54660612717
        },
        {
            "bbox": [
                56.582881927490234,
                375.6953125,
                241.9474334716797,
                561.2993774414062,
                1.0,
                1.0,
                0.0
            ],
            "personID": 1,
            "keypoints": [
                [
                    195.31744982872482,
                    500.4607445987654,
                    0.0
                ],
                [
                    187.1176528930664,
                    462.8080596923828,
                    0.38549840450286865
                ],
                [
                    157.51081085205078,
                    465.382568359375,
                    0.38549840450286865
                ],
                [
                    85.42459106445312,
                    461.52081298828125,
                    0.9347259998321533
                ],
                [
                    89.2863540649414,
                    500.138427734375,
                    0.7819901704788208
                ],
                [
                    216.72449493408203,
                    460.2335510253906,
                    0.6589747667312622
                ],
                [
                    180.40033175621505,
                    508.6190200617284,
                    0.0
                ],
                [
                    159.73366508954837,
                    527.3721064814815,
                    0.0
                ],
                [
                    123.78765275743272,
                    408.0497191629292,
                    0.44103434681892395
                ],
                [
                    106.0206527709961,
                    404.88165283203125,
                    0.5383195877075195
                ],
                [
                    108.59516143798828,
                    491.1276550292969,
                    0.8270535469055176
                ],
                [
                    78.98832702636719,
                    524.5962524414062,
                    0.5581691265106201
                ],
                [
                    141.55465274386935,
                    411.21778549382714,
                    0.44103434681892395
                ],
                [
                    167.7707021265854,
                    490.63136574074076,
                    0.7911326885223389
                ],
                [
                    122.75495910644531,
                    525.883544921875,
                    0.8176220059394836
                ],
                [
                    1.1657638549804688,
                    1.390625,
                    0.0
                ],
                [
                    1.1657638549804688,
                    1.390625,
                    0.0
                ],
                [
                    1.1657638549804688,
                    1.390625,
                    0.0
                ],
                [
                    1.1657638549804688,
                    1.390625,
                    0.0
                ],
                [
                    1.1657638549804688,
                    1.390625,
                    0.0
                ],
                [
                    1.1657638549804688,
                    1.390625,
                    0.0
                ],
                [
                    1.1657638549804688,
                    1.390625,
                    0.0
                ],
                [
                    1.1657638549804688,
                    1.390625,
                    0.0
                ],
                [
                    1.1657638549804688,
                    1.390625,
                    0.0
                ],
                [
                    1.1657638549804688,
                    1.390625,
                    0.0
                ]
            ],
            "isKeyframe": true,
            "area": 34448.86892277375
        }
    ],
    "isKeyframe": true
}