{
    "filename": "images/demo_H2FNV1/000204.jpg",
    "height": 1080,
    "width": 1920,
    "annots": [
        {
            "bbox": [
                828.6641845703125,
                359.65911865234375,
                1134.4208984375,
                639.0223999023438,
                1.0,
                1.0,
                0.0
            ],
            "personID": 0,
            "keypoints": [
                [
                    874.3153686523438,
                    544.991943359375,
                    0.9510409235954285
                ],
                [
                    878.5619812011719,
                    488.7241973876953,
                    0.36488229036331177
                ],
                [
                    897.6717529296875,
                    494.032470703125,
                    0.36488229036331177
                ],
                [
                    965.6177368164062,
                    511.01898193359375,
                    0.0
                ],
                [
                    965.6177368164062,
                    544.991943359375,
                    0.36442214250564575
                ],
                [
                    859.4522094726562,
                    483.4159240722656,
                    0.7829681038856506
                ],
                [
                    891.3018188476562,
                    479.1693115234375,
                    0.8294877409934998
                ],
                [
                    938.0146484375,
                    544.991943359375,
                    0.8776316046714783
                ],
                [
                    996.4057312011719,
                    393.17523193359375,
                    0.6353905200958252
                ],
                [
                    1018.7005004882812,
                    385.74365234375,
                    0.6353905200958252
                ],
                [
                    1027.1937255859375,
                    517.388916015625,
                    0.9044418334960938
                ],
                [
                    1112.1260986328125,
                    570.4716796875,
                    0.7502143979072571
                ],
                [
                    974.1109619140625,
                    400.6068115234375,
                    0.682638943195343
                ],
                [
                    976.2342529296875,
                    534.3753662109375,
                    0.8142271637916565
                ],
                [
                    1090.89306640625,
                    591.7047729492188,
                    0.8004603385925293
                ],
                [
                    0.0,
                    0.0,
                    0.0
                ],
                [
                    0.0,
                    0.0,
                    0.0
                ],
                [
                    0.0,
                    0.0,
                    0.0
                ],
                [
                    0.0,
                    0.0,
                    0.0
                ],
                [
                    0.0,
                    0.0,
                    0.0
                ],
                [
                    0.0,
                    0.0,
                    0.0
                ],
                [
                    0.0,
                    0.0,
                    0.0
                ],
                [
                    0.0,
                    0.0,
                    0.0
                ],
                [
                    0.0,
                    0.0,
                    0.0
                ],
                [
                    0.0,
                    0.0,
                    0.0
                ]
            ],
            "isKeyframe": true,
            "area": 93487.16807486117
        },
        {
            "bbox": [
                56.61008834838867,
                375.82861328125,
                241.94668579101562,
                561.3243408203125,
                1.0,
                1.0,
                0.0
            ],
            "personID": 1,
            "keypoints": [
                [
                    187.24664306640625,
                    500.10943603515625,
                    0.8744492530822754
                ],
                [
                    185.95958709716797,
                    462.1411895751953,
                    0.3744949400424957
                ],
                [
                    156.35720825195312,
                    464.07177734375,
                    0.3744949400424957
                ],
                [
                    84.2818603515625,
                    460.2106018066406,
                    0.9394410848617554
                ],
                [
                    88.1430435180664,
                    498.8223876953125,
                    0.7716860771179199
                ],
                [
                    215.5619659423828,
                    460.2106018066406,
                    0.650261640548706
                ],
                [
                    157.64427185058594,
                    497.5353088378906,
                    0.4936850368976593
                ],
                [
                    128.04190063476562,
                    530.9989013671875,
                    0.3148466944694519
                ],
                [
                    130.6160125732422,
                    405.5105438232422,
                    0.41175562143325806
                ],
                [
                    104.87481689453125,
                    403.5799560546875,
                    0.534794807434082
                ],
                [
                    107.44893646240234,
                    489.8129577636719,
                    0.8248705267906189
                ],
                [
                    77.84656524658203,
                    523.2764892578125,
                    0.5671992897987366
                ],
                [
                    156.35720825195312,
                    407.4411315917969,
                    0.41175562143325806
                ],
                [
                    165.3666229248047,
                    492.3870849609375,
                    0.7999693155288696
                ],
                [
                    121.60659790039062,
                    524.5635986328125,
                    0.8179686665534973
                ],
                [
                    0.0,
                    0.0,
                    0.0
                ],
                [
                    0.0,
                    0.0,
                    0.0
                ],
                [
                    0.0,
                    0.0,
                    0.0
                ],
                [
                    0.0,
                    0.0,
                    0.0
                ],
                [
                    0.0,
                    0.0,
                    0.0
                ],
                [
                    0.0,
                    0.0,
                    0.0
                ],
                [
                    0.0,
                    0.0,
                    0.0
                ],
                [
                    0.0,
                    0.0,
                    0.0
                ],
                [
                    0.0,
                    0.0,
                    0.0
                ],
                [
                    0.0,
                    0.0,
                    0.0
                ]
            ],
            "isKeyframe": true,
            "area": 34408.66493524611
        }
    ],
    "isKeyframe": false
}