{
    "filename": "images/demo_H2FNV1/000226.jpg",
    "height": 1080,
    "width": 1920,
    "annots": [
        {
            "bbox": [
                834.0836181640625,
                441.30511474609375,
                1077.427978515625,
                859.8184204101562,
                1.0,
                1.0,
                0.0
            ],
            "personID": 0,
            "keypoints": [
                [
                    871.8351440429688,
                    523.0459594726562,
                    0.9044452905654907
                ],
                [
                    925.2391967773438,
                    506.69781494140625,
                    0.7062999606132507
                ],
                [
                    939.4075927734375,
                    499.06866455078125,
                    0.7062999606132507
                ],
                [
                    948.1266479492188,
                    599.3374633789062,
                    0.6364547610282898
                ],
                [
                    904.531494140625,
                    645.1123657226562,
                    0.8267414569854736
                ],
                [
                    911.07080078125,
                    514.3269653320312,
                    0.8634575605392456
                ],
                [
                    928.5088500976562,
                    579.7196655273438,
                    0.8852909207344055
                ],
                [
                    900.1719970703125,
                    653.8314208984375,
                    0.8407124280929565
                ],
                [
                    1040.7663269042969,
                    598.2475891113281,
                    0.5933766961097717
                ],
                [
                    1061.4739990234375,
                    594.9779663085938,
                    0.5933766961097717
                ],
                [
                    993.9015502929688,
                    699.6063232421875,
                    0.8005802035331726
                ],
                [
                    1039.6763916015625,
                    806.4143676757812,
                    0.8238241076469421
                ],
                [
                    1020.0586547851562,
                    601.5172119140625,
                    0.6522971391677856
                ],
                [
                    950.306396484375,
                    701.7860717773438,
                    0.8973983526229858
                ],
                [
                    1000.4407958984375,
                    819.492919921875,
                    0.8503519892692566
                ],
                [
                    0.0,
                    0.0,
                    0.0
                ],
                [
                    0.0,
                    0.0,
                    0.0
                ],
                [
                    0.0,
                    0.0,
                    0.0
                ],
                [
                    0.0,
                    0.0,
                    0.0
                ],
                [
                    0.0,
                    0.0,
                    0.0
                ],
                [
                    0.0,
                    0.0,
                    0.0
                ],
                [
                    0.0,
                    0.0,
                    0.0
                ],
                [
                    0.0,
                    0.0,
                    0.0
                ],
                [
                    0.0,
                    0.0,
                    0.0
                ],
                [
                    0.0,
                    0.0,
                    0.0
                ]
            ],
            "isKeyframe": true,
            "area": 175153.387017861
        },
        {
            "bbox": [
                57.45772171020508,
                441.72955322265625,
                227.1556854248047,
                703.921142578125,
                1.0,
                1.0,
                0.0
            ],
            "personID": 1,
            "keypoints": [
                [
                    182.59133911132812,
                    491.5732421875,
                    0.6839924454689026
                ],
                [
                    165.52157592773438,
                    490.8904571533203,
                    0.728208065032959
                ],
                [
                    129.33367919921875,
                    486.1109313964844,
                    0.728208065032959
                ],
                [
                    70.61369323730469,
                    520.2504272460938,
                    0.8902794718742371
                ],
                [
                    74.71043395996094,
                    576.2392578125,
                    0.8661206960678101
                ],
                [
                    201.70947265625,
                    495.66998291015625,
                    0.8177541494369507
                ],
                [
                    209.90296936035156,
                    540.7341918945312,
                    0.9218934774398804
                ],
                [
                    211.26853942871094,
                    573.5081176757812,
                    0.8945310711860657
                ],
                [
                    127.96810150146484,
                    554.3899841308594,
                    0.7595220804214478
                ],
                [
                    104.75321960449219,
                    553.0244140625,
                    0.7595220804214478
                ],
                [
                    132.06484985351562,
                    606.2820434570312,
                    0.8453781008720398
                ],
                [
                    112.94670867919922,
                    678.6578369140625,
                    0.7020500898361206
                ],
                [
                    151.1829833984375,
                    555.7555541992188,
                    0.78731369972229
                ],
                [
                    173.0322723388672,
                    607.6476440429688,
                    0.7828985452651978
                ],
                [
                    163.47320556640625,
                    671.8299560546875,
                    0.7772415280342102
                ],
                [
                    0.0,
                    0.0,
                    0.0
                ],
                [
                    0.0,
                    0.0,
                    0.0
                ],
                [
                    0.0,
                    0.0,
                    0.0
                ],
                [
                    0.0,
                    0.0,
                    0.0
                ],
                [
                    0.0,
                    0.0,
                    0.0
                ],
                [
                    0.0,
                    0.0,
                    0.0
                ],
                [
                    0.0,
                    0.0,
                    0.0
                ],
                [
                    0.0,
                    0.0,
                    0.0
                ],
                [
                    0.0,
                    0.0,
                    0.0
                ],
                [
                    0.0,
                    0.0,
                    0.0
                ]
            ],
            "isKeyframe": true,
            "area": 68744.42952874675
        }
    ],
    "isKeyframe": false
}