{
    "filename": "images/demo_H2FNV1/000252.jpg",
    "height": 1080,
    "width": 1920,
    "annots": [
        {
            "bbox": [
                869.4622192382812,
                361.754150390625,
                1081.0128173828125,
                862.2232055664062,
                1.0,
                1.0,
                0.0
            ],
            "personID": 0,
            "keypoints": [
                [
                    885.3095092773438,
                    449.0755310058594,
                    0.952430248260498
                ],
                [
                    954.3846740722656,
                    447.77223205566406,
                    0.7830168008804321
                ],
                [
                    971.32763671875,
                    441.2557067871094,
                    0.7830168008804321
                ],
                [
                    997.3937377929688,
                    529.8804321289062,
                    0.4053925573825836
                ],
                [
                    989.5739135742188,
                    613.2919311523438,
                    0.7277703881263733
                ],
                [
                    937.4417114257812,
                    454.28875732421875,
                    0.8715187907218933
                ],
                [
                    973.9342651367188,
                    522.0606079101562,
                    0.9046308398246765
                ],
                [
                    992.1805419921875,
                    602.8655395507812,
                    0.9112366437911987
                ],
                [
                    1049.5259399414062,
                    572.8894958496094,
                    0.7360814213752747
                ],
                [
                    1067.772216796875,
                    566.3729858398438,
                    0.7360814213752747
                ],
                [
                    1026.06640625,
                    696.7034912109375,
                    0.8935045003890991
                ],
                [
                    1044.312744140625,
                    808.7876586914062,
                    0.8031615018844604
                ],
                [
                    1031.2796630859375,
                    579.406005859375,
                    0.7496010065078735
                ],
                [
                    979.1474609375,
                    699.31005859375,
                    0.9373597502708435
                ],
                [
                    1002.60693359375,
                    821.8207397460938,
                    0.8444945216178894
                ],
                [
                    0.0,
                    0.0,
                    0.0
                ],
                [
                    0.0,
                    0.0,
                    0.0
                ],
                [
                    0.0,
                    0.0,
                    0.0
                ],
                [
                    0.0,
                    0.0,
                    0.0
                ],
                [
                    0.0,
                    0.0,
                    0.0
                ],
                [
                    0.0,
                    0.0,
                    0.0
                ],
                [
                    0.0,
                    0.0,
                    0.0
                ],
                [
                    0.0,
                    0.0,
                    0.0
                ],
                [
                    0.0,
                    0.0,
                    0.0
                ],
                [
                    0.0,
                    0.0,
                    0.0
                ]
            ],
            "isKeyframe": true,
            "area": 250469.27518853918
        },
        {
            "bbox": [
                47.35578918457031,
                387.8722229003906,
                201.22850036621094,
                707.76025390625,
                1.0,
                1.0,
                0.0
            ],
            "personID": 1,
            "keypoints": [
                [
                    153.4486083984375,
                    435.3555908203125,
                    0.925214946269989
                ],
                [
                    139.28689193725586,
                    445.3520965576172,
                    0.8488023281097412
                ],
                [
                    100.1339340209961,
                    440.3538513183594,
                    0.8488023281097412
                ],
                [
                    66.81226348876953,
                    482.00592041015625,
                    0.8746470212936401
                ],
                [
                    60.14793395996094,
                    533.654541015625,
                    0.8925617337226868
                ],
                [
                    178.43984985351562,
                    450.350341796875,
                    0.8556308746337891
                ],
                [
                    190.10244750976562,
                    500.3328552246094,
                    0.9285714030265808
                ],
                [
                    193.43460083007812,
                    551.9814453125,
                    0.8803354501724243
                ],
                [
                    120.12693786621094,
                    529.4892883300781,
                    0.8056941628456116
                ],
                [
                    95.13568115234375,
                    528.65625,
                    0.8056941628456116
                ],
                [
                    105.13218688964844,
                    600.2978515625,
                    0.8754172921180725
                ],
                [
                    103.46610260009766,
                    683.60205078125,
                    0.682359516620636
                ],
                [
                    145.11819458007812,
                    530.3223266601562,
                    0.8346561193466187
                ],
                [
                    160.11294555664062,
                    600.2978515625,
                    0.8719589710235596
                ],
                [
                    155.11468505859375,
                    668.6072998046875,
                    0.8162028193473816
                ],
                [
                    0.0,
                    0.0,
                    0.0
                ],
                [
                    0.0,
                    0.0,
                    0.0
                ],
                [
                    0.0,
                    0.0,
                    0.0
                ],
                [
                    0.0,
                    0.0,
                    0.0
                ],
                [
                    0.0,
                    0.0,
                    0.0
                ],
                [
                    0.0,
                    0.0,
                    0.0
                ],
                [
                    0.0,
                    0.0,
                    0.0
                ],
                [
                    0.0,
                    0.0,
                    0.0
                ],
                [
                    0.0,
                    0.0,
                    0.0
                ],
                [
                    0.0,
                    0.0,
                    0.0
                ]
            ],
            "isKeyframe": true,
            "area": 102328.35238080565
        }
    ],
    "isKeyframe": false
}