{
    "filename": "images/demo_H2FNV1/000259.jpg",
    "height": 1080,
    "width": 1920,
    "annots": [
        {
            "bbox": [
                875.0584716796875,
                319.8180847167969,
                1074.37451171875,
                858.7593994140625,
                1.0,
                1.0,
                0.0
            ],
            "personID": 0,
            "keypoints": [
                [
                    894.7174072265625,
                    397.01019287109375,
                    0.9565919041633606
                ],
                [
                    960.6815795898438,
                    406.8346252441406,
                    0.7413398027420044
                ],
                [
                    967.6990356445312,
                    402.6241455078125,
                    0.7413398027420044
                ],
                [
                    1012.6107788085938,
                    478.4127502441406,
                    0.4996353089809418
                ],
                [
                    1018.2247924804688,
                    551.3944091796875,
                    0.4812033474445343
                ],
                [
                    953.6641235351562,
                    411.04510498046875,
                    0.8938681483268738
                ],
                [
                    1001.3828735351562,
                    472.7987976074219,
                    0.9646794199943542
                ],
                [
                    1009.8038330078125,
                    559.8153686523438,
                    0.8273711204528809
                ],
                [
                    1033.6632080078125,
                    559.8153381347656,
                    0.7483919858932495
                ],
                [
                    1046.294677734375,
                    554.2013549804688,
                    0.7732807397842407
                ],
                [
                    1037.8736572265625,
                    694.5506591796875,
                    0.8913615942001343
                ],
                [
                    1049.1015625,
                    804.0230712890625,
                    0.9101845622062683
                ],
                [
                    1021.03173828125,
                    565.4293212890625,
                    0.7483919858932495
                ],
                [
                    1001.3828735351562,
                    691.74365234375,
                    0.8735814094543457
                ],
                [
                    1021.03173828125,
                    815.2510375976562,
                    0.9073209166526794
                ],
                [
                    0.0,
                    0.0,
                    0.0
                ],
                [
                    0.0,
                    0.0,
                    0.0
                ],
                [
                    0.0,
                    0.0,
                    0.0
                ],
                [
                    0.0,
                    0.0,
                    0.0
                ],
                [
                    0.0,
                    0.0,
                    0.0
                ],
                [
                    0.0,
                    0.0,
                    0.0
                ],
                [
                    0.0,
                    0.0,
                    0.0
                ],
                [
                    0.0,
                    0.0,
                    0.0
                ],
                [
                    0.0,
                    0.0,
                    0.0
                ],
                [
                    0.0,
                    0.0,
                    0.0
                ]
            ],
            "isKeyframe": true,
            "area": 290457.7406876171
        },
        {
            "bbox": [
                43.567039489746094,
                350.9820251464844,
                193.22169494628906,
                711.4609985351562,
                1.0,
                1.0,
                0.0
            ],
            "personID": 1,
            "keypoints": [
                [
                    134.3530731201172,
                    400.735595703125,
                    0.9541652202606201
                ],
                [
                    126.84310150146484,
                    419.5105438232422,
                    0.8559142351150513
                ],
                [
                    83.66072082519531,
                    415.75555419921875,
                    0.8774756789207458
                ],
                [
                    57.375789642333984,
                    453.3054504394531,
                    0.9237995147705078
                ],
                [
                    55.498294830322266,
                    507.7528076171875,
                    0.8993664383888245
                ],
                [
                    170.02548217773438,
                    423.2655334472656,
                    0.8559142351150513
                ],
                [
                    185.04544067382812,
                    470.2029113769531,
                    0.9175037145614624
                ],
                [
                    183.16793823242188,
                    517.1402587890625,
                    0.9499965310096741
                ],
                [
                    114.6393814086914,
                    519.9565124511719,
                    0.8429171442985535
                ],
                [
                    87.41571044921875,
                    517.1402587890625,
                    0.8429171442985535
                ],
                [
                    89.29319763183594,
                    592.2400512695312,
                    0.8853959441184998
                ],
                [
                    89.29319763183594,
                    674.849853515625,
                    0.7768981456756592
                ],
                [
                    141.86305236816406,
                    522.7727661132812,
                    0.8440150618553162
                ],
                [
                    149.37303161621094,
                    595.9950561523438,
                    0.8850001096725464
                ],
                [
                    153.12802124023438,
                    667.33984375,
                    0.8262692093849182
                ],
                [
                    0.0,
                    0.0,
                    0.0
                ],
                [
                    0.0,
                    0.0,
                    0.0
                ],
                [
                    0.0,
                    0.0,
                    0.0
                ],
                [
                    0.0,
                    0.0,
                    0.0
                ],
                [
                    0.0,
                    0.0,
                    0.0
                ],
                [
                    0.0,
                    0.0,
                    0.0
                ],
                [
                    0.0,
                    0.0,
                    0.0
                ],
                [
                    0.0,
                    0.0,
                    0.0
                ],
                [
                    0.0,
                    0.0,
                    0.0
                ],
                [
                    0.0,
                    0.0,
                    0.0
                ]
            ],
            "isKeyframe": true,
            "area": 129945.0902553508
        }
    ],
    "isKeyframe": false
}