{
    "filename": "images/demo_H2FNV1/000255.jpg",
    "height": 1080,
    "width": 1920,
    "annots": [
        {
            "bbox": [
                863.18603515625,
                339.46429443359375,
                1076.81982421875,
                866.1490478515625,
                1.0,
                1.0,
                0.0
            ],
            "personID": 0,
            "keypoints": [
                [
                    889.0800170898438,
                    428.61663818359375,
                    0.951008677482605
                ],
                [
                    954.9155883789062,
                    428.61663818359375,
                    0.7565024495124817
                ],
                [
                    965.88818359375,
                    423.1303405761719,
                    0.7565024495124817
                ],
                [
                    993.3197021484375,
                    516.3973999023438,
                    0.5442953705787659
                ],
                [
                    998.8060302734375,
                    574.0035400390625,
                    0.5593152046203613
                ],
                [
                    943.9429931640625,
                    434.1029357910156,
                    0.8803568482398987
                ],
                [
                    985.0902709960938,
                    499.93853759765625,
                    0.9242458939552307
                ],
                [
                    998.8060302734375,
                    576.7467041015625,
                    0.8695056438446045
                ],
                [
                    1046.8110961914062,
                    561.6593933105469,
                    0.738515317440033
                ],
                [
                    1061.8984375,
                    557.544677734375,
                    0.7569218873977661
                ],
                [
                    1031.7237548828125,
                    689.2158813476562,
                    0.8607498407363892
                ],
                [
                    1045.4395751953125,
                    804.4281616210938,
                    0.8311808705329895
                ],
                [
                    1031.7237548828125,
                    565.7741088867188,
                    0.738515317440033
                ],
                [
                    990.5765380859375,
                    689.2158813476562,
                    0.9153380990028381
                ],
                [
                    1007.0354614257812,
                    820.8870239257812,
                    0.8307536840438843
                ],
                [
                    0.0,
                    0.0,
                    0.0
                ],
                [
                    0.0,
                    0.0,
                    0.0
                ],
                [
                    0.0,
                    0.0,
                    0.0
                ],
                [
                    0.0,
                    0.0,
                    0.0
                ],
                [
                    0.0,
                    0.0,
                    0.0
                ],
                [
                    0.0,
                    0.0,
                    0.0
                ],
                [
                    0.0,
                    0.0,
                    0.0
                ],
                [
                    0.0,
                    0.0,
                    0.0
                ],
                [
                    0.0,
                    0.0,
                    0.0
                ],
                [
                    0.0,
                    0.0,
                    0.0
                ]
            ],
            "isKeyframe": true,
            "area": 277396.82948294654
        },
        {
            "bbox": [
                48.5639762878418,
                372.9636535644531,
                199.71701049804688,
                711.4900512695312,
                1.0,
                1.0,
                0.0
            ],
            "personID": 1,
            "keypoints": [
                [
                    146.17996215820312,
                    421.4505310058594,
                    0.9494903087615967
                ],
                [
                    133.83786010742188,
                    432.91107177734375,
                    0.8585062026977539
                ],
                [
                    93.28521728515625,
                    428.503173828125,
                    0.8626857399940491
                ],
                [
                    65.07469177246094,
                    472.5821228027344,
                    0.8897604942321777
                ],
                [
                    59.785213470458984,
                    520.1873779296875,
                    0.8961930871009827
                ],
                [
                    174.3905029296875,
                    437.3189697265625,
                    0.8585062026977539
                ],
                [
                    188.49575805664062,
                    490.2137145996094,
                    0.9125674366950989
                ],
                [
                    190.2589111328125,
                    539.5821533203125,
                    0.8863250613212585
                ],
                [
                    117.08786010742188,
                    523.7137145996094,
                    0.8359237313270569
                ],
                [
                    91.52206420898438,
                    521.9505615234375,
                    0.844203770160675
                ],
                [
                    96.81153869628906,
                    597.766357421875,
                    0.8744019865989685
                ],
                [
                    98.57469177246094,
                    678.8716430664062,
                    0.7298322319984436
                ],
                [
                    142.65365600585938,
                    525.4768676757812,
                    0.8359237313270569
                ],
                [
                    156.7589111328125,
                    596.003173828125,
                    0.8952047228813171
                ],
                [
                    156.7589111328125,
                    666.529541015625,
                    0.7932606935501099
                ],
                [
                    0.0,
                    0.0,
                    0.0
                ],
                [
                    0.0,
                    0.0,
                    0.0
                ],
                [
                    0.0,
                    0.0,
                    0.0
                ],
                [
                    0.0,
                    0.0,
                    0.0
                ],
                [
                    0.0,
                    0.0,
                    0.0
                ],
                [
                    0.0,
                    0.0,
                    0.0
                ],
                [
                    0.0,
                    0.0,
                    0.0
                ],
                [
                    0.0,
                    0.0,
                    0.0
                ],
                [
                    0.0,
                    0.0,
                    0.0
                ],
                [
                    0.0,
                    0.0,
                    0.0
                ]
            ],
            "isKeyframe": true,
            "area": 114600.12194317672
        }
    ],
    "isKeyframe": false
}