{
    "filename": "images/demo_H2FNV1/000201.jpg",
    "height": 1080,
    "width": 1920,
    "annots": [
        {
            "bbox": [
                822.2080688476562,
                344.6584777832031,
                1131.0084228515625,
                584.3399047851562,
                1.0,
                1.0,
                0.0
            ],
            "personID": 0,
            "keypoints": [
                [
                    882.0433349609375,
                    549.553955078125,
                    0.9718175530433655
                ],
                [
                    880.9269714355469,
                    490.3851013183594,
                    0.39143335819244385
                ],
                [
                    897.6728515625,
                    495.9670715332031,
                    0.39143335819244385
                ],
                [
                    969.1220092773438,
                    516.0621337890625,
                    0.3824140131473541
                ],
                [
                    995.9154663085938,
                    533.9244384765625,
                    0.30554133653640747
                ],
                [
                    864.1810913085938,
                    484.8031311035156,
                    0.7701253890991211
                ],
                [
                    893.207275390625,
                    471.4064025878906,
                    0.8531360030174255
                ],
                [
                    949.0269165039062,
                    531.691650390625,
                    0.8679216504096985
                ],
                [
                    984.7515258789062,
                    377.6293640136719,
                    0.5978218913078308
                ],
                [
                    1007.0794067382812,
                    368.6982116699219,
                    0.5978218913078308
                ],
                [
                    1022.7089233398438,
                    500.4326477050781,
                    0.7138094305992126
                ],
                [
                    1112.0203857421875,
                    527.22607421875,
                    0.6073483228683472
                ],
                [
                    962.4236450195312,
                    386.5605163574219,
                    0.6461911797523499
                ],
                [
                    973.5875854492188,
                    516.0621337890625,
                    0.6266821026802063
                ],
                [
                    1089.6925048828125,
                    542.8555908203125,
                    0.757929801940918
                ],
                [
                    870.87939453125,
                    551.7867431640625,
                    0.0
                ],
                [
                    868.6466064453125,
                    549.553955078125,
                    0.0
                ],
                [
                    853.0171508789062,
                    516.0621337890625,
                    0.0
                ],
                [
                    853.0171508789062,
                    522.760498046875,
                    0.0
                ],
                [
                    0.0,
                    0.0,
                    0.0
                ],
                [
                    0.0,
                    0.0,
                    0.0
                ],
                [
                    0.0,
                    0.0,
                    0.0
                ],
                [
                    0.0,
                    0.0,
                    0.0
                ],
                [
                    0.0,
                    0.0,
                    0.0
                ],
                [
                    0.0,
                    0.0,
                    0.0
                ]
            ],
            "isKeyframe": true,
            "area": 95357.65863293782
        },
        {
            "bbox": [
                18,
                345,
                255,
                561,
                0,
                0,
                1
            ],
            "personID": 1,
            "keypoints": [
                [
                    192.4816131591797,
                    508.98919677734375,
                    0.7867662906646729
                ],
                [
                    183.01757049560547,
                    463.02098083496094,
                    0.5915268659591675
                ],
                [
                    149.2174072265625,
                    467.0769958496094,
                    0.5915268659591675
                ],
                [
                    87.02509307861328,
                    454.908935546875,
                    0.7623094320297241
                ],
                [
                    87.02509307861328,
                    486.0050964355469,
                    0.7951646447181702
                ],
                [
                    216.81773376464844,
                    458.9649658203125,
                    0.7526443004608154
                ],
                [
                    185.72158813476562,
                    414.3487243652344,
                    0.22822155058383942
                ],
                [
                    122.1772689819336,
                    488.7091064453125,
                    0.2868568003177643
                ],
                [
                    128.9373016357422,
                    397.4486541748047,
                    0.4492122530937195
                ],
                [
                    104.60118103027344,
                    398.1246643066406,
                    0.4492122530937195
                ],
                [
                    101.89717102050781,
                    479.24505615234375,
                    0.44488194584846497
                ],
                [
                    73.5050277709961,
                    503.5811767578125,
                    0.3012942969799042
                ],
                [
                    153.27342224121094,
                    396.77264404296875,
                    0.4578283131122589
                ],
                [
                    162.7374725341797,
                    483.30108642578125,
                    0.6055367588996887
                ],
                [
                    116.76924133300781,
                    495.4691467285156,
                    0.31561151146888733
                ],
                [
                    49.84490966796875,
                    329.84832763671875,
                    0.0
                ],
                [
                    49.84490966796875,
                    329.84832763671875,
                    0.0
                ],
                [
                    49.84490966796875,
                    329.84832763671875,
                    0.0
                ],
                [
                    49.84490966796875,
                    329.84832763671875,
                    0.0
                ],
                [
                    0.0,
                    0.0,
                    0.0
                ],
                [
                    0.0,
                    0.0,
                    0.0
                ],
                [
                    0.0,
                    0.0,
                    0.0
                ],
                [
                    0.0,
                    0.0,
                    0.0
                ],
                [
                    0.0,
                    0.0,
                    0.0
                ],
                [
                    0.0,
                    0.0,
                    0.0
                ]
            ],
            "isKeyframe": false
        }
    ],
    "isKeyframe": false
}