{
    "filename": "images/demo_H2FNV1/000218.jpg",
    "height": 1080,
    "width": 1920,
    "annots": [
        {
            "bbox": [
                879.5753173828125,
                454.38311767578125,
                1071.41552734375,
                832.6568603515625,
                1.0,
                1.0,
                0.0
            ],
            "personID": 0,
            "keypoints": [
                [
                    850.3892822265625,
                    526.2945556640625,
                    0.8218371868133545
                ],
                [
                    883.8822326660156,
                    479.0103302001953,
                    0.3886801302433014
                ],
                [
                    897.6734619140625,
                    477.0401611328125,
                    0.3886801302433014
                ],
                [
                    992.241943359375,
                    544.026123046875,
                    0.6284354329109192
                ],
                [
                    942.987548828125,
                    597.2208862304688,
                    0.8981965780258179
                ],
                [
                    870.0910034179688,
                    480.9804992675781,
                    0.8117178082466125
                ],
                [
                    891.762939453125,
                    524.3244018554688,
                    0.8881945610046387
                ],
                [
                    897.6734619140625,
                    589.3402099609375,
                    0.7516013383865356
                ],
                [
                    1024.7498474121094,
                    525.3094787597656,
                    0.6585884094238281
                ],
                [
                    1055.28759765625,
                    532.205078125,
                    0.7025007605552673
                ],
                [
                    1039.526123046875,
                    676.0278930664062,
                    0.7091171741485596
                ],
                [
                    1053.3173828125,
                    776.5068969726562,
                    0.7967870831489563
                ],
                [
                    994.2120971679688,
                    518.4138793945312,
                    0.6585884094238281
                ],
                [
                    990.271728515625,
                    674.0577392578125,
                    0.6066989898681641
                ],
                [
                    1009.9735107421875,
                    800.1489868164062,
                    0.7976117730140686
                ],
                [
                    0.0,
                    0.0,
                    0.0
                ],
                [
                    0.0,
                    0.0,
                    0.0
                ],
                [
                    0.0,
                    0.0,
                    0.0
                ],
                [
                    0.0,
                    0.0,
                    0.0
                ],
                [
                    0.0,
                    0.0,
                    0.0
                ],
                [
                    0.0,
                    0.0,
                    0.0
                ],
                [
                    0.0,
                    0.0,
                    0.0
                ],
                [
                    0.0,
                    0.0,
                    0.0
                ],
                [
                    0.0,
                    0.0,
                    0.0
                ],
                [
                    0.0,
                    0.0,
                    0.0
                ]
            ],
            "isKeyframe": true,
            "area": 143091.02439794317
        },
        {
            "bbox": [
                60.40230941772461,
                439.68951416015625,
                236.6015167236328,
                682.6597900390625,
                1.0,
                1.0,
                0.0
            ],
            "personID": 1,
            "keypoints": [
                [
                    193.4261016845703,
                    496.0029602050781,
                    0.654705822467804
                ],
                [
                    172.54584503173828,
                    466.89715576171875,
                    0.4845992922782898
                ],
                [
                    133.94900512695312,
                    466.89715576171875,
                    0.648320734500885
                ],
                [
                    78.26830291748047,
                    489.67559814453125,
                    0.8362656235694885
                ],
                [
                    92.1884765625,
                    540.29443359375,
                    0.8283371925354004
                ],
                [
                    211.14268493652344,
                    466.89715576171875,
                    0.4845992922782898
                ],
                [
                    216.20457458496094,
                    507.3921813964844,
                    0.8092889189720154
                ],
                [
                    207.34628295898438,
                    540.29443359375,
                    0.8510754108428955
                ],
                [
                    124.45796966552734,
                    501.0648498535156,
                    0.6152675747871399
                ],
                [
                    103.57771301269531,
                    496.0029602050781,
                    0.6152675747871399
                ],
                [
                    109.90505981445312,
                    576.9930419921875,
                    0.8195431232452393
                ],
                [
                    102.31224060058594,
                    663.0450439453125,
                    0.647824764251709
                ],
                [
                    145.33822631835938,
                    506.1267395019531,
                    0.7295007705688477
                ],
                [
                    159.25840759277344,
                    578.258544921875,
                    0.619665801525116
                ],
                [
                    161.7893524169922,
                    656.7177124023438,
                    0.7666276693344116
                ],
                [
                    0.0,
                    0.0,
                    0.0
                ],
                [
                    0.0,
                    0.0,
                    0.0
                ],
                [
                    0.0,
                    0.0,
                    0.0
                ],
                [
                    0.0,
                    0.0,
                    0.0
                ],
                [
                    0.0,
                    0.0,
                    0.0
                ],
                [
                    0.0,
                    0.0,
                    0.0
                ],
                [
                    0.0,
                    0.0,
                    0.0
                ],
                [
                    0.0,
                    0.0,
                    0.0
                ],
                [
                    0.0,
                    0.0,
                    0.0
                ],
                [
                    0.0,
                    0.0,
                    0.0
                ]
            ],
            "isKeyframe": true,
            "area": 59034.55496067181
        }
    ],
    "isKeyframe": false
}