{
    "filename": "images/demo_H2FNV1/000208.jpg",
    "height": 1080,
    "width": 1920,
    "annots": [
        {
            "bbox": [
                794.1441650390625,
                378.65679931640625,
                1138.129150390625,
                737.54931640625,
                1.0,
                1.0,
                0.0
            ],
            "personID": 0,
            "keypoints": [
                [
                    855.0581665039062,
                    535.4095458984375,
                    0.9014409184455872
                ],
                [
                    877.7516174316406,
                    480.467529296875,
                    0.4071212112903595
                ],
                [
                    890.8899536132812,
                    475.6899719238281,
                    0.4071212112903595
                ],
                [
                    979.2749633789062,
                    552.1310424804688,
                    0.3200669288635254
                ],
                [
                    969.7198486328125,
                    566.4637451171875,
                    0.6484357714653015
                ],
                [
                    864.61328125,
                    485.2450866699219,
                    0.8868995904922485
                ],
                [
                    886.1123657226562,
                    494.80023193359375,
                    0.790453314781189
                ],
                [
                    919.5553588867188,
                    568.8525390625,
                    0.8420726656913757
                ],
                [
                    1009.1347961425781,
                    433.88621520996094,
                    0.7150479555130005
                ],
                [
                    1031.8282470703125,
                    430.30303955078125,
                    0.7641206383705139
                ],
                [
                    1034.217041015625,
                    561.6862182617188,
                    0.9131630063056946
                ],
                [
                    1105.880615234375,
                    662.01513671875,
                    0.8006964921951294
                ],
                [
                    986.4413452148438,
                    437.4693908691406,
                    0.7150479555130005
                ],
                [
                    988.8301391601562,
                    576.0189208984375,
                    0.81430584192276
                ],
                [
                    1067.6600341796875,
                    683.5142211914062,
                    0.8348225951194763
                ],
                [
                    0.0,
                    0.0,
                    0.0
                ],
                [
                    0.0,
                    0.0,
                    0.0
                ],
                [
                    0.0,
                    0.0,
                    0.0
                ],
                [
                    0.0,
                    0.0,
                    0.0
                ],
                [
                    0.0,
                    0.0,
                    0.0
                ],
                [
                    0.0,
                    0.0,
                    0.0
                ],
                [
                    0.0,
                    0.0,
                    0.0
                ],
                [
                    0.0,
                    0.0,
                    0.0
                ],
                [
                    0.0,
                    0.0,
                    0.0
                ],
                [
                    0.0,
                    0.0,
                    0.0
                ]
            ],
            "isKeyframe": true,
            "area": 128803.83882308379
        },
        {
            "bbox": [
                65.25922393798828,
                404.39471435546875,
                253.0204620361328,
                614.6459350585938,
                1.0,
                1.0,
                0.0
            ],
            "personID": 1,
            "keypoints": [
                [
                    201.51649475097656,
                    503.65277099609375,
                    0.6059297919273376
                ],
                [
                    181.30609130859375,
                    461.9280700683594,
                    0.5105663537979126
                ],
                [
                    150.6645050048828,
                    463.2319641113281,
                    0.5105663537979126
                ],
                [
                    110.2436752319336,
                    464.5358581542969,
                    0.7850223779678345
                ],
                [
                    97.20470428466797,
                    510.1722717285156,
                    0.5957741141319275
                ],
                [
                    211.9476776123047,
                    460.6241760253906,
                    0.5854122042655945
                ],
                [
                    204.12429809570312,
                    490.6138000488281,
                    0.4929641783237457
                ],
                [
                    192.38922119140625,
                    510.1722717285156,
                    0.9363086819648743
                ],
                [
                    130.45408630371094,
                    443.6734924316406,
                    0.4017023742198944
                ],
                [
                    111.54757690429688,
                    433.2423095703125,
                    0.48696693778038025
                ],
                [
                    98.50859832763672,
                    520.6034545898438,
                    0.8199360370635986
                ],
                [
                    82.86183166503906,
                    588.4061279296875,
                    0.7715526819229126
                ],
                [
                    149.360595703125,
                    454.10467529296875,
                    0.4017023742198944
                ],
                [
                    157.18399047851562,
                    521.9073486328125,
                    0.8596274256706238
                ],
                [
                    138.92942810058594,
                    580.582763671875,
                    0.863008439540863
                ],
                [
                    0.0,
                    0.0,
                    0.0
                ],
                [
                    0.0,
                    0.0,
                    0.0
                ],
                [
                    0.0,
                    0.0,
                    0.0
                ],
                [
                    0.0,
                    0.0,
                    0.0
                ],
                [
                    0.0,
                    0.0,
                    0.0
                ],
                [
                    0.0,
                    0.0,
                    0.0
                ],
                [
                    0.0,
                    0.0,
                    0.0
                ],
                [
                    0.0,
                    0.0,
                    0.0
                ],
                [
                    0.0,
                    0.0,
                    0.0
                ],
                [
                    0.0,
                    0.0,
                    0.0
                ]
            ],
            "isKeyframe": true,
            "area": 44205.57580715418
        }
    ],
    "isKeyframe": false
}