{
    "filename": "images/demo_H2FNV1/000235.jpg",
    "height": 1080,
    "width": 1920,
    "annots": [
        {
            "bbox": [
                858.1482543945312,
                428.99249267578125,
                1084.914794921875,
                862.779052734375,
                1.0,
                1.0,
                0.0
            ],
            "personID": 0,
            "keypoints": [
                [
                    882.2889404296875,
                    509.1977844238281,
                    0.9629788398742676
                ],
                [
                    942.1605529785156,
                    501.29022216796875,
                    0.7239195704460144
                ],
                [
                    959.1053466796875,
                    495.6419677734375,
                    0.7239195704460144
                ],
                [
                    972.6611328125,
                    597.3106689453125,
                    0.7843088507652283
                ],
                [
                    934.2529907226562,
                    647.015380859375,
                    0.9045839905738831
                ],
                [
                    925.2157592773438,
                    506.9384765625,
                    0.8470559120178223
                ],
                [
                    947.8087768554688,
                    590.5327758789062,
                    0.9523166418075562
                ],
                [
                    938.7716064453125,
                    671.8677368164062,
                    0.9016588926315308
                ],
                [
                    1042.6995849609375,
                    611.9961547851562,
                    0.6296892762184143
                ],
                [
                    1065.2926025390625,
                    606.347900390625,
                    0.6449929475784302
                ],
                [
                    997.5134887695312,
                    710.2759399414062,
                    0.8680037260055542
                ],
                [
                    1042.6995849609375,
                    809.6853637695312,
                    0.8730472922325134
                ],
                [
                    1020.1065673828125,
                    617.6444091796875,
                    0.6296892762184143
                ],
                [
                    952.327392578125,
                    717.0538330078125,
                    0.8699306845664978
                ],
                [
                    1002.0321044921875,
                    825.50048828125,
                    0.8128451108932495
                ],
                [
                    0.0,
                    0.0,
                    0.0
                ],
                [
                    0.0,
                    0.0,
                    0.0
                ],
                [
                    0.0,
                    0.0,
                    0.0
                ],
                [
                    0.0,
                    0.0,
                    0.0
                ],
                [
                    0.0,
                    0.0,
                    0.0
                ],
                [
                    0.0,
                    0.0,
                    0.0
                ],
                [
                    0.0,
                    0.0,
                    0.0
                ],
                [
                    0.0,
                    0.0,
                    0.0
                ],
                [
                    0.0,
                    0.0,
                    0.0
                ],
                [
                    0.0,
                    0.0,
                    0.0
                ]
            ],
            "isKeyframe": true,
            "area": 188170.77968746796
        },
        {
            "bbox": [
                48.97575378417969,
                428.5498352050781,
                215.03228759765625,
                707.817138671875,
                1.0,
                1.0,
                0.0
            ],
            "personID": 1,
            "keypoints": [
                [
                    172.0032501220703,
                    483.0942077636719,
                    0.782371997833252
                ],
                [
                    154.5490493774414,
                    485.27598571777344,
                    0.8168413043022156
                ],
                [
                    116.73159790039062,
                    480.1851806640625,
                    0.8168413043022156
                ],
                [
                    74.55059051513672,
                    523.8206787109375,
                    0.8462409377098083
                ],
                [
                    61.459938049316406,
                    586.3649291992188,
                    0.8457884192466736
                ],
                [
                    192.3665008544922,
                    490.3667907714844,
                    0.857032835483551
                ],
                [
                    198.1845703125,
                    539.8203735351562,
                    0.9283090829849243
                ],
                [
                    208.36619567871094,
                    580.546875,
                    0.9019960761070251
                ],
                [
                    124.73144149780273,
                    554.3655395507812,
                    0.7718783617019653
                ],
                [
                    102.1864242553711,
                    552.9110107421875,
                    0.7859195470809937
                ],
                [
                    129.82225036621094,
                    612.5462646484375,
                    0.8347353339195251
                ],
                [
                    110.91352844238281,
                    677.99951171875,
                    0.7294349074363708
                ],
                [
                    147.27645874023438,
                    555.820068359375,
                    0.7718783617019653
                ],
                [
                    173.45777893066406,
                    612.5462646484375,
                    0.869551956653595
                ],
                [
                    158.91259765625,
                    673.635986328125,
                    0.8278976082801819
                ],
                [
                    0.0,
                    0.0,
                    0.0
                ],
                [
                    0.0,
                    0.0,
                    0.0
                ],
                [
                    0.0,
                    0.0,
                    0.0
                ],
                [
                    0.0,
                    0.0,
                    0.0
                ],
                [
                    0.0,
                    0.0,
                    0.0
                ],
                [
                    0.0,
                    0.0,
                    0.0
                ],
                [
                    0.0,
                    0.0,
                    0.0
                ],
                [
                    0.0,
                    0.0,
                    0.0
                ],
                [
                    0.0,
                    0.0,
                    0.0
                ],
                [
                    0.0,
                    0.0,
                    0.0
                ]
            ],
            "isKeyframe": true,
            "area": 77990.22678561602
        }
    ],
    "isKeyframe": false
}