{
    "filename": "images/demo_H2FNV1/000230.jpg",
    "height": 1080,
    "width": 1920,
    "annots": [
        {
            "bbox": [
                848.0043334960938,
                436.3396301269531,
                1082.163818359375,
                862.4181518554688,
                1.0,
                1.0,
                0.0
            ],
            "personID": 0,
            "keypoints": [
                [
                    879.646484375,
                    521.7772827148438,
                    0.9699414372444153
                ],
                [
                    934.015869140625,
                    510.6814880371094,
                    0.6970670223236084
                ],
                [
                    950.6595458984375,
                    501.80487060546875,
                    0.6970670223236084
                ],
                [
                    957.3170776367188,
                    614.98193359375,
                    0.7473261952400208
                ],
                [
                    917.3721923828125,
                    646.0501708984375,
                    0.8090664744377136
                ],
                [
                    917.3721923828125,
                    519.55810546875,
                    0.8577447533607483
                ],
                [
                    939.5637817382812,
                    595.009521484375,
                    0.8220945000648499
                ],
                [
                    912.9338989257812,
                    668.2417602539062,
                    0.6817120909690857
                ],
                [
                    1046.0833740234375,
                    609.4340515136719,
                    0.6236355304718018
                ],
                [
                    1063.836669921875,
                    608.324462890625,
                    0.6270668506622314
                ],
                [
                    990.6044311523438,
                    710.40576171875,
                    0.7996418476104736
                ],
                [
                    1041.64501953125,
                    810.2678833007812,
                    0.8161061406135559
                ],
                [
                    1028.330078125,
                    610.5436401367188,
                    0.6236355304718018
                ],
                [
                    948.4404296875,
                    708.1865844726562,
                    0.8821753859519958
                ],
                [
                    1001.7001953125,
                    825.802001953125,
                    0.8175143599510193
                ],
                [
                    0.0,
                    0.0,
                    0.0
                ],
                [
                    0.0,
                    0.0,
                    0.0
                ],
                [
                    0.0,
                    0.0,
                    0.0
                ],
                [
                    0.0,
                    0.0,
                    0.0
                ],
                [
                    0.0,
                    0.0,
                    0.0
                ],
                [
                    0.0,
                    0.0,
                    0.0
                ],
                [
                    0.0,
                    0.0,
                    0.0
                ],
                [
                    0.0,
                    0.0,
                    0.0
                ],
                [
                    0.0,
                    0.0,
                    0.0
                ],
                [
                    0.0,
                    0.0,
                    0.0
                ]
            ],
            "isKeyframe": true,
            "area": 181542.90667835716
        },
        {
            "bbox": [
                55.340065002441406,
                437.581787109375,
                222.99066162109375,
                704.2593994140625,
                1.0,
                1.0,
                0.0
            ],
            "personID": 1,
            "keypoints": [
                [
                    188.4729461669922,
                    485.50042724609375,
                    0.8355400562286377
                ],
                [
                    160.69403457641602,
                    490.3617401123047,
                    0.7666370868682861
                ],
                [
                    124.5814437866211,
                    484.1114807128906,
                    0.7666370868682861
                ],
                [
                    73.1904525756836,
                    524.3909301757812,
                    0.8466520309448242
                ],
                [
                    67.63467407226562,
                    579.94873046875,
                    0.8176071643829346
                ],
                [
                    196.80662536621094,
                    496.61199951171875,
                    0.8184924721717834
                ],
                [
                    203.7513427734375,
                    542.4472045898438,
                    0.928395688533783
                ],
                [
                    212.08502197265625,
                    577.1708374023438,
                    0.8806275725364685
                ],
                [
                    129.44275283813477,
                    553.5587463378906,
                    0.7535892724990845
                ],
                [
                    106.52515411376953,
                    552.1697998046875,
                    0.7535892724990845
                ],
                [
                    132.9151153564453,
                    609.1165771484375,
                    0.8408394455909729
                ],
                [
                    109.30303955078125,
                    678.5639038085938,
                    0.7474213242530823
                ],
                [
                    152.3603515625,
                    554.9476928710938,
                    0.7979310750961304
                ],
                [
                    174.58349609375,
                    610.5055541992188,
                    0.8480438590049744
                ],
                [
                    162.08297729492188,
                    671.619140625,
                    0.7872669100761414
                ],
                [
                    0.0,
                    0.0,
                    0.0
                ],
                [
                    0.0,
                    0.0,
                    0.0
                ],
                [
                    0.0,
                    0.0,
                    0.0
                ],
                [
                    0.0,
                    0.0,
                    0.0
                ],
                [
                    0.0,
                    0.0,
                    0.0
                ],
                [
                    0.0,
                    0.0,
                    0.0
                ],
                [
                    0.0,
                    0.0,
                    0.0
                ],
                [
                    0.0,
                    0.0,
                    0.0
                ],
                [
                    0.0,
                    0.0,
                    0.0
                ],
                [
                    0.0,
                    0.0,
                    0.0
                ]
            ],
            "isKeyframe": true,
            "area": 71116.94890452921
        }
    ],
    "isKeyframe": false
}