{
    "filename": "images/demo_H2FNV1/000240.jpg",
    "height": 1080,
    "width": 1920,
    "annots": [
        {
            "bbox": [
                862.79248046875,
                409.4793395996094,
                1085.705810546875,
                866.5390625,
                1.0,
                1.0,
                0.0
            ],
            "personID": 0,
            "keypoints": [
                [
                    884.9796752929688,
                    493.98779296875,
                    0.9692761898040771
                ],
                [
                    946.8731689453125,
                    490.4170227050781,
                    0.738020658493042
                ],
                [
                    968.2978515625,
                    482.085205078125,
                    0.738020658493042
                ],
                [
                    975.4393920898438,
                    579.6864624023438,
                    0.5867845416069031
                ],
                [
                    946.8731689453125,
                    641.5800170898438,
                    0.9502655863761902
                ],
                [
                    925.448486328125,
                    498.74884033203125,
                    0.8740949034690857
                ],
                [
                    954.0147094726562,
                    570.1644287109375,
                    0.9794502258300781
                ],
                [
                    958.7757568359375,
                    655.8630981445312,
                    0.814960241317749
                ],
                [
                    1045.6647338867188,
                    607.0624694824219,
                    0.6789329051971436
                ],
                [
                    1065.899169921875,
                    603.49169921875,
                    0.6971122622489929
                ],
                [
                    996.8640747070312,
                    703.4735107421875,
                    0.834801435470581
                ],
                [
                    1042.093994140625,
                    810.5968627929688,
                    0.8598654866218567
                ],
                [
                    1025.4302978515625,
                    610.6332397460938,
                    0.6789329051971436
                ],
                [
                    956.395263671875,
                    708.2345581054688,
                    0.9361355900764465
                ],
                [
                    1004.005615234375,
                    827.260498046875,
                    0.826549768447876
                ],
                [
                    0.0,
                    0.0,
                    0.0
                ],
                [
                    0.0,
                    0.0,
                    0.0
                ],
                [
                    0.0,
                    0.0,
                    0.0
                ],
                [
                    0.0,
                    0.0,
                    0.0
                ],
                [
                    0.0,
                    0.0,
                    0.0
                ],
                [
                    0.0,
                    0.0,
                    0.0
                ],
                [
                    0.0,
                    0.0,
                    0.0
                ],
                [
                    0.0,
                    0.0,
                    0.0
                ],
                [
                    0.0,
                    0.0,
                    0.0
                ],
                [
                    0.0,
                    0.0,
                    0.0
                ]
            ],
            "isKeyframe": true,
            "area": 208903.59029778186
        },
        {
            "bbox": [
                45.2609748840332,
                415.51165771484375,
                211.35733032226562,
                706.1160278320312,
                1.0,
                1.0,
                0.0
            ],
            "personID": 1,
            "keypoints": [
                [
                    168.41860961914062,
                    469.2431945800781,
                    0.9211043119430542
                ],
                [
                    150.2558364868164,
                    476.0542449951172,
                    0.8081863522529602
                ],
                [
                    112.41673278808594,
                    472.27032470703125,
                    0.8081863522529602
                ],
                [
                    70.03693389892578,
                    519.1908569335938,
                    0.8733536601066589
                ],
                [
                    59.441986083984375,
                    573.6791381835938,
                    0.9028794765472412
                ],
                [
                    188.09494018554688,
                    479.8381652832031,
                    0.84977787733078
                ],
                [
                    195.6627655029297,
                    532.8129272460938,
                    0.9239922165870667
                ],
                [
                    201.71702575683594,
                    578.2198486328125,
                    0.9053077101707458
                ],
                [
                    123.76846694946289,
                    545.67822265625,
                    0.7792492508888245
                ],
                [
                    98.7946548461914,
                    544.9214477539062,
                    0.7792492508888245
                ],
                [
                    123.01168060302734,
                    603.950439453125,
                    0.8353734016418457
                ],
                [
                    109.38960266113281,
                    676.6015014648438,
                    0.5905335545539856
                ],
                [
                    148.74227905273438,
                    546.4349975585938,
                    0.7859887480735779
                ],
                [
                    171.44573974609375,
                    611.5182495117188,
                    0.8755913376808167
                ],
                [
                    156.31008911132812,
                    670.5472412109375,
                    0.8118711113929749
                ],
                [
                    0.0,
                    0.0,
                    0.0
                ],
                [
                    0.0,
                    0.0,
                    0.0
                ],
                [
                    0.0,
                    0.0,
                    0.0
                ],
                [
                    0.0,
                    0.0,
                    0.0
                ],
                [
                    0.0,
                    0.0,
                    0.0
                ],
                [
                    0.0,
                    0.0,
                    0.0
                ],
                [
                    0.0,
                    0.0,
                    0.0
                ],
                [
                    0.0,
                    0.0,
                    0.0
                ],
                [
                    0.0,
                    0.0,
                    0.0
                ],
                [
                    0.0,
                    0.0,
                    0.0
                ]
            ],
            "isKeyframe": true,
            "area": 84450.8999312073
        }
    ],
    "isKeyframe": true
}