{
    "filename": "images/demo_H2FNV1/000207.jpg",
    "height": 1080,
    "width": 1920,
    "annots": [
        {
            "bbox": [
                797.0167846679688,
                373.623291015625,
                1136.7476806640625,
                699.7825317382812,
                1.0,
                1.0,
                0.0
            ],
            "personID": 0,
            "keypoints": [
                [
                    857.1774291992188,
                    540.2417602539062,
                    0.9488711357116699
                ],
                [
                    866.6144104003906,
                    483.61993408203125,
                    0.38378098607063293
                ],
                [
                    873.692138671875,
                    483.61993408203125,
                    0.38378098607063293
                ],
                [
                    958.6248779296875,
                    528.445556640625,
                    0.40419238805770874
                ],
                [
                    968.0618286132812,
                    568.5526733398438,
                    0.4940951466560364
                ],
                [
                    859.5366821289062,
                    483.61993408203125,
                    0.8513392210006714
                ],
                [
                    885.4883422851562,
                    490.6976623535156,
                    0.8326806426048279
                ],
                [
                    927.9547119140625,
                    566.1934204101562,
                    0.7450313568115234
                ],
                [
                    1005.8096923828125,
                    422.2796325683594,
                    0.6723042726516724
                ],
                [
                    1027.0428466796875,
                    417.5611572265625,
                    0.72544264793396
                ],
                [
                    1034.12060546875,
                    552.0379638671875,
                    0.9020674228668213
                ],
                [
                    1114.3348388671875,
                    644.0484008789062,
                    0.7918108701705933
                ],
                [
                    984.5765380859375,
                    426.99810791015625,
                    0.6723042726516724
                ],
                [
                    986.935791015625,
                    568.5526733398438,
                    0.7847146391868591
                ],
                [
                    1074.227783203125,
                    658.203857421875,
                    0.8210433721542358
                ],
                [
                    0.0,
                    0.0,
                    0.0
                ],
                [
                    0.0,
                    0.0,
                    0.0
                ],
                [
                    0.0,
                    0.0,
                    0.0
                ],
                [
                    0.0,
                    0.0,
                    0.0
                ],
                [
                    0.0,
                    0.0,
                    0.0
                ],
                [
                    0.0,
                    0.0,
                    0.0
                ],
                [
                    0.0,
                    0.0,
                    0.0
                ],
                [
                    0.0,
                    0.0,
                    0.0
                ],
                [
                    0.0,
                    0.0,
                    0.0
                ],
                [
                    0.0,
                    0.0,
                    0.0
                ]
            ],
            "isKeyframe": true,
            "area": 115417.08169430867
        },
        {
            "bbox": [
                60.00705337524414,
                390.2814636230469,
                247.00234985351562,
                612.3167724609375,
                1.0,
                1.0,
                0.0
            ],
            "personID": 1,
            "keypoints": [
                [
                    199.60423278808594,
                    504.54559326171875,
                    0.6762038469314575
                ],
                [
                    184.67058563232422,
                    461.043212890625,
                    0.5422624349594116
                ],
                [
                    154.15399169921875,
                    461.6925048828125,
                    0.5422624349594116
                ],
                [
                    84.03075408935547,
                    466.8868103027344,
                    0.8297572135925293
                ],
                [
                    93.12080383300781,
                    512.3370361328125,
                    0.7927523255348206
                ],
                [
                    215.1871795654297,
                    460.3939208984375,
                    0.6296809911727905
                ],
                [
                    164.54261779785156,
                    522.7257080078125,
                    0.3362099528312683
                ],
                [
                    189.21560668945312,
                    505.8441467285156,
                    0.7670583128929138
                ],
                [
                    128.1824188232422,
                    440.9152374267578,
                    0.37657448649406433
                ],
                [
                    106.10658264160156,
                    425.3323059082031,
                    0.5882649421691895
                ],
                [
                    102.21085357666016,
                    513.6356201171875,
                    0.8031602501869202
                ],
                [
                    77.53785705566406,
                    573.3702392578125,
                    0.818540096282959
                ],
                [
                    150.2582550048828,
                    456.4981689453125,
                    0.37657448649406433
                ],
                [
                    155.4525604248047,
                    517.5313720703125,
                    0.8245787024497986
                ],
                [
                    130.77957153320312,
                    569.4744873046875,
                    0.8011624813079834
                ],
                [
                    0.0,
                    0.0,
                    0.0
                ],
                [
                    0.0,
                    0.0,
                    0.0
                ],
                [
                    0.0,
                    0.0,
                    0.0
                ],
                [
                    0.0,
                    0.0,
                    0.0
                ],
                [
                    0.0,
                    0.0,
                    0.0
                ],
                [
                    0.0,
                    0.0,
                    0.0
                ],
                [
                    0.0,
                    0.0,
                    0.0
                ],
                [
                    0.0,
                    0.0,
                    0.0
                ],
                [
                    0.0,
                    0.0,
                    0.0
                ],
                [
                    0.0,
                    0.0,
                    0.0
                ]
            ],
            "isKeyframe": true,
            "area": 49299.67837073747
        }
    ],
    "isKeyframe": false
}