{
    "filename": "images/demo_H2FNV1/000246.jpg",
    "height": 1080,
    "width": 1920,
    "annots": [
        {
            "bbox": [
                866.4147338867188,
                391.7803039550781,
                1085.4915771484375,
                867.6284790039062,
                1.0,
                1.0,
                0.0
            ],
            "personID": 0,
            "keypoints": [
                [
                    885.492431640625,
                    469.84918212890625,
                    0.9558320641517639
                ],
                [
                    951.1693725585938,
                    469.8491668701172,
                    0.7734335064888
                ],
                [
                    969.7572021484375,
                    464.8924255371094,
                    0.7734335064888
                ],
                [
                    997.0193481445312,
                    551.6355590820312,
                    0.46735331416130066
                ],
                [
                    972.2355346679688,
                    623.5084838867188,
                    0.9371517896652222
                ],
                [
                    932.58154296875,
                    474.805908203125,
                    0.899503231048584
                ],
                [
                    962.3220825195312,
                    544.200439453125,
                    0.9080879092216492
                ],
                [
                    982.1490478515625,
                    625.98681640625,
                    0.9050285220146179
                ],
                [
                    1047.8259887695312,
                    590.0503845214844,
                    0.7379878759384155
                ],
                [
                    1066.413818359375,
                    586.3328247070312,
                    0.7379878759384155
                ],
                [
                    1009.4111938476562,
                    697.8597412109375,
                    0.9050763845443726
                ],
                [
                    1044.1083984375,
                    806.9082641601562,
                    0.8439843058586121
                ],
                [
                    1029.2381591796875,
                    593.7679443359375,
                    0.7480754256248474
                ],
                [
                    967.27880859375,
                    702.8164672851562,
                    0.9065777063369751
                ],
                [
                    1001.97607421875,
                    824.2568969726562,
                    0.8559839129447937
                ],
                [
                    0.0,
                    0.0,
                    0.0
                ],
                [
                    0.0,
                    0.0,
                    0.0
                ],
                [
                    0.0,
                    0.0,
                    0.0
                ],
                [
                    0.0,
                    0.0,
                    0.0
                ],
                [
                    0.0,
                    0.0,
                    0.0
                ],
                [
                    0.0,
                    0.0,
                    0.0
                ],
                [
                    0.0,
                    0.0,
                    0.0
                ],
                [
                    0.0,
                    0.0,
                    0.0
                ],
                [
                    0.0,
                    0.0,
                    0.0
                ],
                [
                    0.0,
                    0.0,
                    0.0
                ]
            ],
            "isKeyframe": true,
            "area": 226431.48569730017
        },
        {
            "bbox": [
                45.50200271606445,
                405.3383483886719,
                206.31704711914062,
                711.073974609375,
                1.0,
                1.0,
                0.0
            ],
            "personID": 1,
            "keypoints": [
                [
                    163.33029174804688,
                    450.72100830078125,
                    0.9245851039886475
                ],
                [
                    144.22181701660156,
                    459.47906494140625,
                    0.8345164656639099
                ],
                [
                    106.00486755371094,
                    455.4981384277344,
                    0.8345164656639099
                ],
                [
                    69.38029479980469,
                    498.4921875,
                    0.8823369145393372
                ],
                [
                    59.82605743408203,
                    547.8557739257812,
                    0.9208434820175171
                ],
                [
                    182.4387664794922,
                    463.4599914550781,
                    0.861109733581543
                ],
                [
                    191.99301147460938,
                    516.00830078125,
                    0.8957346081733704
                ],
                [
                    195.17774963378906,
                    568.5565795898438,
                    0.8684974908828735
                ],
                [
                    121.9286003112793,
                    538.301513671875,
                    0.7789758443832397
                ],
                [
                    96.45063018798828,
                    536.7091674804688,
                    0.7789758443832397
                ],
                [
                    113.96673583984375,
                    598.8117065429688,
                    0.8345471024513245
                ],
                [
                    106.00486755371094,
                    668.8760986328125,
                    0.7111296057701111
                ],
                [
                    147.4065704345703,
                    539.8938598632812,
                    0.8283634185791016
                ],
                [
                    164.92266845703125,
                    603.5888061523438,
                    0.8623988628387451
                ],
                [
                    156.96080017089844,
                    667.28369140625,
                    0.7870224714279175
                ],
                [
                    0.0,
                    0.0,
                    0.0
                ],
                [
                    0.0,
                    0.0,
                    0.0
                ],
                [
                    0.0,
                    0.0,
                    0.0
                ],
                [
                    0.0,
                    0.0,
                    0.0
                ],
                [
                    0.0,
                    0.0,
                    0.0
                ],
                [
                    0.0,
                    0.0,
                    0.0
                ],
                [
                    0.0,
                    0.0,
                    0.0
                ],
                [
                    0.0,
                    0.0,
                    0.0
                ],
                [
                    0.0,
                    0.0,
                    0.0
                ],
                [
                    0.0,
                    0.0,
                    0.0
                ]
            ],
            "isKeyframe": true,
            "area": 93474.27314056549
        }
    ],
    "isKeyframe": false
}