{
    "filename": "images/demo_H2FNV1/000205.jpg",
    "height": 1080,
    "width": 1920,
    "annots": [
        {
            "bbox": [
                819.5189819335938,
                369.5848388671875,
                1128.808837890625,
                650.6644287109375,
                1.0,
                1.0,
                0.0
            ],
            "personID": 0,
            "keypoints": [
                [
                    869.993408203125,
                    545.5640869140625,
                    0.963327169418335
                ],
                [
                    886.1022644042969,
                    495.08970642089844,
                    0.37580937147140503
                ],
                [
                    915.0982055664062,
                    504.7550048828125,
                    0.37580937147140503
                ],
                [
                    958.0551147460938,
                    539.1205444335938,
                    0.0
                ],
                [
                    992.420654296875,
                    556.3033447265625,
                    0.0
                ],
                [
                    857.1063232421875,
                    485.4244079589844,
                    0.769219696521759
                ],
                [
                    887.1762084960938,
                    483.27655029296875,
                    0.8787921667098999
                ],
                [
                    938.7244873046875,
                    554.1554565429688,
                    0.8517785668373108
                ],
                [
                    997.7902526855469,
                    402.7323303222656,
                    0.6851782202720642
                ],
                [
                    1022.490478515625,
                    395.2148742675781,
                    0.7145394086837769
                ],
                [
                    1031.0819091796875,
                    528.38134765625,
                    0.9209036827087402
                ],
                [
                    1124.51318359375,
                    600.3341674804688,
                    0.7096319198608398
                ],
                [
                    973.0900268554688,
                    410.2497863769531,
                    0.6851782202720642
                ],
                [
                    985.9771118164062,
                    541.2684326171875,
                    0.787407636642456
                ],
                [
                    1084.7779541015625,
                    616.4429931640625,
                    0.8237614631652832
                ],
                [
                    0.0,
                    0.0,
                    0.0
                ],
                [
                    0.0,
                    0.0,
                    0.0
                ],
                [
                    0.0,
                    0.0,
                    0.0
                ],
                [
                    0.0,
                    0.0,
                    0.0
                ],
                [
                    0.0,
                    0.0,
                    0.0
                ],
                [
                    0.0,
                    0.0,
                    0.0
                ],
                [
                    0.0,
                    0.0,
                    0.0
                ],
                [
                    0.0,
                    0.0,
                    0.0
                ],
                [
                    0.0,
                    0.0,
                    0.0
                ],
                [
                    0.0,
                    0.0,
                    0.0
                ]
            ],
            "isKeyframe": true,
            "area": 95660.21499792114
        },
        {
            "bbox": [
                42,
                372,
                262,
                598,
                1.0,
                1.0,
                0.0
            ],
            "personID": 1,
            "keypoints": [
                [
                    196.15432098765433,
                    496.6255144032922,
                    0.0
                ],
                [
                    195.10802469135803,
                    463.02777777777777,
                    0.7622818350791931
                ],
                [
                    170.5781893004115,
                    462.9115226337449,
                    0.7704233527183533
                ],
                [
                    84.01388549804688,
                    462.84722900390625,
                    0.7197077870368958
                ],
                [
                    88.59722137451172,
                    505.625,
                    0.8474475145339966
                ],
                [
                    219.6378600823045,
                    463.1440329218107,
                    0.7622818350791931
                ],
                [
                    178.25102880658437,
                    509.41358024691357,
                    0.0
                ],
                [
                    169.880658436214,
                    537.7798353909465,
                    0.0
                ],
                [
                    120.00720164609054,
                    427.10493827160496,
                    0.36887380480766296
                ],
                [
                    98.26748971193416,
                    423.3847736625514,
                    0.6288873553276062
                ],
                [
                    103.875,
                    505.625,
                    0.8002375960350037
                ],
                [
                    79.43055725097656,
                    530.0694580078125,
                    0.49510571360588074
                ],
                [
                    141.7469135802469,
                    430.82510288065845,
                    0.36887380480766296
                ],
                [
                    163.4583282470703,
                    504.09722900390625,
                    0.7506763935089111
                ],
                [
                    122.20833587646484,
                    537.7083129882812,
                    0.8770918846130371
                ],
                [
                    204.059670781893,
                    490.58024691358025,
                    0.0
                ],
                [
                    222.42798353909464,
                    492.67283950617286,
                    0.0
                ],
                [
                    206.15226337448559,
                    484.5349794238683,
                    0.0
                ],
                [
                    222.42798353909464,
                    487.5576131687243,
                    0.0
                ],
                [
                    0.0,
                    0.0,
                    0.0
                ],
                [
                    0.0,
                    0.0,
                    0.0
                ],
                [
                    0.0,
                    0.0,
                    0.0
                ],
                [
                    0.0,
                    0.0,
                    0.0
                ],
                [
                    0.0,
                    0.0,
                    0.0
                ],
                [
                    0.0,
                    0.0,
                    0.0
                ]
            ],
            "isKeyframe": true,
            "area": 40195.196051188745
        }
    ],
    "isKeyframe": true
}