{
    "filename": "images/demo_H2FNV1/000234.jpg",
    "height": 1080,
    "width": 1920,
    "annots": [
        {
            "bbox": [
                855.57177734375,
                432.7259521484375,
                1084.3221435546875,
                862.9909057617188,
                1.0,
                1.0,
                0.0
            ],
            "personID": 0,
            "keypoints": [
                [
                    883.6698608398438,
                    514.5210571289062,
                    0.9646008610725403
                ],
                [
                    941.9349060058594,
                    504.4367370605469,
                    0.7157170176506042
                ],
                [
                    957.6216430664062,
                    498.8343200683594,
                    0.7157170176506042
                ],
                [
                    971.0674438476562,
                    597.4367065429688,
                    0.7280682921409607
                ],
                [
                    928.4891357421875,
                    648.9788818359375,
                    0.9563324451446533
                ],
                [
                    926.2481689453125,
                    510.0391540527344,
                    0.8592848777770996
                ],
                [
                    946.4168701171875,
                    592.9547729492188,
                    0.9448198676109314
                ],
                [
                    935.2120361328125,
                    666.9066162109375,
                    0.9132347106933594
                ],
                [
                    1041.6577758789062,
                    613.1234741210938,
                    0.6203258037567139
                ],
                [
                    1062.9468994140625,
                    606.4005737304688,
                    0.6522631645202637
                ],
                [
                    995.718017578125,
                    711.725830078125,
                    0.8567250967025757
                ],
                [
                    1042.7783203125,
                    810.3282470703125,
                    0.8672260642051697
                ],
                [
                    1020.36865234375,
                    619.8463745117188,
                    0.6203258037567139
                ],
                [
                    950.8987426757812,
                    711.725830078125,
                    0.8817843198776245
                ],
                [
                    1002.44091796875,
                    826.0150146484375,
                    0.8103317618370056
                ],
                [
                    0.0,
                    0.0,
                    0.0
                ],
                [
                    0.0,
                    0.0,
                    0.0
                ],
                [
                    0.0,
                    0.0,
                    0.0
                ],
                [
                    0.0,
                    0.0,
                    0.0
                ],
                [
                    0.0,
                    0.0,
                    0.0
                ],
                [
                    0.0,
                    0.0,
                    0.0
                ],
                [
                    0.0,
                    0.0,
                    0.0
                ],
                [
                    0.0,
                    0.0,
                    0.0
                ],
                [
                    0.0,
                    0.0,
                    0.0
                ],
                [
                    0.0,
                    0.0,
                    0.0
                ]
            ],
            "isKeyframe": true,
            "area": 185127.93030783907
        },
        {
            "bbox": [
                48.979549407958984,
                431.6789855957031,
                217.57203674316406,
                710.3507690429688,
                1.0,
                1.0,
                0.0
            ],
            "personID": 1,
            "keypoints": [
                [
                    176.09254455566406,
                    483.2042541503906,
                    0.7471491694450378
                ],
                [
                    155.77273178100586,
                    486.8327941894531,
                    0.8185132741928101
                ],
                [
                    118.03592681884766,
                    481.7528381347656,
                    0.8185132741928101
                ],
                [
                    74.49345397949219,
                    525.2952880859375,
                    0.8829424381256104
                ],
                [
                    62.88212966918945,
                    583.3519287109375,
                    0.8613053560256958
                ],
                [
                    193.50953674316406,
                    491.9127502441406,
                    0.8573530316352844
                ],
                [
                    199.31520080566406,
                    539.8094482421875,
                    0.9181398153305054
                ],
                [
                    209.47511291503906,
                    580.4490966796875,
                    0.880423367023468
                ],
                [
                    125.29300308227539,
                    556.500732421875,
                    0.7820919156074524
                ],
                [
                    102.07035064697266,
                    555.7750244140625,
                    0.7820919156074524
                ],
                [
                    128.19583129882812,
                    612.3802490234375,
                    0.8335844874382019
                ],
                [
                    109.32743072509766,
                    676.2424926757812,
                    0.6842939257621765
                ],
                [
                    148.51565551757812,
                    557.2264404296875,
                    0.819889485836029
                ],
                [
                    174.64112854003906,
                    615.2830810546875,
                    0.8735775351524353
                ],
                [
                    158.67556762695312,
                    674.7911376953125,
                    0.8211769461631775
                ],
                [
                    0.0,
                    0.0,
                    0.0
                ],
                [
                    0.0,
                    0.0,
                    0.0
                ],
                [
                    0.0,
                    0.0,
                    0.0
                ],
                [
                    0.0,
                    0.0,
                    0.0
                ],
                [
                    0.0,
                    0.0,
                    0.0
                ],
                [
                    0.0,
                    0.0,
                    0.0
                ],
                [
                    0.0,
                    0.0,
                    0.0
                ],
                [
                    0.0,
                    0.0,
                    0.0
                ],
                [
                    0.0,
                    0.0,
                    0.0
                ],
                [
                    0.0,
                    0.0,
                    0.0
                ]
            ],
            "isKeyframe": true,
            "area": 77657.96288967971
        }
    ],
    "isKeyframe": false
}