{
    "filename": "images/demo_H2FNV1/000249.jpg",
    "height": 1080,
    "width": 1920,
    "annots": [
        {
            "bbox": [
                870.7257690429688,
                377.4333801269531,
                1083.260498046875,
                864.8660888671875,
                1.0,
                1.0,
                0.0
            ],
            "personID": 0,
            "keypoints": [
                [
                    884.3302001953125,
                    457.4028015136719,
                    0.9690735340118408
                ],
                [
                    951.6060485839844,
                    458.6721496582031,
                    0.7945202589035034
                ],
                [
                    970.6463623046875,
                    452.32537841796875,
                    0.7945202589035034
                ],
                [
                    1018.8818969726562,
                    541.1802978515625,
                    0.45869532227516174
                ],
                [
                    985.878662109375,
                    617.3416748046875,
                    0.946063220500946
                ],
                [
                    932.5657348632812,
                    465.0189208984375,
                    0.8958733081817627
                ],
                [
                    970.6463623046875,
                    533.5641479492188,
                    0.9187694191932678
                ],
                [
                    985.878662109375,
                    612.2642211914062,
                    0.8584016561508179
                ],
                [
                    1046.8077392578125,
                    580.5303344726562,
                    0.7252086997032166
                ],
                [
                    1064.5787353515625,
                    576.7222900390625,
                    0.7252086997032166
                ],
                [
                    1016.3432006835938,
                    696.041748046875,
                    0.9034251570701599
                ],
                [
                    1044.26904296875,
                    805.2063598632812,
                    0.8294001221656799
                ],
                [
                    1029.0367431640625,
                    584.33837890625,
                    0.737230658531189
                ],
                [
                    973.1851196289062,
                    701.119140625,
                    0.8968741297721863
                ],
                [
                    1003.649658203125,
                    822.977294921875,
                    0.8590893149375916
                ],
                [
                    0.0,
                    0.0,
                    0.0
                ],
                [
                    0.0,
                    0.0,
                    0.0
                ],
                [
                    0.0,
                    0.0,
                    0.0
                ],
                [
                    0.0,
                    0.0,
                    0.0
                ],
                [
                    0.0,
                    0.0,
                    0.0
                ],
                [
                    0.0,
                    0.0,
                    0.0
                ],
                [
                    0.0,
                    0.0,
                    0.0
                ],
                [
                    0.0,
                    0.0,
                    0.0
                ],
                [
                    0.0,
                    0.0,
                    0.0
                ],
                [
                    0.0,
                    0.0,
                    0.0
                ]
            ],
            "isKeyframe": true,
            "area": 237590.64554984216
        },
        {
            "bbox": [
                46.83007049560547,
                395.83758544921875,
                204.41209411621094,
                711.69189453125,
                1.0,
                1.0,
                0.0
            ],
            "personID": 1,
            "keypoints": [
                [
                    156.05496215820312,
                    442.72222900390625,
                    0.9429495930671692
                ],
                [
                    141.24929809570312,
                    451.77015686035156,
                    0.8499597907066345
                ],
                [
                    103.41258239746094,
                    447.657470703125,
                    0.8533709645271301
                ],
                [
                    67.22093963623047,
                    492.074462890625,
                    0.9149358868598938
                ],
                [
                    58.99556350708008,
                    539.7816162109375,
                    0.9244325757026672
                ],
                [
                    179.0860137939453,
                    455.8828430175781,
                    0.8499597907066345
                ],
                [
                    192.24661254882812,
                    510.1702880859375,
                    0.8910306096076965
                ],
                [
                    193.8916778564453,
                    557.87744140625,
                    0.928351879119873
                ],
                [
                    121.50839614868164,
                    536.4914855957031,
                    0.7701163291931152
                ],
                [
                    95.18720245361328,
                    534.846435546875,
                    0.7701163291931152
                ],
                [
                    111.63795471191406,
                    600.6494140625,
                    0.8697805404663086
                ],
                [
                    105.05765533447266,
                    681.258056640625,
                    0.6076911091804504
                ],
                [
                    147.82958984375,
                    538.1365356445312,
                    0.8156830072402954
                ],
                [
                    162.63526916503906,
                    602.2944946289062,
                    0.8301914930343628
                ],
                [
                    154.40989685058594,
                    664.8073120117188,
                    0.7762881517410278
                ],
                [
                    0.0,
                    0.0,
                    0.0
                ],
                [
                    0.0,
                    0.0,
                    0.0
                ],
                [
                    0.0,
                    0.0,
                    0.0
                ],
                [
                    0.0,
                    0.0,
                    0.0
                ],
                [
                    0.0,
                    0.0,
                    0.0
                ],
                [
                    0.0,
                    0.0,
                    0.0
                ],
                [
                    0.0,
                    0.0,
                    0.0
                ],
                [
                    0.0,
                    0.0,
                    0.0
                ],
                [
                    0.0,
                    0.0,
                    0.0
                ],
                [
                    0.0,
                    0.0,
                    0.0
                ]
            ],
            "isKeyframe": true,
            "area": 99763.94456568733
        }
    ],
    "isKeyframe": false
}