{
    "filename": "images/demo_H2FNV1/000244.jpg",
    "height": 1080,
    "width": 1920,
    "annots": [
        {
            "bbox": [
                864.8223876953125,
                387.33819580078125,
                1086.3658447265625,
                868.8767700195312,
                1.0,
                1.0,
                0.0
            ],
            "personID": 0,
            "keypoints": [
                [
                    884.0516357421875,
                    478.88067626953125,
                    0.9611817598342896
                ],
                [
                    949.2599792480469,
                    478.8806915283203,
                    0.7418714761734009
                ],
                [
                    969.3240966796875,
                    471.3566589355469,
                    0.7418714761734009
                ],
                [
                    996.9122314453125,
                    551.6130981445312,
                    0.5347573161125183
                ],
                [
                    966.8160400390625,
                    634.3775024414062,
                    0.9620527625083923
                ],
                [
                    929.1958618164062,
                    486.40472412109375,
                    0.9015070796012878
                ],
                [
                    959.2920532226562,
                    556.6290893554688,
                    0.932486355304718
                ],
                [
                    976.84814453125,
                    631.8695068359375,
                    0.9479534029960632
                ],
                [
                    1049.5805053710938,
                    599.2653198242188,
                    0.6910292506217957
                ],
                [
                    1067.1365966796875,
                    596.75732421875,
                    0.6910292506217957
                ],
                [
                    1006.9442749023438,
                    699.5858764648438,
                    0.901771068572998
                ],
                [
                    1044.564453125,
                    809.9384765625,
                    0.8404385447502136
                ],
                [
                    1032.0244140625,
                    601.7733154296875,
                    0.6961738467216492
                ],
                [
                    961.800048828125,
                    707.1099243164062,
                    0.9169020056724548
                ],
                [
                    1001.9282836914062,
                    824.9865112304688,
                    0.8657324314117432
                ],
                [
                    0.0,
                    0.0,
                    0.0
                ],
                [
                    0.0,
                    0.0,
                    0.0
                ],
                [
                    0.0,
                    0.0,
                    0.0
                ],
                [
                    0.0,
                    0.0,
                    0.0
                ],
                [
                    0.0,
                    0.0,
                    0.0
                ],
                [
                    0.0,
                    0.0,
                    0.0
                ],
                [
                    0.0,
                    0.0,
                    0.0
                ],
                [
                    0.0,
                    0.0,
                    0.0
                ],
                [
                    0.0,
                    0.0,
                    0.0
                ],
                [
                    0.0,
                    0.0,
                    0.0
                ]
            ],
            "isKeyframe": true,
            "area": 231879.3984606266
        },
        {
            "bbox": [
                45.695655822753906,
                410.5823059082031,
                206.72854614257812,
                710.1602172851562,
                1.0,
                1.0,
                0.0
            ],
            "personID": 1,
            "keypoints": [
                [
                    164.43948364257812,
                    458.1715393066406,
                    0.9054891467094421
                ],
                [
                    147.27617263793945,
                    465.97303771972656,
                    0.8140292763710022
                ],
                [
                    109.82894134521484,
                    461.2921447753906,
                    0.8140292763710022
                ],
                [
                    69.26110076904297,
                    508.1011657714844,
                    0.8834577202796936
                ],
                [
                    58.3389892578125,
                    558.0308227539062,
                    0.8975821733474731
                ],
                [
                    184.72340393066406,
                    470.6539306640625,
                    0.8742189407348633
                ],
                [
                    192.52491760253906,
                    520.5836181640625,
                    0.8679611682891846
                ],
                [
                    197.20582580566406,
                    572.0735473632812,
                    0.8809875249862671
                ],
                [
                    121.53119659423828,
                    541.6476440429688,
                    0.7526354193687439
                ],
                [
                    95.78622436523438,
                    539.3071899414062,
                    0.7526354193687439
                ],
                [
                    114.50984191894531,
                    603.279541015625,
                    0.8054879307746887
                ],
                [
                    106.70833587646484,
                    670.37255859375,
                    0.7598521113395691
                ],
                [
                    147.2761688232422,
                    543.9880981445312,
                    0.7840449810028076
                ],
                [
                    167.56008911132812,
                    606.400146484375,
                    0.8747971653938293
                ],
                [
                    156.6379852294922,
                    664.13134765625,
                    0.7916715145111084
                ],
                [
                    0.0,
                    0.0,
                    0.0
                ],
                [
                    0.0,
                    0.0,
                    0.0
                ],
                [
                    0.0,
                    0.0,
                    0.0
                ],
                [
                    0.0,
                    0.0,
                    0.0
                ],
                [
                    0.0,
                    0.0,
                    0.0
                ],
                [
                    0.0,
                    0.0,
                    0.0
                ],
                [
                    0.0,
                    0.0,
                    0.0
                ],
                [
                    0.0,
                    0.0,
                    0.0
                ],
                [
                    0.0,
                    0.0,
                    0.0
                ],
                [
                    0.0,
                    0.0,
                    0.0
                ]
            ],
            "isKeyframe": true,
            "area": 89746.92498497758
        }
    ],
    "isKeyframe": false
}