{
    "filename": "images/demo_H2FNV1/000209.jpg",
    "height": 1080,
    "width": 1920,
    "annots": [
        {
            "bbox": [
                794.115966796875,
                378.5506896972656,
                1138.27685546875,
                738.1365356445312,
                1.0,
                1.0,
                0.0
            ],
            "personID": 0,
            "keypoints": [
                [
                    855.0610961914062,
                    535.6385498046875,
                    0.9175030589103699
                ],
                [
                    877.7661743164062,
                    480.6684265136719,
                    0.4030182957649231
                ],
                [
                    890.9111938476562,
                    475.888427734375,
                    0.4030182957649231
                ],
                [
                    960.2213745117188,
                    552.3685913085938,
                    0.3067474365234375
                ],
                [
                    969.7814331054688,
                    566.7086791992188,
                    0.6626214385032654
                ],
                [
                    864.6211547851562,
                    485.44842529296875,
                    0.8908050060272217
                ],
                [
                    886.1312255859375,
                    495.0084533691406,
                    0.8190487027168274
                ],
                [
                    919.59130859375,
                    569.0986328125,
                    0.8515251874923706
                ],
                [
                    1009.216552734375,
                    432.86830139160156,
                    0.706065833568573
                ],
                [
                    1031.921630859375,
                    430.4783020019531,
                    0.7606058716773987
                ],
                [
                    1034.3116455078125,
                    561.9286499023438,
                    0.9117187857627869
                ],
                [
                    1106.01171875,
                    662.3088989257812,
                    0.8007122874259949
                ],
                [
                    986.511474609375,
                    435.25830078125,
                    0.706065833568573
                ],
                [
                    988.9014892578125,
                    573.878662109375,
                    0.8178980350494385
                ],
                [
                    1067.771728515625,
                    683.8189697265625,
                    0.8343998789787292
                ],
                [
                    0.0,
                    0.0,
                    0.0
                ],
                [
                    0.0,
                    0.0,
                    0.0
                ],
                [
                    0.0,
                    0.0,
                    0.0
                ],
                [
                    0.0,
                    0.0,
                    0.0
                ],
                [
                    0.0,
                    0.0,
                    0.0
                ],
                [
                    0.0,
                    0.0,
                    0.0
                ],
                [
                    0.0,
                    0.0,
                    0.0
                ],
                [
                    0.0,
                    0.0,
                    0.0
                ],
                [
                    0.0,
                    0.0,
                    0.0
                ],
                [
                    0.0,
                    0.0,
                    0.0
                ]
            ],
            "isKeyframe": true,
            "area": 129301.98060561065
        },
        {
            "bbox": [
                64.99919128417969,
                404.2799987792969,
                253.17543029785156,
                614.740478515625,
                1.0,
                1.0,
                0.0
            ],
            "personID": 1,
            "keypoints": [
                [
                    201.55764770507812,
                    503.6297607421875,
                    0.6070852279663086
                ],
                [
                    179.34239196777344,
                    462.4661865234375,
                    0.5108478665351868
                ],
                [
                    146.6728973388672,
                    464.4263610839844,
                    0.5108478665351868
                ],
                [
                    110.08307647705078,
                    464.4263610839844,
                    0.7698997259140015
                ],
                [
                    97.01527404785156,
                    510.16363525390625,
                    0.5938460230827332
                ],
                [
                    212.0118865966797,
                    460.5060119628906,
                    0.587835967540741
                ],
                [
                    204.17120361328125,
                    490.56195068359375,
                    0.5056129693984985
                ],
                [
                    192.41018676757812,
                    510.16363525390625,
                    0.9360052943229675
                ],
                [
                    130.33816146850586,
                    443.51788330078125,
                    0.40184804797172546
                ],
                [
                    111.38985443115234,
                    433.06365966796875,
                    0.4815824627876282
                ],
                [
                    99.62883758544922,
                    520.6178588867188,
                    0.8106349110603333
                ],
                [
                    82.64070129394531,
                    588.5704345703125,
                    0.787384569644928
                ],
                [
                    149.28646850585938,
                    453.97210693359375,
                    0.40184804797172546
                ],
                [
                    157.12713623046875,
                    521.9246826171875,
                    0.8627761006355286
                ],
                [
                    138.8322296142578,
                    580.729736328125,
                    0.8656114339828491
                ],
                [
                    0.0,
                    0.0,
                    0.0
                ],
                [
                    0.0,
                    0.0,
                    0.0
                ],
                [
                    0.0,
                    0.0,
                    0.0
                ],
                [
                    0.0,
                    0.0,
                    0.0
                ],
                [
                    0.0,
                    0.0,
                    0.0
                ],
                [
                    0.0,
                    0.0,
                    0.0
                ],
                [
                    0.0,
                    0.0,
                    0.0
                ],
                [
                    0.0,
                    0.0,
                    0.0
                ],
                [
                    0.0,
                    0.0,
                    0.0
                ],
                [
                    0.0,
                    0.0,
                    0.0
                ]
            ],
            "isKeyframe": true,
            "area": 44293.61353084538
        }
    ],
    "isKeyframe": false
}