{
    "filename": "images/demo_H2FNV1/000215.jpg",
    "height": 1080,
    "width": 1920,
    "annots": [
        {
            "bbox": [
                804.3084106445312,
                431.778076171875,
                1084.60498046875,
                820.99853515625,
                1.0,
                1.0,
                0.0
            ],
            "personID": 0,
            "keypoints": [
                [
                    842.0836181640625,
                    526.0424194335938,
                    0.9500692486763
                ],
                [
                    881.61376953125,
                    481.44422912597656,
                    0.37138280272483826
                ],
                [
                    896.8176879882812,
                    477.3898620605469,
                    0.37138280272483826
                ],
                [
                    994.122802734375,
                    524.0151977539062,
                    0.5746621489524841
                ],
                [
                    965.7421264648438,
                    582.8037109375,
                    0.783258318901062
                ],
                [
                    866.4098510742188,
                    485.49859619140625,
                    0.8116502165794373
                ],
                [
                    888.708984375,
                    513.8792724609375,
                    0.9844527244567871
                ],
                [
                    896.8176879882812,
                    580.7765502929688,
                    0.8671100735664368
                ],
                [
                    1019.462646484375,
                    498.6753387451172,
                    0.6272842288017273
                ],
                [
                    1044.802490234375,
                    499.6889343261719,
                    0.6272842288017273
                ],
                [
                    1042.775390625,
                    653.75537109375,
                    0.7989844679832458
                ],
                [
                    1065.074462890625,
                    757.1420288085938,
                    0.7421725988388062
                ],
                [
                    994.122802734375,
                    497.6617431640625,
                    0.7390031814575195
                ],
                [
                    994.122802734375,
                    657.8097534179688,
                    0.7443944215774536
                ],
                [
                    1024.5306396484375,
                    779.441162109375,
                    0.81294184923172
                ],
                [
                    0.0,
                    0.0,
                    0.0
                ],
                [
                    0.0,
                    0.0,
                    0.0
                ],
                [
                    0.0,
                    0.0,
                    0.0
                ],
                [
                    0.0,
                    0.0,
                    0.0
                ],
                [
                    0.0,
                    0.0,
                    0.0
                ],
                [
                    0.0,
                    0.0,
                    0.0
                ],
                [
                    0.0,
                    0.0,
                    0.0
                ],
                [
                    0.0,
                    0.0,
                    0.0
                ],
                [
                    0.0,
                    0.0,
                    0.0
                ],
                [
                    0.0,
                    0.0,
                    0.0
                ]
            ],
            "isKeyframe": true,
            "area": 151492.56569200754
        },
        {
            "bbox": [
                68.79906463623047,
                431.465576171875,
                240.22837829589844,
                669.2625732421875,
                1.0,
                1.0,
                0.0
            ],
            "personID": 1,
            "keypoints": [
                [
                    198.48141479492188,
                    497.7267150878906,
                    0.7139347791671753
                ],
                [
                    172.47235870361328,
                    463.0479736328125,
                    0.5096433162689209
                ],
                [
                    140.2706756591797,
                    468.0020751953125,
                    0.6687915325164795
                ],
                [
                    79.58289337158203,
                    484.1029357910156,
                    0.8142245411872864
                ],
                [
                    90.72962951660156,
                    534.8825073242188,
                    0.743286669254303
                ],
                [
                    204.67404174804688,
                    458.0938720703125,
                    0.5096433162689209
                ],
                [
                    215.82078552246094,
                    497.7267150878906,
                    0.8373439908027649
                ],
                [
                    203.43551635742188,
                    532.4054565429688,
                    0.9102408289909363
                ],
                [
                    125.40837097167969,
                    487.8185119628906,
                    0.692063570022583
                ],
                [
                    106.83047485351562,
                    486.5799865722656,
                    0.692063570022583
                ],
                [
                    106.83047485351562,
                    559.6530151367188,
                    0.6917042136192322
                ],
                [
                    98.1607894897461,
                    650.0654296875,
                    0.6721958518028259
                ],
                [
                    143.98626708984375,
                    489.0570373535156,
                    0.7143529653549194
                ],
                [
                    157.61004638671875,
                    567.0841674804688,
                    0.8071029782295227
                ],
                [
                    158.84857177734375,
                    643.872802734375,
                    0.7991882562637329
                ],
                [
                    0.0,
                    0.0,
                    0.0
                ],
                [
                    0.0,
                    0.0,
                    0.0
                ],
                [
                    0.0,
                    0.0,
                    0.0
                ],
                [
                    0.0,
                    0.0,
                    0.0
                ],
                [
                    0.0,
                    0.0,
                    0.0
                ],
                [
                    0.0,
                    0.0,
                    0.0
                ],
                [
                    0.0,
                    0.0,
                    0.0
                ],
                [
                    0.0,
                    0.0,
                    0.0
                ],
                [
                    0.0,
                    0.0,
                    0.0
                ],
                [
                    0.0,
                    0.0,
                    0.0
                ]
            ],
            "isKeyframe": true,
            "area": 56547.41181565821
        }
    ],
    "isKeyframe": false
}