{
    "filename": "images/demo_H2FNV1/000212.jpg",
    "height": 1080,
    "width": 1920,
    "annots": [
        {
            "bbox": [
                795.4290161132812,
                385.7550354003906,
                1118.7540283203125,
                796.8773803710938,
                1.0,
                1.0,
                0.0
            ],
            "personID": 0,
            "keypoints": [
                [
                    848.1939086914062,
                    531.8154296875,
                    0.9199846386909485
                ],
                [
                    886.3642272949219,
                    473.43731689453125,
                    0.3913814127445221
                ],
                [
                    911.0626831054688,
                    466.7013854980469,
                    0.3913814127445221
                ],
                [
                    976.1766967773438,
                    507.11700439453125,
                    0.4877174496650696
                ],
                [
                    967.1954345703125,
                    565.4951171875,
                    0.549191951751709
                ],
                [
                    861.665771484375,
                    480.1732482910156,
                    0.8733162879943848
                ],
                [
                    886.3641967773438,
                    504.8716735839844,
                    0.8925795555114746
                ],
                [
                    906.572021484375,
                    583.4576416015625,
                    0.9065666198730469
                ],
                [
                    1010.9790344238281,
                    465.57872009277344,
                    0.7071202397346497
                ],
                [
                    1039.04541015625,
                    464.4560546875,
                    0.7266311049461365
                ],
                [
                    1045.7813720703125,
                    610.4013671875,
                    0.8912941813468933
                ],
                [
                    1086.197021484375,
                    720.4216918945312,
                    0.8097894787788391
                ],
                [
                    982.9126586914062,
                    466.7013854980469,
                    0.7071202397346497
                ],
                [
                    1000.8751220703125,
                    619.3826293945312,
                    0.8877079486846924
                ],
                [
                    1043.5360107421875,
                    736.1388549804688,
                    0.8078247308731079
                ],
                [
                    0.0,
                    0.0,
                    0.0
                ],
                [
                    0.0,
                    0.0,
                    0.0
                ],
                [
                    0.0,
                    0.0,
                    0.0
                ],
                [
                    0.0,
                    0.0,
                    0.0
                ],
                [
                    0.0,
                    0.0,
                    0.0
                ],
                [
                    0.0,
                    0.0,
                    0.0
                ],
                [
                    0.0,
                    0.0,
                    0.0
                ],
                [
                    0.0,
                    0.0,
                    0.0
                ],
                [
                    0.0,
                    0.0,
                    0.0
                ],
                [
                    0.0,
                    0.0,
                    0.0
                ]
            ],
            "isKeyframe": true,
            "area": 169021.58253420983
        },
        {
            "bbox": [
                68.47489929199219,
                403.7329406738281,
                246.13174438476562,
                645.4812622070312,
                1.0,
                1.0,
                0.0
            ],
            "personID": 1,
            "keypoints": [
                [
                    193.1878204345703,
                    498.7954406738281,
                    0.46259209513664246
                ],
                [
                    176.1898956298828,
                    462.9109344482422,
                    0.31299373507499695
                ],
                [
                    144.08270263671875,
                    464.7995910644531,
                    0.31299373507499695
                ],
                [
                    103.79132080078125,
                    466.0587158203125,
                    0.45348501205444336
                ],
                [
                    98.75489807128906,
                    526.4957885742188,
                    0.5176312923431396
                ],
                [
                    208.29708862304688,
                    461.02227783203125,
                    0.5736364126205444
                ],
                [
                    209.5561981201172,
                    497.5363464355469,
                    0.7598745822906494
                ],
                [
                    196.96514892578125,
                    522.7184448242188,
                    0.8669667840003967
                ],
                [
                    133.38030242919922,
                    450.31988525390625,
                    0.45908376574516296
                ],
                [
                    118.90058898925781,
                    439.61749267578125,
                    0.5056490898132324
                ],
                [
                    105.05043029785156,
                    536.568603515625,
                    0.8159253597259521
                ],
                [
                    89.941162109375,
                    618.4104614257812,
                    0.778676450252533
                ],
                [
                    147.86001586914062,
                    461.02227783203125,
                    0.45908376574516296
                ],
                [
                    156.67376708984375,
                    536.568603515625,
                    0.8110544085502625
                ],
                [
                    149.11912536621094,
                    608.337646484375,
                    0.8171048164367676
                ],
                [
                    0.0,
                    0.0,
                    0.0
                ],
                [
                    0.0,
                    0.0,
                    0.0
                ],
                [
                    0.0,
                    0.0,
                    0.0
                ],
                [
                    0.0,
                    0.0,
                    0.0
                ],
                [
                    0.0,
                    0.0,
                    0.0
                ],
                [
                    0.0,
                    0.0,
                    0.0
                ],
                [
                    0.0,
                    0.0,
                    0.0
                ],
                [
                    0.0,
                    0.0,
                    0.0
                ],
                [
                    0.0,
                    0.0,
                    0.0
                ],
                [
                    0.0,
                    0.0,
                    0.0
                ]
            ],
            "isKeyframe": true,
            "area": 58442.25096412096
        }
    ],
    "isKeyframe": false
}