{
    "filename": "images/demo_H2FNV1/000220.jpg",
    "height": 1080,
    "width": 1920,
    "annots": [
        {
            "bbox": [
                812.6995239257812,
                440.2564392089844,
                1070.828369140625,
                868.3004150390625,
                1.0,
                1.0,
                0.0
            ],
            "personID": 0,
            "keypoints": [
                [
                    851.473388671875,
                    523.8588256835938,
                    0.8722721934318542
                ],
                [
                    888.2584228515625,
                    484.8443908691406,
                    0.45633989572525024
                ],
                [
                    893.8319091796875,
                    479.2709045410156,
                    0.45633989572525024
                ],
                [
                    994.1547241210938,
                    577.3643188476562,
                    0.6370975971221924
                ],
                [
                    931.7316284179688,
                    608.5758056640625,
                    0.9530541896820068
                ],
                [
                    882.6849365234375,
                    490.4178771972656,
                    0.8565341234207153
                ],
                [
                    900.5200805664062,
                    535.0057983398438,
                    0.9153603911399841
                ],
                [
                    893.8319091796875,
                    610.8052368164062,
                    0.8766874074935913
                ],
                [
                    1032.054443359375,
                    550.6115417480469,
                    0.689856231212616
                ],
                [
                    1052.1190185546875,
                    552.8409423828125,
                    0.696060836315155
                ],
                [
                    1034.2838134765625,
                    699.9810791015625,
                    0.8737597465515137
                ],
                [
                    1045.4307861328125,
                    806.9920654296875,
                    0.8657117486000061
                ],
                [
                    1011.9898681640625,
                    548.3821411132812,
                    0.689856231212616
                ],
                [
                    985.2371215820312,
                    702.21044921875,
                    0.8643434643745422
                ],
                [
                    1000.8428955078125,
                    827.0565795898438,
                    0.9022890329360962
                ],
                [
                    0.0,
                    0.0,
                    0.0
                ],
                [
                    0.0,
                    0.0,
                    0.0
                ],
                [
                    0.0,
                    0.0,
                    0.0
                ],
                [
                    0.0,
                    0.0,
                    0.0
                ],
                [
                    0.0,
                    0.0,
                    0.0
                ],
                [
                    0.0,
                    0.0,
                    0.0
                ],
                [
                    0.0,
                    0.0,
                    0.0
                ],
                [
                    0.0,
                    0.0,
                    0.0
                ],
                [
                    0.0,
                    0.0,
                    0.0
                ],
                [
                    0.0,
                    0.0,
                    0.0
                ]
            ],
            "isKeyframe": true,
            "area": 183221.6452444205
        },
        {
            "bbox": [
                64.75116729736328,
                441.9646301269531,
                228.34054565429688,
                694.9427490234375,
                1.0,
                1.0,
                0.0
            ],
            "personID": 1,
            "keypoints": [
                [
                    189.36767578125,
                    491.3744201660156,
                    0.46431151032447815
                ],
                [
                    170.9213638305664,
                    475.5632629394531,
                    0.572613537311554
                ],
                [
                    130.07594299316406,
                    474.24566650390625,
                    0.572613537311554
                ],
                [
                    74.73697662353516,
                    496.644775390625,
                    0.8261896371841431
                ],
                [
                    87.91291809082031,
                    541.4429931640625,
                    0.7722782492637634
                ],
                [
                    211.76678466796875,
                    476.880859375,
                    0.6210258603096008
                ],
                [
                    217.03717041015625,
                    519.0438842773438,
                    0.8795744776725769
                ],
                [
                    207.8140106201172,
                    548.0309448242188,
                    0.8571457266807556
                ],
                [
                    124.80556106567383,
                    509.8207244873047,
                    0.6570929288864136
                ],
                [
                    103.72405242919922,
                    505.8679504394531,
                    0.6570929288864136
                ],
                [
                    112.94721221923828,
                    595.46435546875,
                    0.8123633861541748
                ],
                [
                    107.67683410644531,
                    685.060791015625,
                    0.6882003545761108
                ],
                [
                    145.88706970214844,
                    513.7734985351562,
                    0.7209229469299316
                ],
                [
                    161.6981964111328,
                    591.5115966796875,
                    0.6641955375671387
                ],
                [
                    164.33338928222656,
                    665.296875,
                    0.6988483667373657
                ],
                [
                    0.0,
                    0.0,
                    0.0
                ],
                [
                    0.0,
                    0.0,
                    0.0
                ],
                [
                    0.0,
                    0.0,
                    0.0
                ],
                [
                    0.0,
                    0.0,
                    0.0
                ],
                [
                    0.0,
                    0.0,
                    0.0
                ],
                [
                    0.0,
                    0.0,
                    0.0
                ],
                [
                    0.0,
                    0.0,
                    0.0
                ],
                [
                    0.0,
                    0.0,
                    0.0
                ],
                [
                    0.0,
                    0.0,
                    0.0
                ],
                [
                    0.0,
                    0.0,
                    0.0
                ]
            ],
            "isKeyframe": true,
            "area": 63997.928640403785
        }
    ],
    "isKeyframe": false
}