{
    "filename": "images/demo_H2FNV1/000223.jpg",
    "height": 1080,
    "width": 1920,
    "annots": [
        {
            "bbox": [
                819.7236328125,
                437.6041259765625,
                1077.8450927734375,
                865.619873046875,
                1.0,
                1.0,
                0.0
            ],
            "personID": 0,
            "keypoints": [
                [
                    856.2705078125,
                    521.200927734375,
                    0.8601914048194885
                ],
                [
                    904.1994018554688,
                    491.1060791015625,
                    0.6070985198020935
                ],
                [
                    914.2310180664062,
                    485.532958984375,
                    0.6070985198020935
                ],
                [
                    969.9622192382812,
                    594.7661743164062,
                    0.6899141669273376
                ],
                [
                    925.3772583007812,
                    617.0586547851562,
                    0.8982115983963013
                ],
                [
                    894.1677856445312,
                    496.67919921875,
                    0.844727635383606
                ],
                [
                    907.5432739257812,
                    552.410400390625,
                    0.9339329600334167
                ],
                [
                    894.1677856445312,
                    619.2879028320312,
                    0.8369535803794861
                ],
                [
                    1034.6104431152344,
                    578.0468139648438,
                    0.6624169945716858
                ],
                [
                    1056.9029541015625,
                    574.7029418945312,
                    0.6624169945716858
                ],
                [
                    1023.4641723632812,
                    715.1455688476562,
                    0.9142557978630066
                ],
                [
                    1045.7567138671875,
                    804.3155517578125,
                    0.7902045845985413
                ],
                [
                    1012.3179321289062,
                    581.3906860351562,
                    0.6768869161605835
                ],
                [
                    969.9622192382812,
                    706.2285766601562,
                    0.8103806376457214
                ],
                [
                    1007.8594360351562,
                    826.6080322265625,
                    0.8400381207466125
                ],
                [
                    0.0,
                    0.0,
                    0.0
                ],
                [
                    0.0,
                    0.0,
                    0.0
                ],
                [
                    0.0,
                    0.0,
                    0.0
                ],
                [
                    0.0,
                    0.0,
                    0.0
                ],
                [
                    0.0,
                    0.0,
                    0.0
                ],
                [
                    0.0,
                    0.0,
                    0.0
                ],
                [
                    0.0,
                    0.0,
                    0.0
                ],
                [
                    0.0,
                    0.0,
                    0.0
                ],
                [
                    0.0,
                    0.0,
                    0.0
                ],
                [
                    0.0,
                    0.0,
                    0.0
                ]
            ],
            "isKeyframe": true,
            "area": 183197.47974015772
        },
        {
            "bbox": [
                63.01474380493164,
                441.12542724609375,
                226.8935089111328,
                709.1318359375,
                1.0,
                1.0,
                0.0
            ],
            "personID": 1,
            "keypoints": [
                [
                    209.8619384765625,
                    486.4911193847656,
                    0.43756935000419617
                ],
                [
                    168.68386840820312,
                    483.6993865966797,
                    0.6064168214797974
                ],
                [
                    130.2975311279297,
                    479.51177978515625,
                    0.6064168214797974
                ],
                [
                    71.67112731933594,
                    504.63739013671875,
                    0.8956804871559143
                ],
                [
                    85.62979125976562,
                    556.2844848632812,
                    0.8131870627403259
                ],
                [
                    207.07020568847656,
                    487.8869934082031,
                    0.7380986213684082
                ],
                [
                    215.44540405273438,
                    529.7630004882812,
                    0.8837002515792847
                ],
                [
                    208.46607971191406,
                    559.076171875,
                    0.8847204446792603
                ],
                [
                    124.01612854003906,
                    536.0443725585938,
                    0.7328492403030396
                ],
                [
                    100.98432922363281,
                    535.346435546875,
                    0.7328492403030396
                ],
                [
                    121.92233276367188,
                    602.3480834960938,
                    0.8547812700271606
                ],
                [
                    110.7553939819336,
                    686.10009765625,
                    0.7587447762489319
                ],
                [
                    147.0479278564453,
                    536.7423095703125,
                    0.8489131927490234
                ],
                [
                    166.59007263183594,
                    605.1397705078125,
                    0.8563371896743774
                ],
                [
                    165.19419860839844,
                    679.1207275390625,
                    0.7535853385925293
                ],
                [
                    0.0,
                    0.0,
                    0.0
                ],
                [
                    0.0,
                    0.0,
                    0.0
                ],
                [
                    0.0,
                    0.0,
                    0.0
                ],
                [
                    0.0,
                    0.0,
                    0.0
                ],
                [
                    0.0,
                    0.0,
                    0.0
                ],
                [
                    0.0,
                    0.0,
                    0.0
                ],
                [
                    0.0,
                    0.0,
                    0.0
                ],
                [
                    0.0,
                    0.0,
                    0.0
                ],
                [
                    0.0,
                    0.0,
                    0.0
                ],
                [
                    0.0,
                    0.0,
                    0.0
                ]
            ],
            "isKeyframe": true,
            "area": 71827.43509966508
        }
    ],
    "isKeyframe": false
}