{
    "filename": "images/demo_H2FNV1/000250.jpg",
    "height": 1080,
    "width": 1920,
    "annots": [
        {
            "bbox": [
                869.9393920898438,
                374.06866455078125,
                1081.97119140625,
                860.9573364257812,
                1.0,
                1.0,
                0.0
            ],
            "personID": 0,
            "keypoints": [
                [
                    885.931640625,
                    453.9488525390625,
                    0.9594187140464783
                ],
                [
                    953.1324157714844,
                    453.94883728027344,
                    0.8023766875267029
                ],
                [
                    972.1514892578125,
                    448.8770751953125,
                    0.8023766875267029
                ],
                [
                    997.5103149414062,
                    537.6328125,
                    0.3793509006500244
                ],
                [
                    987.3667602539062,
                    616.2450561523438,
                    0.7581716775894165
                ],
                [
                    934.1133422851562,
                    459.0205993652344,
                    0.8793326616287231
                ],
                [
                    972.1514892578125,
                    527.4893188476562,
                    0.9181641936302185
                ],
                [
                    987.3667602539062,
                    606.1015625,
                    0.8834825158119202
                ],
                [
                    1046.9598999023438,
                    578.2068786621094,
                    0.7422932982444763
                ],
                [
                    1065.97900390625,
                    573.1351318359375,
                    0.7422932982444763
                ],
                [
                    1020.3331909179688,
                    694.8572998046875,
                    0.8871482610702515
                ],
                [
                    1045.6920166015625,
                    808.9718017578125,
                    0.825935423374176
                ],
                [
                    1027.9407958984375,
                    583.2786254882812,
                    0.7644498348236084
                ],
                [
                    974.6873779296875,
                    699.9290771484375,
                    0.9387270212173462
                ],
                [
                    1005.117919921875,
                    821.6512451171875,
                    0.8388041257858276
                ],
                [
                    0.0,
                    0.0,
                    0.0
                ],
                [
                    0.0,
                    0.0,
                    0.0
                ],
                [
                    0.0,
                    0.0,
                    0.0
                ],
                [
                    0.0,
                    0.0,
                    0.0
                ],
                [
                    0.0,
                    0.0,
                    0.0
                ],
                [
                    0.0,
                    0.0,
                    0.0
                ],
                [
                    0.0,
                    0.0,
                    0.0
                ],
                [
                    0.0,
                    0.0,
                    0.0
                ],
                [
                    0.0,
                    0.0,
                    0.0
                ],
                [
                    0.0,
                    0.0,
                    0.0
                ]
            ],
            "isKeyframe": true,
            "area": 237060.57880020142
        },
        {
            "bbox": [
                47.5376091003418,
                391.94464111328125,
                201.4452667236328,
                710.8611450195312,
                1.0,
                1.0,
                0.0
            ],
            "personID": 1,
            "keypoints": [
                [
                    153.55935668945312,
                    439.2838134765625,
                    0.9587534666061401
                ],
                [
                    140.2711639404297,
                    448.41943359375,
                    0.8522027730941772
                ],
                [
                    102.067626953125,
                    444.2668762207031,
                    0.8522027730941772
                ],
                [
                    67.18612670898438,
                    485.79248046875,
                    0.8687768578529358
                ],
                [
                    58.881011962890625,
                    537.2841796875,
                    0.8861406445503235
                ],
                [
                    178.47470092773438,
                    452.5719909667969,
                    0.8600608110427856
                ],
                [
                    190.10186767578125,
                    504.063720703125,
                    0.9211033582687378
                ],
                [
                    193.42391967773438,
                    555.5554809570312,
                    0.9064666628837585
                ],
                [
                    121.16939163208008,
                    534.7926635742188,
                    0.7789167761802673
                ],
                [
                    95.42353057861328,
                    532.3011474609375,
                    0.7789167761802673
                ],
                [
                    108.71171569824219,
                    598.7420654296875,
                    0.8504999876022339
                ],
                [
                    102.067626953125,
                    681.793212890625,
                    0.699219286441803
                ],
                [
                    146.91525268554688,
                    537.2841796875,
                    0.8282795548439026
                ],
                [
                    161.86447143554688,
                    598.7420654296875,
                    0.840925931930542
                ],
                [
                    155.22036743164062,
                    670.1660766601562,
                    0.7719196677207947
                ],
                [
                    0.0,
                    0.0,
                    0.0
                ],
                [
                    0.0,
                    0.0,
                    0.0
                ],
                [
                    0.0,
                    0.0,
                    0.0
                ],
                [
                    0.0,
                    0.0,
                    0.0
                ],
                [
                    0.0,
                    0.0,
                    0.0
                ],
                [
                    0.0,
                    0.0,
                    0.0
                ],
                [
                    0.0,
                    0.0,
                    0.0
                ],
                [
                    0.0,
                    0.0,
                    0.0
                ],
                [
                    0.0,
                    0.0,
                    0.0
                ],
                [
                    0.0,
                    0.0,
                    0.0
                ]
            ],
            "isKeyframe": true,
            "area": 101707.73646378517
        }
    ],
    "isKeyframe": false
}