{
    "filename": "images/demo_H2FNV1/000214.jpg",
    "height": 1080,
    "width": 1920,
    "annots": [
        {
            "bbox": [
                793.4935302734375,
                419.8019714355469,
                1102.8541259765625,
                808.9027099609375,
                1.0,
                1.0,
                0.0
            ],
            "personID": 0,
            "keypoints": [
                [
                    846.1278076171875,
                    527.3446655273438,
                    0.9082872271537781
                ],
                [
                    882.6495361328125,
                    485.4521026611328,
                    0.42474767565727234
                ],
                [
                    897.6879272460938,
                    484.3779296875,
                    0.42474767565727234
                ],
                [
                    983.6213989257812,
                    523.0480346679688,
                    0.40344297885894775
                ],
                [
                    972.8796997070312,
                    574.6080932617188,
                    0.7441684603691101
                ],
                [
                    867.6111450195312,
                    486.5262756347656,
                    0.8236818313598633
                ],
                [
                    886.9462280273438,
                    512.3063354492188,
                    0.9644766449928284
                ],
                [
                    897.6879272460938,
                    578.90478515625,
                    0.8713728189468384
                ],
                [
                    1021.21728515625,
                    489.748779296875,
                    0.676703155040741
                ],
                [
                    1041.62646484375,
                    486.5262756347656,
                    0.676703155040741
                ],
                [
                    1045.9232177734375,
                    643.3549194335938,
                    0.8647517561912537
                ],
                [
                    1071.7032470703125,
                    750.7717895507812,
                    0.8286007046699524
                ],
                [
                    1000.80810546875,
                    492.9712829589844,
                    0.6918458342552185
                ],
                [
                    994.3630981445312,
                    647.651611328125,
                    0.8297357559204102
                ],
                [
                    1033.033203125,
                    767.95849609375,
                    0.7968717217445374
                ],
                [
                    0.0,
                    0.0,
                    0.0
                ],
                [
                    0.0,
                    0.0,
                    0.0
                ],
                [
                    0.0,
                    0.0,
                    0.0
                ],
                [
                    0.0,
                    0.0,
                    0.0
                ],
                [
                    0.0,
                    0.0,
                    0.0
                ],
                [
                    0.0,
                    0.0,
                    0.0
                ],
                [
                    0.0,
                    0.0,
                    0.0
                ],
                [
                    0.0,
                    0.0,
                    0.0
                ],
                [
                    0.0,
                    0.0,
                    0.0
                ],
                [
                    0.0,
                    0.0,
                    0.0
                ]
            ],
            "isKeyframe": true,
            "area": 151399.3847210044
        },
        {
            "bbox": [
                64.15067291259766,
                423.85626220703125,
                238.64979553222656,
                661.7086181640625,
                1.0,
                1.0,
                0.0
            ],
            "personID": 1,
            "keypoints": [
                [
                    201.5722198486328,
                    501.2821960449219,
                    0.6795753240585327
                ],
                [
                    169.98245239257812,
                    463.4983367919922,
                    0.4971811771392822
                ],
                [
                    138.39268493652344,
                    466.5953674316406,
                    0.6082861423492432
                ],
                [
                    81.40721893310547,
                    482.6999816894531,
                    0.8156335353851318
                ],
                [
                    92.55654907226562,
                    533.4913330078125,
                    0.7949401140213013
                ],
                [
                    201.5722198486328,
                    460.40130615234375,
                    0.4971811771392822
                ],
                [
                    212.7215576171875,
                    500.0433654785156,
                    0.8407862782478333
                ],
                [
                    202.81103515625,
                    528.5361328125,
                    0.8840893507003784
                ],
                [
                    123.52691268920898,
                    483.93878173828125,
                    0.7247368097305298
                ],
                [
                    104.94469451904297,
                    480.22235107421875,
                    0.729941725730896
                ],
                [
                    106.18350982666016,
                    554.5512084960938,
                    0.7025490999221802
                ],
                [
                    96.27299499511719,
                    642.5070190429688,
                    0.7337931990623474
                ],
                [
                    142.109130859375,
                    487.65521240234375,
                    0.7247368097305298
                ],
                [
                    155.736083984375,
                    559.5064697265625,
                    0.8408946394920349
                ],
                [
                    154.4972686767578,
                    632.5964965820312,
                    0.8190209269523621
                ],
                [
                    0.0,
                    0.0,
                    0.0
                ],
                [
                    0.0,
                    0.0,
                    0.0
                ],
                [
                    0.0,
                    0.0,
                    0.0
                ],
                [
                    0.0,
                    0.0,
                    0.0
                ],
                [
                    0.0,
                    0.0,
                    0.0
                ],
                [
                    0.0,
                    0.0,
                    0.0
                ],
                [
                    0.0,
                    0.0,
                    0.0
                ],
                [
                    0.0,
                    0.0,
                    0.0
                ],
                [
                    0.0,
                    0.0,
                    0.0
                ],
                [
                    0.0,
                    0.0,
                    0.0
                ]
            ],
            "isKeyframe": true,
            "area": 56573.7432343103
        }
    ],
    "isKeyframe": false
}