{
    "filename": "images/demo_H2FNV1/000224.jpg",
    "height": 1080,
    "width": 1920,
    "annots": [
        {
            "bbox": [
                815.8195190429688,
                438.0191650390625,
                1080.2486572265625,
                868.8233642578125,
                1.0,
                1.0,
                0.0
            ],
            "personID": 0,
            "keypoints": [
                [
                    866.1364135742188,
                    524.4043579101562,
                    0.8847420811653137
                ],
                [
                    915.4993591308594,
                    496.35723876953125,
                    0.6765261888504028
                ],
                [
                    931.2057495117188,
                    490.747802734375,
                    0.6765261888504028
                ],
                [
                    971.5936889648438,
                    596.205078125,
                    0.7344526052474976
                ],
                [
                    917.7431640625,
                    623.13037109375,
                    0.8858993053436279
                ],
                [
                    899.79296875,
                    501.9666748046875,
                    0.8741286993026733
                ],
                [
                    913.255615234375,
                    555.8171997070312,
                    0.9030595421791077
                ],
                [
                    899.79296875,
                    623.13037109375,
                    0.7950652837753296
                ],
                [
                    1035.5411376953125,
                    581.6205444335938,
                    0.5985613465309143
                ],
                [
                    1056.85693359375,
                    578.2548828125,
                    0.5985613465309143
                ],
                [
                    1011.9815673828125,
                    715.125,
                    0.896405816078186
                ],
                [
                    1043.3944091796875,
                    807.11962890625,
                    0.7997982501983643
                ],
                [
                    1014.225341796875,
                    584.9862060546875,
                    0.6774342656135559
                ],
                [
                    964.8623657226562,
                    715.125,
                    0.8872809410095215
                ],
                [
                    1005.250244140625,
                    825.06982421875,
                    0.834522545337677
                ],
                [
                    0.0,
                    0.0,
                    0.0
                ],
                [
                    0.0,
                    0.0,
                    0.0
                ],
                [
                    0.0,
                    0.0,
                    0.0
                ],
                [
                    0.0,
                    0.0,
                    0.0
                ],
                [
                    0.0,
                    0.0,
                    0.0
                ],
                [
                    0.0,
                    0.0,
                    0.0
                ],
                [
                    0.0,
                    0.0,
                    0.0
                ],
                [
                    0.0,
                    0.0,
                    0.0
                ],
                [
                    0.0,
                    0.0,
                    0.0
                ],
                [
                    0.0,
                    0.0,
                    0.0
                ]
            ],
            "isKeyframe": true,
            "area": 185592.25806450844
        },
        {
            "bbox": [
                62.25642395019531,
                440.9682922363281,
                226.2104034423828,
                709.3161010742188,
                1.0,
                1.0,
                0.0
            ],
            "personID": 1,
            "keypoints": [
                [
                    212.01919555664062,
                    486.3917541503906,
                    0.6285202503204346
                ],
                [
                    167.29454803466797,
                    487.090576171875,
                    0.7542667388916016
                ],
                [
                    129.55813598632812,
                    486.3917541503906,
                    0.7542667388916016
                ],
                [
                    70.8570556640625,
                    508.75408935546875,
                    0.8918408751487732
                ],
                [
                    84.83350372314453,
                    561.8645629882812,
                    0.7784306406974792
                ],
                [
                    205.0309600830078,
                    487.7893981933594,
                    0.7912597060203552
                ],
                [
                    214.81448364257812,
                    531.1163940429688,
                    0.9198706150054932
                ],
                [
                    210.62155151367188,
                    561.8645629882812,
                    0.8835780620574951
                ],
                [
                    129.5581398010254,
                    544.3940124511719,
                    0.7824310064315796
                ],
                [
                    107.1958236694336,
                    542.2975463867188,
                    0.7824310064315796
                ],
                [
                    123.96755981445312,
                    609.384521484375,
                    0.8332120776176453
                ],
                [
                    114.18405151367188,
                    690.4479370117188,
                    0.6874375939369202
                ],
                [
                    151.9204559326172,
                    546.490478515625,
                    0.8381428718566895
                ],
                [
                    168.69219970703125,
                    605.1915893554688,
                    0.8501121997833252
                ],
                [
                    164.499267578125,
                    676.4714965820312,
                    0.784984827041626
                ],
                [
                    0.0,
                    0.0,
                    0.0
                ],
                [
                    0.0,
                    0.0,
                    0.0
                ],
                [
                    0.0,
                    0.0,
                    0.0
                ],
                [
                    0.0,
                    0.0,
                    0.0
                ],
                [
                    0.0,
                    0.0,
                    0.0
                ],
                [
                    0.0,
                    0.0,
                    0.0
                ],
                [
                    0.0,
                    0.0,
                    0.0
                ],
                [
                    0.0,
                    0.0,
                    0.0
                ],
                [
                    0.0,
                    0.0,
                    0.0
                ],
                [
                    0.0,
                    0.0,
                    0.0
                ]
            ],
            "isKeyframe": true,
            "area": 72010.54650809709
        }
    ],
    "isKeyframe": false
}