{
    "filename": "images/demo_H2FNV1/000247.jpg",
    "height": 1080,
    "width": 1920,
    "annots": [
        {
            "bbox": [
                864.6099853515625,
                388.0558776855469,
                1085.321044921875,
                867.1337280273438,
                1.0,
                1.0,
                0.0
            ],
            "personID": 0,
            "keypoints": [
                [
                    883.8908081054688,
                    469.1497802734375,
                    0.9514772891998291
                ],
                [
                    951.2611389160156,
                    467.9021759033203,
                    0.7948143482208252
                ],
                [
                    971.2227172851562,
                    461.6641845703125,
                    0.7948143482208252
                ],
                [
                    996.1746826171875,
                    548.99609375,
                    0.46606144309043884
                ],
                [
                    973.7178955078125,
                    621.3568115234375,
                    0.9358534812927246
                ],
                [
                    931.299560546875,
                    474.1401672363281,
                    0.872638463973999
                ],
                [
                    963.7371215820312,
                    544.0056762695312,
                    0.9063071608543396
                ],
                [
                    981.2034912109375,
                    628.8424072265625,
                    0.8859450817108154
                ],
                [
                    1047.3262329101562,
                    588.9192199707031,
                    0.7027055621147156
                ],
                [
                    1066.0401611328125,
                    583.9288330078125,
                    0.7027055621147156
                ],
                [
                    1011.1458740234375,
                    696.2127075195312,
                    0.916714072227478
                ],
                [
                    1043.5833740234375,
                    808.49658203125,
                    0.8665408492088318
                ],
                [
                    1028.6123046875,
                    593.9096069335938,
                    0.7402133345603943
                ],
                [
                    966.2322998046875,
                    703.6983032226562,
                    0.9221256375312805
                ],
                [
                    1001.1651000976562,
                    823.4677124023438,
                    0.8480289578437805
                ],
                [
                    0.0,
                    0.0,
                    0.0
                ],
                [
                    0.0,
                    0.0,
                    0.0
                ],
                [
                    0.0,
                    0.0,
                    0.0
                ],
                [
                    0.0,
                    0.0,
                    0.0
                ],
                [
                    0.0,
                    0.0,
                    0.0
                ],
                [
                    0.0,
                    0.0,
                    0.0
                ],
                [
                    0.0,
                    0.0,
                    0.0
                ],
                [
                    0.0,
                    0.0,
                    0.0
                ],
                [
                    0.0,
                    0.0,
                    0.0
                ],
                [
                    0.0,
                    0.0,
                    0.0
                ]
            ],
            "isKeyframe": true,
            "area": 229515.58668811712
        },
        {
            "bbox": [
                45.60264587402344,
                405.1927795410156,
                206.21421813964844,
                711.3699340820312,
                1.0,
                1.0,
                0.0
            ],
            "personID": 1,
            "keypoints": [
                [
                    163.38323974609375,
                    450.6409606933594,
                    0.9235907196998596
                ],
                [
                    144.2471694946289,
                    459.4116668701172,
                    0.835361123085022
                ],
                [
                    105.97502136230469,
                    455.42498779296875,
                    0.835361123085022
                ],
                [
                    69.29754638671875,
                    498.48114013671875,
                    0.8815979361534119
                ],
                [
                    59.729515075683594,
                    547.916015625,
                    0.9195818901062012
                ],
                [
                    182.51931762695312,
                    463.3983459472656,
                    0.8592857718467712
                ],
                [
                    192.0873565673828,
                    516.0225219726562,
                    0.8967705965042114
                ],
                [
                    195.27670288085938,
                    568.646728515625,
                    0.8653120398521423
                ],
                [
                    121.92174911499023,
                    538.3479614257812,
                    0.7837424874305725
                ],
                [
                    96.40699005126953,
                    536.7532958984375,
                    0.7837424874305725
                ],
                [
                    113.9483871459961,
                    598.945556640625,
                    0.8359419107437134
                ],
                [
                    105.97502136230469,
                    669.1111450195312,
                    0.7067176699638367
                ],
                [
                    147.43650817871094,
                    539.942626953125,
                    0.8250881433486938
                ],
                [
                    164.97792053222656,
                    603.7295532226562,
                    0.8613700270652771
                ],
                [
                    157.00454711914062,
                    667.5164794921875,
                    0.7887516021728516
                ],
                [
                    0.0,
                    0.0,
                    0.0
                ],
                [
                    0.0,
                    0.0,
                    0.0
                ],
                [
                    0.0,
                    0.0,
                    0.0
                ],
                [
                    0.0,
                    0.0,
                    0.0
                ],
                [
                    0.0,
                    0.0,
                    0.0
                ],
                [
                    0.0,
                    0.0,
                    0.0
                ],
                [
                    0.0,
                    0.0,
                    0.0
                ],
                [
                    0.0,
                    0.0,
                    0.0
                ],
                [
                    0.0,
                    0.0,
                    0.0
                ],
                [
                    0.0,
                    0.0,
                    0.0
                ]
            ],
            "isKeyframe": true,
            "area": 93744.44996283296
        }
    ],
    "isKeyframe": false
}