{
    "filename": "images/demo_H2FNV1/000242.jpg",
    "height": 1080,
    "width": 1920,
    "annots": [
        {
            "bbox": [
                863.674560546875,
                403.7643737792969,
                1088.082275390625,
                863.2738647460938,
                1.0,
                1.0,
                0.0
            ],
            "personID": 0,
            "keypoints": [
                [
                    883.7371826171875,
                    488.72576904296875,
                    0.9703581929206848
                ],
                [
                    948.355712890625,
                    486.3324890136719,
                    0.7257065773010254
                ],
                [
                    969.8952026367188,
                    476.7593688964844,
                    0.7257065773010254
                ],
                [
                    996.2213134765625,
                    577.2770385742188,
                    0.5385556817054749
                ],
                [
                    953.1422729492188,
                    639.5023193359375,
                    0.9069119691848755
                ],
                [
                    926.8162231445312,
                    495.9056091308594,
                    0.8738924264907837
                ],
                [
                    955.5355224609375,
                    562.9174194335938,
                    0.9601783156394958
                ],
                [
                    957.9288330078125,
                    639.5023193359375,
                    0.9032573699951172
                ],
                [
                    1048.8734130859375,
                    604.7997741699219,
                    0.6701937913894653
                ],
                [
                    1068.0196533203125,
                    603.6031494140625,
                    0.6955342888832092
                ],
                [
                    1001.0078125,
                    704.1207885742188,
                    0.8537001013755798
                ],
                [
                    1041.693603515625,
                    807.0317993164062,
                    0.8420999646186829
                ],
                [
                    1029.7271728515625,
                    605.9963989257812,
                    0.6701937913894653
                ],
                [
                    957.9288330078125,
                    708.9073486328125,
                    0.9624313712120056
                ],
                [
                    1001.0078125,
                    823.7847290039062,
                    0.8602572083473206
                ],
                [
                    0.0,
                    0.0,
                    0.0
                ],
                [
                    0.0,
                    0.0,
                    0.0
                ],
                [
                    0.0,
                    0.0,
                    0.0
                ],
                [
                    0.0,
                    0.0,
                    0.0
                ],
                [
                    0.0,
                    0.0,
                    0.0
                ],
                [
                    0.0,
                    0.0,
                    0.0
                ],
                [
                    0.0,
                    0.0,
                    0.0
                ],
                [
                    0.0,
                    0.0,
                    0.0
                ],
                [
                    0.0,
                    0.0,
                    0.0
                ],
                [
                    0.0,
                    0.0,
                    0.0
                ]
            ],
            "isKeyframe": true,
            "area": 211148.97228856478
        },
        {
            "bbox": [
                44.813961029052734,
                420.8450927734375,
                211.07150268554688,
                704.125732421875,
                1.0,
                1.0,
                0.0
            ],
            "personID": 1,
            "keypoints": [
                [
                    167.04135131835938,
                    465.8454284667969,
                    0.9148449301719666
                ],
                [
                    148.5986099243164,
                    472.48480224609375,
                    0.8040795922279358
                ],
                [
                    110.97540283203125,
                    468.7962646484375,
                    0.8040795922279358
                ],
                [
                    71.13906860351562,
                    514.5342407226562,
                    0.8481570482254028
                ],
                [
                    59.33571243286133,
                    566.1739501953125,
                    0.8832529187202454
                ],
                [
                    186.22181701660156,
                    476.17333984375,
                    0.8454687595367432
                ],
                [
                    195.0743408203125,
                    529.2884521484375,
                    0.8860359787940979
                ],
                [
                    199.50059509277344,
                    576.5018920898438,
                    0.8977051973342896
                ],
                [
                    124.25418472290039,
                    546.2557983398438,
                    0.7698838114738464
                ],
                [
                    99.17205047607422,
                    545.51806640625,
                    0.7849550247192383
                ],
                [
                    121.3033447265625,
                    603.0594482421875,
                    0.8189303874969482
                ],
                [
                    109.49998474121094,
                    676.8304443359375,
                    0.5755751132965088
                ],
                [
                    149.33631896972656,
                    546.9935302734375,
                    0.7698838114738464
                ],
                [
                    169.99220275878906,
                    607.4857177734375,
                    0.9015844464302063
                ],
                [
                    156.7134246826172,
                    669.453369140625,
                    0.805159866809845
                ],
                [
                    0.0,
                    0.0,
                    0.0
                ],
                [
                    0.0,
                    0.0,
                    0.0
                ],
                [
                    0.0,
                    0.0,
                    0.0
                ],
                [
                    0.0,
                    0.0,
                    0.0
                ],
                [
                    0.0,
                    0.0,
                    0.0
                ],
                [
                    0.0,
                    0.0,
                    0.0
                ],
                [
                    0.0,
                    0.0,
                    0.0
                ],
                [
                    0.0,
                    0.0,
                    0.0
                ],
                [
                    0.0,
                    0.0,
                    0.0
                ],
                [
                    0.0,
                    0.0,
                    0.0
                ]
            ],
            "isKeyframe": true,
            "area": 80247.9207996279
        }
    ],
    "isKeyframe": false
}