{
    "filename": "images/demo_H2FNV1/000228.jpg",
    "height": 1080,
    "width": 1920,
    "annots": [
        {
            "bbox": [
                842.3120727539062,
                440.6970520019531,
                1079.764892578125,
                858.7421264648438,
                1.0,
                1.0,
                0.0
            ],
            "personID": 0,
            "keypoints": [
                [
                    877.2117309570312,
                    524.5238037109375,
                    0.9616245031356812
                ],
                [
                    931.6446838378906,
                    508.19390869140625,
                    0.6816579103469849
                ],
                [
                    949.063232421875,
                    500.57330322265625,
                    0.6816579103469849
                ],
                [
                    959.9497680664062,
                    602.9072875976562,
                    0.6931859254837036
                ],
                [
                    903.3395385742188,
                    637.744384765625,
                    0.7760689854621887
                ],
                [
                    914.2261352539062,
                    515.8145141601562,
                    0.880246639251709
                ],
                [
                    933.8219604492188,
                    585.4887084960938,
                    0.8868807554244995
                ],
                [
                    903.3395385742188,
                    661.69482421875,
                    0.7891767621040344
                ],
                [
                    1044.8651733398438,
                    607.2619018554688,
                    0.6105232834815979
                ],
                [
                    1064.4610595703125,
                    605.0845947265625,
                    0.6105232834815979
                ],
                [
                    990.4322509765625,
                    698.7092895507812,
                    0.7827930450439453
                ],
                [
                    1038.333251953125,
                    805.3978271484375,
                    0.825520396232605
                ],
                [
                    1025.269287109375,
                    609.439208984375,
                    0.6330128312110901
                ],
                [
                    949.063232421875,
                    700.8865966796875,
                    0.8954201340675354
                ],
                [
                    999.1415405273438,
                    820.6390991210938,
                    0.8438722491264343
                ],
                [
                    0.0,
                    0.0,
                    0.0
                ],
                [
                    0.0,
                    0.0,
                    0.0
                ],
                [
                    0.0,
                    0.0,
                    0.0
                ],
                [
                    0.0,
                    0.0,
                    0.0
                ],
                [
                    0.0,
                    0.0,
                    0.0
                ],
                [
                    0.0,
                    0.0,
                    0.0
                ],
                [
                    0.0,
                    0.0,
                    0.0
                ],
                [
                    0.0,
                    0.0,
                    0.0
                ],
                [
                    0.0,
                    0.0,
                    0.0
                ],
                [
                    0.0,
                    0.0,
                    0.0
                ]
            ],
            "isKeyframe": true,
            "area": 174761.68428268377
        },
        {
            "bbox": [
                57.02800750732422,
                439.61981201171875,
                224.39768981933594,
                703.0244750976562,
                1.0,
                1.0,
                0.0
            ],
            "personID": 1,
            "keypoints": [
                [
                    186.67147827148438,
                    489.69415283203125,
                    0.7605578303337097
                ],
                [
                    164.0351448059082,
                    490.3800964355469,
                    0.7516562938690186
                ],
                [
                    127.67981719970703,
                    485.5784606933594,
                    0.7516562938690186
                ],
                [
                    72.8038558959961,
                    519.8759155273438,
                    0.8588557243347168
                ],
                [
                    71.43195343017578,
                    578.8676147460938,
                    0.8405923843383789
                ],
                [
                    200.39047241210938,
                    495.1817321777344,
                    0.8133187294006348
                ],
                [
                    208.62185668945312,
                    541.8262939453125,
                    0.8852737545967102
                ],
                [
                    211.36566162109375,
                    573.3800048828125,
                    0.8617309331893921
                ],
                [
                    129.73766326904297,
                    551.4296264648438,
                    0.7515131235122681
                ],
                [
                    105.72943115234375,
                    551.4296264648438,
                    0.7515131235122681
                ],
                [
                    131.79551696777344,
                    606.3055419921875,
                    0.8187345266342163
                ],
                [
                    111.21703338623047,
                    673.5286254882812,
                    0.7206214666366577
                ],
                [
                    153.7458953857422,
                    551.4296264648438,
                    0.8445562720298767
                ],
                [
                    174.3243865966797,
                    607.677490234375,
                    0.8201035261154175
                ],
                [
                    163.3491973876953,
                    670.7848510742188,
                    0.7802911996841431
                ],
                [
                    0.0,
                    0.0,
                    0.0
                ],
                [
                    0.0,
                    0.0,
                    0.0
                ],
                [
                    0.0,
                    0.0,
                    0.0
                ],
                [
                    0.0,
                    0.0,
                    0.0
                ],
                [
                    0.0,
                    0.0,
                    0.0
                ],
                [
                    0.0,
                    0.0,
                    0.0
                ],
                [
                    0.0,
                    0.0,
                    0.0
                ],
                [
                    0.0,
                    0.0,
                    0.0
                ],
                [
                    0.0,
                    0.0,
                    0.0
                ],
                [
                    0.0,
                    0.0,
                    0.0
                ]
            ],
            "isKeyframe": true,
            "area": 69382.01653541625
        }
    ],
    "isKeyframe": false
}