{
    "filename": "images/demo_H2FNV1/000237.jpg",
    "height": 1080,
    "width": 1920,
    "annots": [
        {
            "bbox": [
                862.7412109375,
                422.3424987792969,
                1085.1192626953125,
                864.0453491210938,
                1.0,
                1.0,
                0.0
            ],
            "personID": 0,
            "keypoints": [
                [
                    885.359619140625,
                    506.3120422363281,
                    0.9444783329963684
                ],
                [
                    942.8730163574219,
                    500.5607147216797,
                    0.7493913173675537
                ],
                [
                    961.2772827148438,
                    492.50885009765625,
                    0.7493913173675537
                ],
                [
                    975.0805053710938,
                    593.732421875,
                    0.7450665235519409
                ],
                [
                    935.9713745117188,
                    646.6447143554688,
                    0.9713594317436218
                ],
                [
                    924.46875,
                    508.6125793457031,
                    0.8391664028167725
                ],
                [
                    947.4740600585938,
                    586.830810546875,
                    0.9559710025787354
                ],
                [
                    942.8729858398438,
                    665.0490112304688,
                    0.7953374981880188
                ],
                [
                    1045.246826171875,
                    613.2869262695312,
                    0.6378241181373596
                ],
                [
                    1067.1019287109375,
                    609.8361206054688,
                    0.6378241181373596
                ],
                [
                    998.0858764648438,
                    708.7591552734375,
                    0.8220392465591431
                ],
                [
                    1041.7960205078125,
                    809.9827270507812,
                    0.8628333806991577
                ],
                [
                    1023.3917236328125,
                    616.7377319335938,
                    0.6734278202056885
                ],
                [
                    956.6762084960938,
                    715.6607666015625,
                    0.9099288582801819
                ],
                [
                    1002.6869506835938,
                    823.7859497070312,
                    0.8167605400085449
                ],
                [
                    0.0,
                    0.0,
                    0.0
                ],
                [
                    0.0,
                    0.0,
                    0.0
                ],
                [
                    0.0,
                    0.0,
                    0.0
                ],
                [
                    0.0,
                    0.0,
                    0.0
                ],
                [
                    0.0,
                    0.0,
                    0.0
                ],
                [
                    0.0,
                    0.0,
                    0.0
                ],
                [
                    0.0,
                    0.0,
                    0.0
                ],
                [
                    0.0,
                    0.0,
                    0.0
                ],
                [
                    0.0,
                    0.0,
                    0.0
                ],
                [
                    0.0,
                    0.0,
                    0.0
                ]
            ],
            "isKeyframe": true,
            "area": 195101.4080000678
        },
        {
            "bbox": [
                46.93058395385742,
                424.8099670410156,
                213.8858642578125,
                705.5466918945312,
                1.0,
                1.0,
                0.0
            ],
            "personID": 1,
            "keypoints": [
                [
                    170.61790466308594,
                    478.17919921875,
                    0.8981919288635254
                ],
                [
                    153.07185745239258,
                    483.2967987060547,
                    0.806615948677063
                ],
                [
                    115.05542755126953,
                    478.17919921875,
                    0.806615948677063
                ],
                [
                    72.65248107910156,
                    524.9686279296875,
                    0.9019815325737
                ],
                [
                    60.95512008666992,
                    583.4555053710938,
                    0.8854668140411377
                ],
                [
                    191.08828735351562,
                    488.4143981933594,
                    0.8435820937156677
                ],
                [
                    196.93698120117188,
                    536.666015625,
                    0.9313409328460693
                ],
                [
                    207.1721649169922,
                    579.0689697265625,
                    0.8930942416191101
                ],
                [
                    126.02170944213867,
                    554.2120666503906,
                    0.784480631351471
                ],
                [
                    101.8958969116211,
                    552.7498779296875,
                    0.784480631351471
                ],
                [
                    126.75279235839844,
                    609.7745361328125,
                    0.8637996912002563
                ],
                [
                    110.66891479492188,
                    677.0343627929688,
                    0.7435663342475891
                ],
                [
                    150.14752197265625,
                    555.6742553710938,
                    0.7998811602592468
                ],
                [
                    172.080078125,
                    612.6989135742188,
                    0.8466065526008606
                ],
                [
                    158.92054748535156,
                    674.1100463867188,
                    0.7840024828910828
                ],
                [
                    0.0,
                    0.0,
                    0.0
                ],
                [
                    0.0,
                    0.0,
                    0.0
                ],
                [
                    0.0,
                    0.0,
                    0.0
                ],
                [
                    0.0,
                    0.0,
                    0.0
                ],
                [
                    0.0,
                    0.0,
                    0.0
                ],
                [
                    0.0,
                    0.0,
                    0.0
                ],
                [
                    0.0,
                    0.0,
                    0.0
                ],
                [
                    0.0,
                    0.0,
                    0.0
                ],
                [
                    0.0,
                    0.0,
                    0.0
                ],
                [
                    0.0,
                    0.0,
                    0.0
                ]
            ],
            "isKeyframe": true,
            "area": 78813.10868147854
        }
    ],
    "isKeyframe": false
}