{
    "filename": "images/demo_H2FNV1/000236.jpg",
    "height": 1080,
    "width": 1920,
    "annots": [
        {
            "bbox": [
                863.12548828125,
                422.3908386230469,
                1085.118896484375,
                864.1199340820312,
                1.0,
                1.0,
                0.0
            ],
            "personID": 0,
            "keypoints": [
                [
                    883.24560546875,
                    506.3653564453125,
                    0.9457555413246155
                ],
                [
                    943.0631103515625,
                    500.6136932373047,
                    0.7569575905799866
                ],
                [
                    961.468505859375,
                    492.56134033203125,
                    0.7569575905799866
                ],
                [
                    975.2725219726562,
                    593.7908935546875,
                    0.7482873797416687
                ],
                [
                    936.1610717773438,
                    646.7063598632812,
                    0.970842719078064
                ],
                [
                    924.65771484375,
                    508.6660461425781,
                    0.8450373411178589
                ],
                [
                    947.6644287109375,
                    589.1895751953125,
                    0.9559762477874756
                ],
                [
                    943.0631103515625,
                    665.1117553710938,
                    0.7838456034660339
                ],
                [
                    1043.1423950195312,
                    613.3466491699219,
                    0.6396893858909607
                ],
                [
                    1062.6981201171875,
                    609.8956298828125,
                    0.6396893858909607
                ],
                [
                    998.2792358398438,
                    708.8245239257812,
                    0.8260459303855896
                ],
                [
                    1041.9920654296875,
                    810.0541381835938,
                    0.8623515367507935
                ],
                [
                    1023.586669921875,
                    616.7976684570312,
                    0.6728998422622681
                ],
                [
                    956.8671264648438,
                    715.7265625,
                    0.9064268469810486
                ],
                [
                    1002.880615234375,
                    823.858154296875,
                    0.8169897794723511
                ],
                [
                    0.0,
                    0.0,
                    0.0
                ],
                [
                    0.0,
                    0.0,
                    0.0
                ],
                [
                    0.0,
                    0.0,
                    0.0
                ],
                [
                    0.0,
                    0.0,
                    0.0
                ],
                [
                    0.0,
                    0.0,
                    0.0
                ],
                [
                    0.0,
                    0.0,
                    0.0
                ],
                [
                    0.0,
                    0.0,
                    0.0
                ],
                [
                    0.0,
                    0.0,
                    0.0
                ],
                [
                    0.0,
                    0.0,
                    0.0
                ],
                [
                    0.0,
                    0.0,
                    0.0
                ]
            ],
            "isKeyframe": true,
            "area": 195124.59377501253
        },
        {
            "bbox": [
                47.380531311035156,
                424.9385986328125,
                213.84886169433594,
                705.1063232421875,
                1.0,
                1.0,
                0.0
            ],
            "personID": 1,
            "keypoints": [
                [
                    170.7428741455078,
                    478.19964599609375,
                    0.8978852033615112
                ],
                [
                    153.23239135742188,
                    483.30686950683594,
                    0.8094140887260437
                ],
                [
                    115.29301452636719,
                    478.19964599609375,
                    0.8094140887260437
                ],
                [
                    72.97601318359375,
                    524.894287109375,
                    0.8986640572547913
                ],
                [
                    61.3023567199707,
                    583.2625732421875,
                    0.8825812935829163
                ],
                [
                    191.17176818847656,
                    488.4140930175781,
                    0.8440120220184326
                ],
                [
                    197.00860595703125,
                    538.0271606445312,
                    0.9294115304946899
                ],
                [
                    207.22305297851562,
                    578.8849487304688,
                    0.8894872665405273
                ],
                [
                    126.23706436157227,
                    553.3487854003906,
                    0.7859433889389038
                ],
                [
                    102.16014862060547,
                    551.1599731445312,
                    0.7859433889389038
                ],
                [
                    126.96666717529297,
                    609.5282592773438,
                    0.8647211790084839
                ],
                [
                    109.45618438720703,
                    676.6517944335938,
                    0.7572721242904663
                ],
                [
                    150.31398010253906,
                    555.53759765625,
                    0.7961758375167847
                ],
                [
                    172.20208740234375,
                    612.4466552734375,
                    0.8529714345932007
                ],
                [
                    159.0692138671875,
                    673.7333984375,
                    0.7833106517791748
                ],
                [
                    0.0,
                    0.0,
                    0.0
                ],
                [
                    0.0,
                    0.0,
                    0.0
                ],
                [
                    0.0,
                    0.0,
                    0.0
                ],
                [
                    0.0,
                    0.0,
                    0.0
                ],
                [
                    0.0,
                    0.0,
                    0.0
                ],
                [
                    0.0,
                    0.0,
                    0.0
                ],
                [
                    0.0,
                    0.0,
                    0.0
                ],
                [
                    0.0,
                    0.0,
                    0.0
                ],
                [
                    0.0,
                    0.0,
                    0.0
                ],
                [
                    0.0,
                    0.0,
                    0.0
                ]
            ],
            "isKeyframe": true,
            "area": 78493.95391279459
        }
    ],
    "isKeyframe": false
}