{
    "filename": "images/demo_H2FNV1/000232.jpg",
    "height": 1080,
    "width": 1920,
    "annots": [
        {
            "bbox": [
                847.3658447265625,
                431.1880798339844,
                1083.774658203125,
                863.4445190429688,
                1.0,
                1.0,
                0.0
            ],
            "personID": 0,
            "keypoints": [
                [
                    878.8938598632812,
                    520.1158447265625,
                    0.9761297702789307
                ],
                [
                    936.3028869628906,
                    508.85914611816406,
                    0.6826877593994141
                ],
                [
                    950.9365844726562,
                    502.1051330566406,
                    0.6826877593994141
                ],
                [
                    959.94189453125,
                    612.4205932617188,
                    0.8162772059440613
                ],
                [
                    921.669189453125,
                    643.9392700195312,
                    0.7672223448753357
                ],
                [
                    921.669189453125,
                    515.6131591796875,
                    0.8601337671279907
                ],
                [
                    939.6798706054688,
                    594.409912109375,
                    0.8970932960510254
                ],
                [
                    921.669189453125,
                    670.955322265625,
                    0.8243900537490845
                ],
                [
                    1045.4926147460938,
                    612.4205627441406,
                    0.6135923266410828
                ],
                [
                    1061.251953125,
                    605.6665649414062,
                    0.6279803514480591
                ],
                [
                    993.7119140625,
                    711.4793701171875,
                    0.8559519648551941
                ],
                [
                    1040.989990234375,
                    810.5380859375,
                    0.8362443447113037
                ],
                [
                    1029.7332763671875,
                    619.174560546875,
                    0.6135923266410828
                ],
                [
                    948.6852416992188,
                    711.4793701171875,
                    0.8811012506484985
                ],
                [
                    1002.71728515625,
                    826.2974853515625,
                    0.8160339593887329
                ],
                [
                    0.0,
                    0.0,
                    0.0
                ],
                [
                    0.0,
                    0.0,
                    0.0
                ],
                [
                    0.0,
                    0.0,
                    0.0
                ],
                [
                    0.0,
                    0.0,
                    0.0
                ],
                [
                    0.0,
                    0.0,
                    0.0
                ],
                [
                    0.0,
                    0.0,
                    0.0
                ],
                [
                    0.0,
                    0.0,
                    0.0
                ],
                [
                    0.0,
                    0.0,
                    0.0
                ],
                [
                    0.0,
                    0.0,
                    0.0
                ],
                [
                    0.0,
                    0.0,
                    0.0
                ]
            ],
            "isKeyframe": true,
            "area": 186845.6292376304
        },
        {
            "bbox": [
                54.02421188354492,
                438.0713195800781,
                219.63504028320312,
                707.2425537109375,
                1.0,
                1.0,
                0.0
            ],
            "personID": 1,
            "keypoints": [
                [
                    185.19631958007812,
                    485.03607177734375,
                    0.8141134977340698
                ],
                [
                    159.26055526733398,
                    489.24188232421875,
                    0.7745940089225769
                ],
                [
                    123.5112533569336,
                    483.6341552734375,
                    0.7745940089225769
                ],
                [
                    74.4435806274414,
                    524.2902221679688,
                    0.8347705602645874
                ],
                [
                    66.031982421875,
                    584.5733642578125,
                    0.8610833287239075
                ],
                [
                    195.00985717773438,
                    494.849609375,
                    0.8285643458366394
                ],
                [
                    202.01953125,
                    543.9172973632812,
                    0.9066278338432312
                ],
                [
                    211.8330535888672,
                    580.3675537109375,
                    0.8887152075767517
                ],
                [
                    127.71705627441406,
                    555.1327514648438,
                    0.762247622013092
                ],
                [
                    105.28611755371094,
                    553.7308349609375,
                    0.762247622013092
                ],
                [
                    131.9228515625,
                    609.8081665039062,
                    0.8358932733535767
                ],
                [
                    110.89385223388672,
                    678.5028686523438,
                    0.7349928021430969
                ],
                [
                    150.1479949951172,
                    556.53466796875,
                    0.8395400643348694
                ],
                [
                    175.38279724121094,
                    614.0139770507812,
                    0.8699235916137695
                ],
                [
                    161.3634490966797,
                    672.8951416015625,
                    0.8165051341056824
                ],
                [
                    0.0,
                    0.0,
                    0.0
                ],
                [
                    0.0,
                    0.0,
                    0.0
                ],
                [
                    0.0,
                    0.0,
                    0.0
                ],
                [
                    0.0,
                    0.0,
                    0.0
                ],
                [
                    0.0,
                    0.0,
                    0.0
                ],
                [
                    0.0,
                    0.0,
                    0.0
                ],
                [
                    0.0,
                    0.0,
                    0.0
                ],
                [
                    0.0,
                    0.0,
                    0.0
                ],
                [
                    0.0,
                    0.0,
                    0.0
                ],
                [
                    0.0,
                    0.0,
                    0.0
                ]
            ],
            "isKeyframe": true,
            "area": 72453.15328352991
        }
    ],
    "isKeyframe": false
}