{
    "filename": "images/demo_H2FNV1/000225.jpg",
    "height": 1080,
    "width": 1920,
    "annots": [
        {
            "bbox": [
                822.33251953125,
                438.94659423828125,
                1076.013671875,
                860.137451171875,
                1.0,
                1.0,
                0.0
            ],
            "personID": 0,
            "keypoints": [
                [
                    871.296630859375,
                    523.4041137695312,
                    0.952060878276825
                ],
                [
                    920.6549682617188,
                    503.66075134277344,
                    0.7534262537956238
                ],
                [
                    939.3014526367188,
                    494.8859558105469,
                    0.7534262537956238
                ],
                [
                    961.2384643554688,
                    604.5711059570312,
                    0.8118128180503845
                ],
                [
                    902.0084838867188,
                    626.5081176757812,
                    0.8722177147865295
                ],
                [
                    902.0084838867188,
                    512.435546875,
                    0.8463501334190369
                ],
                [
                    923.9454956054688,
                    571.66552734375,
                    0.930396318435669
                ],
                [
                    902.0084838867188,
                    637.4766235351562,
                    0.8596281409263611
                ],
                [
                    1036.9212036132812,
                    594.6994323730469,
                    0.5428455471992493
                ],
                [
                    1057.7613525390625,
                    591.4088745117188,
                    0.5428455471992493
                ],
                [
                    994.1439819335938,
                    707.6751098632812,
                    0.7658220529556274
                ],
                [
                    1040.2117919921875,
                    806.3917236328125,
                    0.7873928546905518
                ],
                [
                    1016.0810546875,
                    597.989990234375,
                    0.6541451215744019
                ],
                [
                    952.463623046875,
                    705.4813842773438,
                    0.9114983677864075
                ],
                [
                    1000.72509765625,
                    823.9413452148438,
                    0.8366857767105103
                ],
                [
                    0.0,
                    0.0,
                    0.0
                ],
                [
                    0.0,
                    0.0,
                    0.0
                ],
                [
                    0.0,
                    0.0,
                    0.0
                ],
                [
                    0.0,
                    0.0,
                    0.0
                ],
                [
                    0.0,
                    0.0,
                    0.0
                ],
                [
                    0.0,
                    0.0,
                    0.0
                ],
                [
                    0.0,
                    0.0,
                    0.0
                ],
                [
                    0.0,
                    0.0,
                    0.0
                ],
                [
                    0.0,
                    0.0,
                    0.0
                ],
                [
                    0.0,
                    0.0,
                    0.0
                ]
            ],
            "isKeyframe": true,
            "area": 177401.73796445504
        },
        {
            "bbox": [
                57.25305938720703,
                448.46673583984375,
                229.43716430664062,
                704.4772338867188,
                1.0,
                1.0,
                0.0
            ],
            "personID": 1,
            "keypoints": [
                [
                    186.68023681640625,
                    493.1352233886719,
                    0.8607650995254517
                ],
                [
                    167.34610748291016,
                    489.80177307128906,
                    0.6915467381477356
                ],
                [
                    130.6779327392578,
                    485.1349182128906,
                    0.6915467381477356
                ],
                [
                    70.67547607421875,
                    517.13623046875,
                    0.8613417744636536
                ],
                [
                    78.6758041381836,
                    573.1384887695312,
                    0.8788155317306519
                ],
                [
                    204.0142822265625,
                    494.4686279296875,
                    0.7951062321662903
                ],
                [
                    212.0146026611328,
                    538.4703979492188,
                    0.9144253134727478
                ],
                [
                    210.68121337890625,
                    570.4717407226562,
                    0.8931728601455688
                ],
                [
                    130.01124572753906,
                    550.4709167480469,
                    0.7234250903129578
                ],
                [
                    105.34356689453125,
                    547.8041381835938,
                    0.7234250903129578
                ],
                [
                    132.01132202148438,
                    607.8065795898438,
                    0.8268091082572937
                ],
                [
                    113.3438949584961,
                    679.8095703125,
                    0.7176132202148438
                ],
                [
                    154.67892456054688,
                    553.1376953125,
                    0.7930005192756653
                ],
                [
                    170.67958068847656,
                    606.4732055664062,
                    0.781801164150238
                ],
                [
                    164.01263427734375,
                    671.8092041015625,
                    0.7752253413200378
                ],
                [
                    0.0,
                    0.0,
                    0.0
                ],
                [
                    0.0,
                    0.0,
                    0.0
                ],
                [
                    0.0,
                    0.0,
                    0.0
                ],
                [
                    0.0,
                    0.0,
                    0.0
                ],
                [
                    0.0,
                    0.0,
                    0.0
                ],
                [
                    0.0,
                    0.0,
                    0.0
                ],
                [
                    0.0,
                    0.0,
                    0.0
                ],
                [
                    0.0,
                    0.0,
                    0.0
                ],
                [
                    0.0,
                    0.0,
                    0.0
                ],
                [
                    0.0,
                    0.0,
                    0.0
                ]
            ],
            "isKeyframe": true,
            "area": 65541.37511020899
        }
    ],
    "isKeyframe": false
}