{
    "filename": "images/demo_H2FNV1/000200.jpg",
    "height": 1080,
    "width": 1920,
    "annots": [
        {
            "bbox": [
                836.337890625,
                331.5628356933594,
                1096.7833251953125,
                559.0610961914062,
                1.0,
                1.0,
                0.0
            ],
            "personID": 0,
            "keypoints": [
                [
                    888.603759765625,
                    553.492919921875,
                    0.9412034153938293
                ],
                [
                    885.1765441894531,
                    496.3719177246094,
                    0.39069464802742004
                ],
                [
                    897.7431640625,
                    503.2264404296875,
                    0.39069464802742004
                ],
                [
                    989.13671875,
                    510.0809631347656,
                    0.34459206461906433
                ],
                [
                    989.13671875,
                    519.2203369140625,
                    0.5077853798866272
                ],
                [
                    872.6099243164062,
                    489.51739501953125,
                    0.6966080069541931
                ],
                [
                    893.1734619140625,
                    466.66900634765625,
                    0.8193778395652771
                ],
                [
                    954.8641357421875,
                    516.9354858398438,
                    0.7496321797370911
                ],
                [
                    977.7125549316406,
                    366.1360321044922,
                    0.6178922057151794
                ],
                [
                    998.276123046875,
                    356.9966735839844,
                    0.6435721516609192
                ],
                [
                    1021.12451171875,
                    484.9477233886719,
                    0.4454750716686249
                ],
                [
                    1098.80908203125,
                    491.80224609375,
                    0.28754156827926636
                ],
                [
                    957.1489868164062,
                    375.275390625,
                    0.6178922057151794
                ],
                [
                    975.4276733398438,
                    505.51129150390625,
                    0.6477093696594238
                ],
                [
                    1087.3848876953125,
                    496.3719177246094,
                    0.3837798833847046
                ],
                [
                    881.749267578125,
                    558.0626220703125,
                    0.0
                ],
                [
                    877.1795654296875,
                    555.7777709960938,
                    0.0
                ],
                [
                    861.1857299804688,
                    526.0748291015625,
                    0.0
                ],
                [
                    863.4705200195312,
                    528.3596801757812,
                    0.0
                ],
                [
                    0.0,
                    0.0,
                    0.0
                ],
                [
                    0.0,
                    0.0,
                    0.0
                ],
                [
                    0.0,
                    0.0,
                    0.0
                ],
                [
                    0.0,
                    0.0,
                    0.0
                ],
                [
                    0.0,
                    0.0,
                    0.0
                ],
                [
                    0.0,
                    0.0,
                    0.0
                ]
            ],
            "isKeyframe": true,
            "area": 67831.82438851893
        },
        {
            "bbox": [
                52.83831024169922,
                354.66180419921875,
                229.40208435058594,
                530.9558715820312,
                1.0,
                1.0,
                0.0
            ],
            "personID": 1,
            "keypoints": [
                [
                    182.83767700195312,
                    505.7427673339844,
                    0.7702394723892212
                ],
                [
                    177.99234008789062,
                    462.8268737792969,
                    0.620654821395874
                ],
                [
                    144.074951171875,
                    468.3644104003906,
                    0.620654821395874
                ],
                [
                    94.23714447021484,
                    450.367431640625,
                    0.6456254124641418
                ],
                [
                    77.62454223632812,
                    466.98004150390625,
                    0.2779087424278259
                ],
                [
                    211.90972900390625,
                    457.2893371582031,
                    0.7620611786842346
                ],
                [
                    186.99082946777344,
                    418.526611328125,
                    0.20753887295722961
                ],
                [
                    117.77165985107422,
                    473.9019470214844,
                    0.1346866637468338
                ],
                [
                    130.23110961914062,
                    386.685791015625,
                    0.32369548082351685
                ],
                [
                    103.92782592773438,
                    386.685791015625,
                    0.5512450933456421
                ],
                [
                    95.62152862548828,
                    478.0550842285156,
                    0.09016460180282593
                ],
                [
                    72.0870132446289,
                    469.748779296875,
                    0.05863604694604874
                ],
                [
                    156.53439331054688,
                    386.685791015625,
                    0.32369548082351685
                ],
                [
                    131.61549377441406,
                    473.9019470214844,
                    0.019239483401179314
                ],
                [
                    109.46536254882812,
                    473.9019470214844,
                    0.03672865778207779
                ],
                [
                    46.475921630859375,
                    322.3119812011719,
                    0.0
                ],
                [
                    46.475921630859375,
                    322.3119812011719,
                    0.0
                ],
                [
                    46.475921630859375,
                    322.3119812011719,
                    0.0
                ],
                [
                    46.475921630859375,
                    322.3119812011719,
                    0.0
                ],
                [
                    0.0,
                    0.0,
                    0.0
                ],
                [
                    0.0,
                    0.0,
                    0.0
                ],
                [
                    0.0,
                    0.0,
                    0.0
                ],
                [
                    0.0,
                    0.0,
                    0.0
                ],
                [
                    0.0,
                    0.0,
                    0.0
                ],
                [
                    0.0,
                    0.0,
                    0.0
                ]
            ],
            "isKeyframe": true,
            "area": 31174.766327573976
        }
    ],
    "isKeyframe": false
}