{
    "filename": "images/demo_H2FNV1/000258.jpg",
    "height": 1080,
    "width": 1920,
    "annots": [
        {
            "bbox": [
                868.4312133789062,
                342.079345703125,
                1077.5833740234375,
                863.4303588867188,
                1.0,
                1.0,
                0.0
            ],
            "personID": 0,
            "keypoints": [
                [
                    887.47314453125,
                    419.4674072265625,
                    0.957010805606842
                ],
                [
                    955.3573913574219,
                    422.1827697753906,
                    0.7559764981269836
                ],
                [
                    966.2188720703125,
                    419.4674072265625,
                    0.7559764981269836
                ],
                [
                    998.8033447265625,
                    495.4977722167969,
                    0.5335996747016907
                ],
                [
                    1001.5187377929688,
                    571.5281372070312,
                    0.5155162811279297
                ],
                [
                    944.4959106445312,
                    424.89813232421875,
                    0.8997974395751953
                ],
                [
                    987.9418334960938,
                    490.0670166015625,
                    0.9389155507087708
                ],
                [
                    1006.949462890625,
                    574.2434692382812,
                    0.8483229279518127
                ],
                [
                    1043.6069946289062,
                    555.2359008789062,
                    0.7539858818054199
                ],
                [
                    1055.826171875,
                    549.80517578125,
                    0.7539858818054199
                ],
                [
                    1036.8184814453125,
                    691.00439453125,
                    0.8441539406776428
                ],
                [
                    1047.6800537109375,
                    807.7653198242188,
                    0.84926837682724
                ],
                [
                    1031.3878173828125,
                    560.6666259765625,
                    0.7823929786682129
                ],
                [
                    993.3726196289062,
                    688.2890625,
                    0.9124941825866699
                ],
                [
                    1009.664794921875,
                    818.6268310546875,
                    0.8566800355911255
                ],
                [
                    0.0,
                    0.0,
                    0.0
                ],
                [
                    0.0,
                    0.0,
                    0.0
                ],
                [
                    0.0,
                    0.0,
                    0.0
                ],
                [
                    0.0,
                    0.0,
                    0.0
                ],
                [
                    0.0,
                    0.0,
                    0.0
                ],
                [
                    0.0,
                    0.0,
                    0.0
                ],
                [
                    0.0,
                    0.0,
                    0.0
                ],
                [
                    0.0,
                    0.0,
                    0.0
                ],
                [
                    0.0,
                    0.0,
                    0.0
                ],
                [
                    0.0,
                    0.0,
                    0.0
                ]
            ],
            "isKeyframe": true,
            "area": 271806.87894755974
        },
        {
            "bbox": [
                45.543312072753906,
                368.4510192871094,
                198.96749877929688,
                712.3587646484375,
                1.0,
                1.0,
                0.0
            ],
            "personID": 1,
            "keypoints": [
                [
                    142.8540496826172,
                    414.12628173828125,
                    0.949545681476593
                ],
                [
                    132.10693359375,
                    428.4557800292969,
                    0.8438719511032104
                ],
                [
                    90.90965270996094,
                    424.8734130859375,
                    0.8438719511032104
                ],
                [
                    64.04186248779297,
                    466.0706787109375,
                    0.8950070142745972
                ],
                [
                    60.45949172973633,
                    516.223876953125,
                    0.8692532777786255
                ],
                [
                    173.30421447753906,
                    432.03814697265625,
                    0.8637797832489014
                ],
                [
                    187.63369750976562,
                    485.77374267578125,
                    0.9069227576255798
                ],
                [
                    187.63369750976562,
                    532.3445434570312,
                    0.8950093388557434
                ],
                [
                    116.88185119628906,
                    522.4930419921875,
                    0.8258877396583557
                ],
                [
                    90.90965270996094,
                    519.8062744140625,
                    0.8314926624298096
                ],
                [
                    94.49202728271484,
                    596.8272705078125,
                    0.8891140818595886
                ],
                [
                    96.28321075439453,
                    673.8482666015625,
                    0.7496109008789062
                ],
                [
                    142.8540496826172,
                    525.1798095703125,
                    0.8258877396583557
                ],
                [
                    153.60116577148438,
                    596.8272705078125,
                    0.8788407444953918
                ],
                [
                    157.18353271484375,
                    666.6835327148438,
                    0.7958770394325256
                ],
                [
                    0.0,
                    0.0,
                    0.0
                ],
                [
                    0.0,
                    0.0,
                    0.0
                ],
                [
                    0.0,
                    0.0,
                    0.0
                ],
                [
                    0.0,
                    0.0,
                    0.0
                ],
                [
                    0.0,
                    0.0,
                    0.0
                ],
                [
                    0.0,
                    0.0,
                    0.0
                ],
                [
                    0.0,
                    0.0,
                    0.0
                ],
                [
                    0.0,
                    0.0,
                    0.0
                ],
                [
                    0.0,
                    0.0,
                    0.0
                ],
                [
                    0.0,
                    0.0,
                    0.0
                ]
            ],
            "isKeyframe": true,
            "area": 118272.5373195121
        }
    ],
    "isKeyframe": false
}