{
    "filename": "images/demo_H2FNV1/000256.jpg",
    "height": 1080,
    "width": 1920,
    "annots": [
        {
            "bbox": [
                862.88916015625,
                339.29766845703125,
                1076.9002685546875,
                866.2817993164062,
                1.0,
                1.0,
                0.0
            ],
            "personID": 0,
            "keypoints": [
                [
                    888.92578125,
                    428.5007019042969,
                    0.9479701519012451
                ],
                [
                    953.4264526367188,
                    429.87306213378906,
                    0.7583643794059753
                ],
                [
                    963.032958984375,
                    423.01129150390625,
                    0.7583643794059753
                ],
                [
                    993.2247314453125,
                    516.3314208984375,
                    0.544029951095581
                ],
                [
                    998.7141723632812,
                    573.9702758789062,
                    0.5638306736946106
                ],
                [
                    943.8199462890625,
                    436.7348327636719,
                    0.879702091217041
                ],
                [
                    984.9906005859375,
                    499.8631591796875,
                    0.925213098526001
                ],
                [
                    1001.4588623046875,
                    576.7150268554688,
                    0.8673079013824463
                ],
                [
                    1046.74658203125,
                    561.6190795898438,
                    0.7402392029762268
                ],
                [
                    1061.842529296875,
                    557.5020141601562,
                    0.7596389055252075
                ],
                [
                    1031.650634765625,
                    689.248046875,
                    0.8578233122825623
                ],
                [
                    1045.374267578125,
                    804.5258178710938,
                    0.8316227197647095
                ],
                [
                    1031.650634765625,
                    565.7361450195312,
                    0.7402392029762268
                ],
                [
                    990.4800415039062,
                    689.248046875,
                    0.9143760800361633
                ],
                [
                    1006.9483032226562,
                    818.2493896484375,
                    0.8327255845069885
                ],
                [
                    0.0,
                    0.0,
                    0.0
                ],
                [
                    0.0,
                    0.0,
                    0.0
                ],
                [
                    0.0,
                    0.0,
                    0.0
                ],
                [
                    0.0,
                    0.0,
                    0.0
                ],
                [
                    0.0,
                    0.0,
                    0.0
                ],
                [
                    0.0,
                    0.0,
                    0.0
                ],
                [
                    0.0,
                    0.0,
                    0.0
                ],
                [
                    0.0,
                    0.0,
                    0.0
                ],
                [
                    0.0,
                    0.0,
                    0.0
                ],
                [
                    0.0,
                    0.0,
                    0.0
                ]
            ],
            "isKeyframe": true,
            "area": 277712.2741776109
        },
        {
            "bbox": [
                48.59871292114258,
                372.83233642578125,
                199.85690307617188,
                711.3248901367188,
                1.0,
                1.0,
                0.0
            ],
            "personID": 1,
            "keypoints": [
                [
                    146.2650909423828,
                    421.3143615722656,
                    0.9512456655502319
                ],
                [
                    133.92421340942383,
                    432.7737274169922,
                    0.8608366250991821
                ],
                [
                    93.3756332397461,
                    428.36627197265625,
                    0.866539478302002
                ],
                [
                    65.16792297363281,
                    472.4408264160156,
                    0.8948569297790527
                ],
                [
                    59.87897491455078,
                    520.0413208007812,
                    0.8927444815635681
                ],
                [
                    174.47279357910156,
                    437.1811828613281,
                    0.8608366250991821
                ],
                [
                    188.57664489746094,
                    490.0706481933594,
                    0.9138426780700684
                ],
                [
                    188.57664489746094,
                    539.4341430664062,
                    0.8837293386459351
                ],
                [
                    117.17588424682617,
                    523.5672912597656,
                    0.8300745487213135
                ],
                [
                    91.6126480102539,
                    521.8043212890625,
                    0.8373310565948486
                ],
                [
                    96.90159606933594,
                    597.612548828125,
                    0.8737469911575317
                ],
                [
                    98.6645736694336,
                    680.4727172851562,
                    0.7038848400115967
                ],
                [
                    142.73912048339844,
                    525.3302612304688,
                    0.8300745487213135
                ],
                [
                    155.0800018310547,
                    595.8495483398438,
                    0.8926889300346375
                ],
                [
                    156.8429718017578,
                    666.3688354492188,
                    0.7897990942001343
                ],
                [
                    0.0,
                    0.0,
                    0.0
                ],
                [
                    0.0,
                    0.0,
                    0.0
                ],
                [
                    0.0,
                    0.0,
                    0.0
                ],
                [
                    0.0,
                    0.0,
                    0.0
                ],
                [
                    0.0,
                    0.0,
                    0.0
                ],
                [
                    0.0,
                    0.0,
                    0.0
                ],
                [
                    0.0,
                    0.0,
                    0.0
                ],
                [
                    0.0,
                    0.0,
                    0.0
                ],
                [
                    0.0,
                    0.0,
                    0.0
                ],
                [
                    0.0,
                    0.0,
                    0.0
                ]
            ],
            "isKeyframe": true,
            "area": 114577.20891775191
        }
    ],
    "isKeyframe": false
}