{
    "filename": "images/demo_H2FNV1/000238.jpg",
    "height": 1080,
    "width": 1920,
    "annots": [
        {
            "bbox": [
                863.6616821289062,
                416.9619445800781,
                1084.7130126953125,
                863.600830078125,
                1.0,
                1.0,
                0.0
            ],
            "personID": 0,
            "keypoints": [
                [
                    884.6270141601562,
                    501.869873046875,
                    0.9482160806655884
                ],
                [
                    942.7831115722656,
                    498.3804931640625,
                    0.7384984493255615
                ],
                [
                    961.39306640625,
                    487.9123840332031,
                    0.7384984493255615
                ],
                [
                    975.3505249023438,
                    601.8983764648438,
                    0.68751460313797
                ],
                [
                    938.130615234375,
                    648.4232177734375,
                    0.9346804022789001
                ],
                [
                    924.1731567382812,
                    508.8486022949219,
                    0.8414767384529114
                ],
                [
                    952.0880737304688,
                    585.6146240234375,
                    0.9122716784477234
                ],
                [
                    945.1093139648438,
                    660.054443359375,
                    0.8757279515266418
                ],
                [
                    1043.9747314453125,
                    611.2033081054688,
                    0.6416656374931335
                ],
                [
                    1063.747802734375,
                    608.8770751953125,
                    0.6416656374931335
                ],
                [
                    998.6129150390625,
                    706.579345703125,
                    0.7888790369033813
                ],
                [
                    1040.4853515625,
                    808.93408203125,
                    0.8663608431816101
                ],
                [
                    1024.20166015625,
                    613.529541015625,
                    0.6942471861839294
                ],
                [
                    956.7405395507812,
                    715.88427734375,
                    0.9480437636375427
                ],
                [
                    1003.2654418945312,
                    822.8915405273438,
                    0.8187986612319946
                ],
                [
                    0.0,
                    0.0,
                    0.0
                ],
                [
                    0.0,
                    0.0,
                    0.0
                ],
                [
                    0.0,
                    0.0,
                    0.0
                ],
                [
                    0.0,
                    0.0,
                    0.0
                ],
                [
                    0.0,
                    0.0,
                    0.0
                ],
                [
                    0.0,
                    0.0,
                    0.0
                ],
                [
                    0.0,
                    0.0,
                    0.0
                ],
                [
                    0.0,
                    0.0,
                    0.0
                ],
                [
                    0.0,
                    0.0,
                    0.0
                ],
                [
                    0.0,
                    0.0,
                    0.0
                ]
            ],
            "isKeyframe": true,
            "area": 199486.29403893743
        },
        {
            "bbox": [
                42.34697341918945,
                420.94708251953125,
                211.8201446533203,
                704.3428344726562,
                1.0,
                1.0,
                0.0
            ],
            "personID": 1,
            "keypoints": [
                [
                    170.62612915039062,
                    474.8218078613281,
                    0.9137361645698547
                ],
                [
                    151.43788146972656,
                    481.46388244628906,
                    0.8239201307296753
                ],
                [
                    113.06137084960938,
                    477.7738342285156,
                    0.8239201307296753
                ],
                [
                    71.73282623291016,
                    525.0064697265625,
                    0.8991985321044922
                ],
                [
                    61.40068817138672,
                    581.09521484375,
                    0.9049678444862366
                ],
                [
                    189.81439208984375,
                    485.1539306640625,
                    0.8536349534988403
                ],
                [
                    195.7184600830078,
                    535.338623046875,
                    0.9193754196166992
                ],
                [
                    206.05059814453125,
                    581.09521484375,
                    0.8775488138198853
                ],
                [
                    127.08355712890625,
                    550.8368225097656,
                    0.7923692464828491
                ],
                [
                    102.72923278808594,
                    548.622802734375,
                    0.7923692464828491
                ],
                [
                    126.34555053710938,
                    607.66357421875,
                    0.8803688287734985
                ],
                [
                    108.63331604003906,
                    675.5604248046875,
                    0.7258623838424683
                ],
                [
                    151.43788146972656,
                    553.0508422851562,
                    0.8578413128852844
                ],
                [
                    172.10215759277344,
                    612.0916137695312,
                    0.8604401350021362
                ],
                [
                    158.81797790527344,
                    671.1323852539062,
                    0.7973948121070862
                ],
                [
                    0.0,
                    0.0,
                    0.0
                ],
                [
                    0.0,
                    0.0,
                    0.0
                ],
                [
                    0.0,
                    0.0,
                    0.0
                ],
                [
                    0.0,
                    0.0,
                    0.0
                ],
                [
                    0.0,
                    0.0,
                    0.0
                ],
                [
                    0.0,
                    0.0,
                    0.0
                ],
                [
                    0.0,
                    0.0,
                    0.0
                ],
                [
                    0.0,
                    0.0,
                    0.0
                ],
                [
                    0.0,
                    0.0,
                    0.0
                ],
                [
                    0.0,
                    0.0,
                    0.0
                ]
            ],
            "isKeyframe": true,
            "area": 80313.15222507715
        }
    ],
    "isKeyframe": false
}