{
    "filename": "images/demo_H2FNV1/000257.jpg",
    "height": 1080,
    "width": 1920,
    "annots": [
        {
            "bbox": [
                866.5918579101562,
                338.2333679199219,
                1077.092041015625,
                866.8500366210938,
                1.0,
                1.0,
                0.0
            ],
            "personID": 0,
            "keypoints": [
                [
                    887.8689575195312,
                    422.20635986328125,
                    0.9640730619430542
                ],
                [
                    953.9460144042969,
                    426.336181640625,
                    0.7587932348251343
                ],
                [
                    964.9588623046875,
                    422.20635986328125,
                    0.7587932348251343
                ],
                [
                    995.2442016601562,
                    496.5430908203125,
                    0.5360518097877502
                ],
                [
                    1000.7506713867188,
                    573.6329956054688,
                    0.4786125421524048
                ],
                [
                    942.9331665039062,
                    430.46600341796875,
                    0.886451780796051
                ],
                [
                    986.9845581054688,
                    496.5430908203125,
                    0.9117324352264404
                ],
                [
                    1003.5038452148438,
                    579.1394653320312,
                    0.8556616902351379
                ],
                [
                    1046.1786499023438,
                    559.8669738769531,
                    0.7700067758560181
                ],
                [
                    1061.3212890625,
                    554.3605346679688,
                    0.7756040692329407
                ],
                [
                    1033.7891845703125,
                    689.2679443359375,
                    0.8630593419075012
                ],
                [
                    1047.5552978515625,
                    807.6560668945312,
                    0.8206939697265625
                ],
                [
                    1031.0360107421875,
                    565.3734130859375,
                    0.7700067758560181
                ],
                [
                    992.4910278320312,
                    689.2679443359375,
                    0.9018738865852356
                ],
                [
                    1006.257080078125,
                    818.6688842773438,
                    0.8390422463417053
                ],
                [
                    0.0,
                    0.0,
                    0.0
                ],
                [
                    0.0,
                    0.0,
                    0.0
                ],
                [
                    0.0,
                    0.0,
                    0.0
                ],
                [
                    0.0,
                    0.0,
                    0.0
                ],
                [
                    0.0,
                    0.0,
                    0.0
                ],
                [
                    0.0,
                    0.0,
                    0.0
                ],
                [
                    0.0,
                    0.0,
                    0.0
                ],
                [
                    0.0,
                    0.0,
                    0.0
                ],
                [
                    0.0,
                    0.0,
                    0.0
                ],
                [
                    0.0,
                    0.0,
                    0.0
                ]
            ],
            "isKeyframe": true,
            "area": 279435.5824287245
        },
        {
            "bbox": [
                46.840110778808594,
                369.8079833984375,
                199.21206665039062,
                711.9312744140625,
                1.0,
                1.0,
                0.0
            ],
            "personID": 1,
            "keypoints": [
                [
                    145.29974365234375,
                    417.02813720703125,
                    0.947076141834259
                ],
                [
                    132.8264923095703,
                    430.39231872558594,
                    0.8530260920524597
                ],
                [
                    91.84297180175781,
                    425.9375915527344,
                    0.8530260920524597
                ],
                [
                    65.11459350585938,
                    468.7030029296875,
                    0.885911226272583
                ],
                [
                    61.550804138183594,
                    518.595947265625,
                    0.8728806972503662
                ],
                [
                    173.8100128173828,
                    434.8470458984375,
                    0.855506420135498
                ],
                [
                    188.06515502929688,
                    488.3038024902344,
                    0.9255346655845642
                ],
                [
                    188.06515502929688,
                    536.4149169921875,
                    0.9068502187728882
                ],
                [
                    116.78945922851562,
                    522.1597595214844,
                    0.8215622901916504
                ],
                [
                    91.84297180175781,
                    520.3778686523438,
                    0.8454394340515137
                ],
                [
                    95.40675354003906,
                    596.9992065429688,
                    0.8889751434326172
                ],
                [
                    97.18865203857422,
                    677.1843872070312,
                    0.7413262724876404
                ],
                [
                    141.73594665527344,
                    523.941650390625,
                    0.8215622901916504
                ],
                [
                    155.9910888671875,
                    595.2173461914062,
                    0.8737465739250183
                ],
                [
                    157.77297973632812,
                    668.27490234375,
                    0.7947165369987488
                ],
                [
                    0.0,
                    0.0,
                    0.0
                ],
                [
                    0.0,
                    0.0,
                    0.0
                ],
                [
                    0.0,
                    0.0,
                    0.0
                ],
                [
                    0.0,
                    0.0,
                    0.0
                ],
                [
                    0.0,
                    0.0,
                    0.0
                ],
                [
                    0.0,
                    0.0,
                    0.0
                ],
                [
                    0.0,
                    0.0,
                    0.0
                ],
                [
                    0.0,
                    0.0,
                    0.0
                ],
                [
                    0.0,
                    0.0,
                    0.0
                ],
                [
                    0.0,
                    0.0,
                    0.0
                ]
            ],
            "isKeyframe": true,
            "area": 117048.34625536203
        }
    ],
    "isKeyframe": false
}