{
    "filename": "images/demo_H2FNV1/000241.jpg",
    "height": 1080,
    "width": 1920,
    "annots": [
        {
            "bbox": [
                863.6183471679688,
                403.8177490234375,
                1087.9339599609375,
                862.8038940429688,
                1.0,
                1.0,
                0.0
            ],
            "personID": 0,
            "keypoints": [
                [
                    883.7398071289062,
                    488.6823425292969,
                    0.9707067012786865
                ],
                [
                    948.2847595214844,
                    486.2917938232422,
                    0.7261872291564941
                ],
                [
                    969.7997436523438,
                    476.7295837402344,
                    0.7261872291564941
                ],
                [
                    996.0958251953125,
                    577.1328125,
                    0.5427818298339844
                ],
                [
                    953.0658569335938,
                    639.2871704101562,
                    0.9060857892036438
                ],
                [
                    926.769775390625,
                    495.85400390625,
                    0.8739332556724548
                ],
                [
                    955.4564208984375,
                    562.7894897460938,
                    0.96014004945755
                ],
                [
                    957.8469848632812,
                    639.2871704101562,
                    0.8958284854888916
                ],
                [
                    1054.6643676757812,
                    604.6241760253906,
                    0.665075421333313
                ],
                [
                    1067.8123779296875,
                    603.4288940429688,
                    0.6968225836753845
                ],
                [
                    1000.876953125,
                    703.8320922851562,
                    0.8549210429191589
                ],
                [
                    1041.516357421875,
                    806.6258544921875,
                    0.8332536220550537
                ],
                [
                    1041.516357421875,
                    605.8194580078125,
                    0.665075421333313
                ],
                [
                    957.8469848632812,
                    708.6132202148438,
                    0.9623515009880066
                ],
                [
                    1000.876953125,
                    823.3597412109375,
                    0.8589193224906921
                ],
                [
                    0.0,
                    0.0,
                    0.0
                ],
                [
                    0.0,
                    0.0,
                    0.0
                ],
                [
                    0.0,
                    0.0,
                    0.0
                ],
                [
                    0.0,
                    0.0,
                    0.0
                ],
                [
                    0.0,
                    0.0,
                    0.0
                ],
                [
                    0.0,
                    0.0,
                    0.0
                ],
                [
                    0.0,
                    0.0,
                    0.0
                ],
                [
                    0.0,
                    0.0,
                    0.0
                ],
                [
                    0.0,
                    0.0,
                    0.0
                ],
                [
                    0.0,
                    0.0,
                    0.0
                ]
            ],
            "isKeyframe": true,
            "area": 210668.28131989017
        },
        {
            "bbox": [
                44.819114685058594,
                420.83343505859375,
                211.09188842773438,
                704.1448974609375,
                1.0,
                1.0,
                0.0
            ],
            "personID": 1,
            "keypoints": [
                [
                    167.05838012695312,
                    465.838623046875,
                    0.9151065349578857
                ],
                [
                    148.61362075805664,
                    472.4787292480469,
                    0.8063649535179138
                ],
                [
                    110.98632049560547,
                    468.7897644042969,
                    0.8063649535179138
                ],
                [
                    71.1456527709961,
                    514.5327758789062,
                    0.8486009240150452
                ],
                [
                    59.341007232666016,
                    566.1781005859375,
                    0.8836042881011963
                ],
                [
                    186.2409210205078,
                    476.1676940917969,
                    0.84464031457901
                ],
                [
                    195.0944061279297,
                    529.28857421875,
                    0.8849133849143982
                ],
                [
                    199.52114868164062,
                    576.5071411132812,
                    0.8986384272575378
                ],
                [
                    124.26654434204102,
                    546.2577514648438,
                    0.7714649438858032
                ],
                [
                    99.18167877197266,
                    545.5199584960938,
                    0.7851377725601196
                ],
                [
                    121.31538391113281,
                    603.067626953125,
                    0.8202122449874878
                ],
                [
                    109.5107421875,
                    676.8466186523438,
                    0.5809521079063416
                ],
                [
                    149.35140991210938,
                    546.9955444335938,
                    0.7714649438858032
                ],
                [
                    170.00953674316406,
                    607.4943237304688,
                    0.9019596576690674
                ],
                [
                    156.72930908203125,
                    669.4686889648438,
                    0.8065389394760132
                ],
                [
                    0.0,
                    0.0,
                    0.0
                ],
                [
                    0.0,
                    0.0,
                    0.0
                ],
                [
                    0.0,
                    0.0,
                    0.0
                ],
                [
                    0.0,
                    0.0,
                    0.0
                ],
                [
                    0.0,
                    0.0,
                    0.0
                ],
                [
                    0.0,
                    0.0,
                    0.0
                ],
                [
                    0.0,
                    0.0,
                    0.0
                ],
                [
                    0.0,
                    0.0,
                    0.0
                ],
                [
                    0.0,
                    0.0,
                    0.0
                ],
                [
                    0.0,
                    0.0,
                    0.0
                ]
            ],
            "isKeyframe": true,
            "area": 80265.38472855464
        }
    ],
    "isKeyframe": false
}