{
    "filename": "images/demo_H2FNV1/000251.jpg",
    "height": 1080,
    "width": 1920,
    "annots": [
        {
            "bbox": [
                869.1404418945312,
                361.4314880371094,
                1080.962890625,
                862.3272094726562,
                1.0,
                1.0,
                0.0
            ],
            "personID": 0,
            "keypoints": [
                [
                    885.0469360351562,
                    448.8273620605469,
                    0.960990846157074
                ],
                [
                    952.8765563964844,
                    448.8273468017578,
                    0.7781873345375061
                ],
                [
                    968.529541015625,
                    441.0008544921875,
                    0.7781873345375061
                ],
                [
                    997.2266845703125,
                    529.7011108398438,
                    0.41970202326774597
                ],
                [
                    989.4002075195312,
                    613.1837768554688,
                    0.7299018502235413
                ],
                [
                    937.2235717773438,
                    456.6538391113281,
                    0.8752580881118774
                ],
                [
                    976.3560791015625,
                    521.8746337890625,
                    0.9084516763687134
                ],
                [
                    992.009033203125,
                    602.7484130859375,
                    0.9104913473129272
                ],
                [
                    1049.4033203125,
                    576.6600952148438,
                    0.7396836280822754
                ],
                [
                    1067.6651611328125,
                    574.05126953125,
                    0.7396836280822754
                ],
                [
                    1025.923828125,
                    696.6663818359375,
                    0.8939628601074219
                ],
                [
                    1046.7945556640625,
                    808.8461303710938,
                    0.8050051331520081
                ],
                [
                    1031.1414794921875,
                    579.2689208984375,
                    0.7463139891624451
                ],
                [
                    978.9649047851562,
                    699.2752075195312,
                    0.9379858374595642
                ],
                [
                    1005.05322265625,
                    821.8902587890625,
                    0.8432056903839111
                ],
                [
                    0.0,
                    0.0,
                    0.0
                ],
                [
                    0.0,
                    0.0,
                    0.0
                ],
                [
                    0.0,
                    0.0,
                    0.0
                ],
                [
                    0.0,
                    0.0,
                    0.0
                ],
                [
                    0.0,
                    0.0,
                    0.0
                ],
                [
                    0.0,
                    0.0,
                    0.0
                ],
                [
                    0.0,
                    0.0,
                    0.0
                ],
                [
                    0.0,
                    0.0,
                    0.0
                ],
                [
                    0.0,
                    0.0,
                    0.0
                ],
                [
                    0.0,
                    0.0,
                    0.0
                ]
            ],
            "isKeyframe": true,
            "area": 250896.52375243697
        },
        {
            "bbox": [
                47.328529357910156,
                387.7187805175781,
                201.2027587890625,
                707.9205322265625,
                1.0,
                1.0,
                0.0
            ],
            "personID": 1,
            "keypoints": [
                [
                    153.45069885253906,
                    436.91644287109375,
                    0.9267046451568604
                ],
                [
                    139.27510452270508,
                    445.25502014160156,
                    0.8502498269081116
                ],
                [
                    100.08374786376953,
                    440.2518615722656,
                    0.8502498269081116
                ],
                [
                    66.72940063476562,
                    481.9447937011719,
                    0.8720882534980774
                ],
                [
                    60.058528900146484,
                    533.64404296875,
                    0.8934216499328613
                ],
                [
                    178.46646118164062,
                    450.2581787109375,
                    0.8558510541915894
                ],
                [
                    190.14048767089844,
                    500.2897033691406,
                    0.9294508099555969
                ],
                [
                    193.47592163085938,
                    551.9889526367188,
                    0.8796126842498779
                ],
                [
                    120.09635925292969,
                    530.30859375,
                    0.7980617880821228
                ],
                [
                    95.08059692382812,
                    528.640869140625,
                    0.7980617880821228
                ],
                [
                    105.08689880371094,
                    600.3527221679688,
                    0.8744977116584778
                ],
                [
                    103.41918182373047,
                    683.7385864257812,
                    0.691325843334198
                ],
                [
                    145.11212158203125,
                    531.976318359375,
                    0.8271985650062561
                ],
                [
                    160.12156677246094,
                    600.3527221679688,
                    0.8732388019561768
                ],
                [
                    155.11842346191406,
                    668.7291259765625,
                    0.8205773830413818
                ],
                [
                    0.0,
                    0.0,
                    0.0
                ],
                [
                    0.0,
                    0.0,
                    0.0
                ],
                [
                    0.0,
                    0.0,
                    0.0
                ],
                [
                    0.0,
                    0.0,
                    0.0
                ],
                [
                    0.0,
                    0.0,
                    0.0
                ],
                [
                    0.0,
                    0.0,
                    0.0
                ],
                [
                    0.0,
                    0.0,
                    0.0
                ],
                [
                    0.0,
                    0.0,
                    0.0
                ],
                [
                    0.0,
                    0.0,
                    0.0
                ],
                [
                    0.0,
                    0.0,
                    0.0
                ]
            ],
            "isKeyframe": true,
            "area": 102529.16179750208
        }
    ],
    "isKeyframe": false
}