{
    "filename": "images/demo_H2FNV1/000233.jpg",
    "height": 1080,
    "width": 1920,
    "annots": [
        {
            "bbox": [
                849.7066650390625,
                433.62933349609375,
                1082.78759765625,
                863.0116577148438,
                1.0,
                1.0,
                0.0
            ],
            "personID": 0,
            "keypoints": [
                [
                    880.1470336914062,
                    517.4930419921875,
                    0.9672204852104187
                ],
                [
                    938.2925720214844,
                    506.3112335205078,
                    0.7254779934883118
                ],
                [
                    953.9471435546875,
                    499.6021423339844,
                    0.7254779934883118
                ],
                [
                    967.3652954101562,
                    598.0022583007812,
                    0.7853217720985413
                ],
                [
                    924.8743286132812,
                    649.4386596679688,
                    0.9329878091812134
                ],
                [
                    922.6380004882812,
                    513.0203247070312,
                    0.8548934459686279
                ],
                [
                    947.238037109375,
                    589.0567626953125,
                    1.0019781589508057
                ],
                [
                    929.3471069335938,
                    671.8023681640625,
                    0.8763449788093567
                ],
                [
                    1046.7562866210938,
                    613.6567993164062,
                    0.6267944574356079
                ],
                [
                    1063.529052734375,
                    606.9476928710938,
                    0.6452290415763855
                ],
                [
                    994.2017211914062,
                    712.0569458007812,
                    0.856357753276825
                ],
                [
                    1041.1654052734375,
                    810.45703125,
                    0.8515069484710693
                ],
                [
                    1029.9835205078125,
                    620.3659057617188,
                    0.6267944574356079
                ],
                [
                    949.474365234375,
                    712.0569458007812,
                    0.9000524878501892
                ],
                [
                    1005.383544921875,
                    826.1116333007812,
                    0.8064621686935425
                ],
                [
                    0.0,
                    0.0,
                    0.0
                ],
                [
                    0.0,
                    0.0,
                    0.0
                ],
                [
                    0.0,
                    0.0,
                    0.0
                ],
                [
                    0.0,
                    0.0,
                    0.0
                ],
                [
                    0.0,
                    0.0,
                    0.0
                ],
                [
                    0.0,
                    0.0,
                    0.0
                ],
                [
                    0.0,
                    0.0,
                    0.0
                ],
                [
                    0.0,
                    0.0,
                    0.0
                ],
                [
                    0.0,
                    0.0,
                    0.0
                ],
                [
                    0.0,
                    0.0,
                    0.0
                ]
            ],
            "isKeyframe": true,
            "area": 184369.18035149574
        },
        {
            "bbox": [
                53.43144989013672,
                436.7953796386719,
                219.79391479492188,
                707.9345703125,
                1.0,
                1.0,
                0.0
            ],
            "personID": 1,
            "keypoints": [
                [
                    179.6842498779297,
                    485.5157165527344,
                    0.8391789793968201
                ],
                [
                    158.5015106201172,
                    488.34010314941406,
                    0.8229846358299255
                ],
                [
                    121.78474426269531,
                    482.6913757324219,
                    0.8229846358299255
                ],
                [
                    73.77052307128906,
                    525.056884765625,
                    0.8673433065414429
                ],
                [
                    63.88523864746094,
                    584.3685302734375,
                    0.8737812042236328
                ],
                [
                    195.21827697753906,
                    493.98883056640625,
                    0.8233151435852051
                ],
                [
                    200.86700439453125,
                    543.4152221679688,
                    0.9170846343040466
                ],
                [
                    210.75228881835938,
                    580.1320190429688,
                    0.8708934783935547
                ],
                [
                    126.02129745483398,
                    555.4187927246094,
                    0.8076503276824951
                ],
                [
                    103.4263687133789,
                    554.7127075195312,
                    0.8076503276824951
                ],
                [
                    131.67002868652344,
                    612.6121826171875,
                    0.853173553943634
                ],
                [
                    110.4872817993164,
                    680.39697265625,
                    0.6786109209060669
                ],
                [
                    148.61622619628906,
                    556.1248779296875,
                    0.8396218419075012
                ],
                [
                    175.4477081298828,
                    614.0244140625,
                    0.8760197162628174
                ],
                [
                    159.9136962890625,
                    674.748291015625,
                    0.813978910446167
                ],
                [
                    0.0,
                    0.0,
                    0.0
                ],
                [
                    0.0,
                    0.0,
                    0.0
                ],
                [
                    0.0,
                    0.0,
                    0.0
                ],
                [
                    0.0,
                    0.0,
                    0.0
                ],
                [
                    0.0,
                    0.0,
                    0.0
                ],
                [
                    0.0,
                    0.0,
                    0.0
                ],
                [
                    0.0,
                    0.0,
                    0.0
                ],
                [
                    0.0,
                    0.0,
                    0.0
                ],
                [
                    0.0,
                    0.0,
                    0.0
                ],
                [
                    0.0,
                    0.0,
                    0.0
                ]
            ],
            "isKeyframe": true,
            "area": 73516.46071925852
        }
    ],
    "isKeyframe": false
}