{
    "filename": "images/demo_H2FNV1/000221.jpg",
    "height": 1080,
    "width": 1920,
    "annots": [
        {
            "bbox": [
                806.693359375,
                438.92523193359375,
                1074.776123046875,
                870.8837890625,
                1.0,
                1.0,
                0.0
            ],
            "personID": 0,
            "keypoints": [
                [
                    856.3678588867188,
                    523.2921752929688,
                    0.8842085599899292
                ],
                [
                    896.8639526367188,
                    486.17076110839844,
                    0.5712696313858032
                ],
                [
                    905.8630981445312,
                    480.5462951660156,
                    0.5712696313858032
                ],
                [
                    995.8544311523438,
                    577.2869873046875,
                    0.5500839948654175
                ],
                [
                    926.1111450195312,
                    613.2835693359375,
                    0.9065133333206177
                ],
                [
                    887.8648071289062,
                    491.79522705078125,
                    0.8004529476165771
                ],
                [
                    901.363525390625,
                    541.2904663085938,
                    0.8875453472137451
                ],
                [
                    890.1146240234375,
                    617.7830810546875,
                    0.9087250828742981
                ],
                [
                    1031.8509521484375,
                    571.6625366210938,
                    0.6183974742889404
                ],
                [
                    1052.0989990234375,
                    570.5376586914062,
                    0.6183974742889404
                ],
                [
                    1029.6011962890625,
                    710.0242309570312,
                    0.8553358316421509
                ],
                [
                    1047.5994873046875,
                    815.7640991210938,
                    0.8458119630813599
                ],
                [
                    1011.6029052734375,
                    572.7874145507812,
                    0.6395009756088257
                ],
                [
                    977.856201171875,
                    705.524658203125,
                    0.8488638997077942
                ],
                [
                    1004.8535766601562,
                    829.2628173828125,
                    0.8481156229972839
                ],
                [
                    0.0,
                    0.0,
                    0.0
                ],
                [
                    0.0,
                    0.0,
                    0.0
                ],
                [
                    0.0,
                    0.0,
                    0.0
                ],
                [
                    0.0,
                    0.0,
                    0.0
                ],
                [
                    0.0,
                    0.0,
                    0.0
                ],
                [
                    0.0,
                    0.0,
                    0.0
                ],
                [
                    0.0,
                    0.0,
                    0.0
                ],
                [
                    0.0,
                    0.0,
                    0.0
                ],
                [
                    0.0,
                    0.0,
                    0.0
                ],
                [
                    0.0,
                    0.0,
                    0.0
                ]
            ],
            "isKeyframe": true,
            "area": 186588.19507688656
        },
        {
            "bbox": [
                62.75071716308594,
                440.2901306152344,
                229.18605041503906,
                700.2679443359375,
                1.0,
                1.0,
                0.0
            ],
            "personID": 1,
            "keypoints": [
                [
                    185.91290283203125,
                    496.4832458496094,
                    0.5329148173332214
                ],
                [
                    168.31023406982422,
                    482.2657165527344,
                    0.6729204058647156
                ],
                [
                    126.33464050292969,
                    478.8805847167969,
                    0.6729204058647156
                ],
                [
                    72.1725845336914,
                    500.54541015625,
                    0.8920415043830872
                ],
                [
                    87.06714630126953,
                    549.291259765625,
                    0.7754931449890137
                ],
                [
                    210.28582763671875,
                    485.6508483886719,
                    0.7111796140670776
                ],
                [
                    215.7020263671875,
                    524.9183349609375,
                    0.875954270362854
                ],
                [
                    208.93177795410156,
                    554.7074584960938,
                    0.8691069483757019
                ],
                [
                    123.62654113769531,
                    520.8561706542969,
                    0.7077606320381165
                ],
                [
                    100.607666015625,
                    518.1480712890625,
                    0.7077606320381165
                ],
                [
                    115.50222778320312,
                    606.1614379882812,
                    0.8646671175956726
                ],
                [
                    108.73197174072266,
                    684.6964111328125,
                    0.7594369053840637
                ],
                [
                    146.64541625976562,
                    523.5642700195312,
                    0.8589416146278381
                ],
                [
                    164.24807739257812,
                    604.807373046875,
                    0.7727988958358765
                ],
                [
                    165.6021270751953,
                    673.864013671875,
                    0.7492569088935852
                ],
                [
                    0.0,
                    0.0,
                    0.0
                ],
                [
                    0.0,
                    0.0,
                    0.0
                ],
                [
                    0.0,
                    0.0,
                    0.0
                ],
                [
                    0.0,
                    0.0,
                    0.0
                ],
                [
                    0.0,
                    0.0,
                    0.0
                ],
                [
                    0.0,
                    0.0,
                    0.0
                ],
                [
                    0.0,
                    0.0,
                    0.0
                ],
                [
                    0.0,
                    0.0,
                    0.0
                ],
                [
                    0.0,
                    0.0,
                    0.0
                ],
                [
                    0.0,
                    0.0,
                    0.0
                ]
            ],
            "isKeyframe": true,
            "area": 67588.46362699661
        }
    ],
    "isKeyframe": false
}