{
    "filename": "images/demo_H2FNV1/000253.jpg",
    "height": 1080,
    "width": 1920,
    "annots": [
        {
            "bbox": [
                870.454833984375,
                358.0391540527344,
                1080.4293212890625,
                867.42041015625,
                1.0,
                1.0,
                0.0
            ],
            "personID": 0,
            "keypoints": [
                [
                    886.565673828125,
                    441.6095275878906,
                    0.9698544144630432
                ],
                [
                    954.2178649902344,
                    442.93603515625,
                    0.8099926710128784
                ],
                [
                    968.8095092773438,
                    436.303466796875,
                    0.8099926710128784
                ],
                [
                    982.0746459960938,
                    529.159423828125,
                    0.4312320947647095
                ],
                [
                    990.0337524414062,
                    598.1381225585938,
                    0.4696083664894104
                ],
                [
                    939.626220703125,
                    449.568603515625,
                    0.8990738987922668
                ],
                [
                    979.421630859375,
                    518.5473022460938,
                    0.9240062236785889
                ],
                [
                    992.686767578125,
                    598.1381225585938,
                    0.8860425353050232
                ],
                [
                    1047.0737915039062,
                    570.2813720703125,
                    0.7550359964370728
                ],
                [
                    1064.3184814453125,
                    566.3018188476562,
                    0.7550359964370728
                ],
                [
                    1027.1761474609375,
                    696.3001708984375,
                    0.8809312582015991
                ],
                [
                    1043.09423828125,
                    805.0742797851562,
                    0.8285161256790161
                ],
                [
                    1029.8291015625,
                    574.2609252929688,
                    0.7897459864616394
                ],
                [
                    982.0746459960938,
                    696.3001708984375,
                    0.9355870485305786
                ],
                [
                    1003.2988891601562,
                    820.992431640625,
                    0.8672996759414673
                ],
                [
                    0.0,
                    0.0,
                    0.0
                ],
                [
                    0.0,
                    0.0,
                    0.0
                ],
                [
                    0.0,
                    0.0,
                    0.0
                ],
                [
                    0.0,
                    0.0,
                    0.0
                ],
                [
                    0.0,
                    0.0,
                    0.0
                ],
                [
                    0.0,
                    0.0,
                    0.0
                ],
                [
                    0.0,
                    0.0,
                    0.0
                ],
                [
                    0.0,
                    0.0,
                    0.0
                ],
                [
                    0.0,
                    0.0,
                    0.0
                ],
                [
                    0.0,
                    0.0,
                    0.0
                ]
            ],
            "isKeyframe": true,
            "area": 259469.26406959537
        },
        {
            "bbox": [
                47.039127349853516,
                382.42242431640625,
                200.1863555908203,
                709.0067138671875,
                1.0,
                1.0,
                0.0
            ],
            "personID": 1,
            "keypoints": [
                [
                    151.6785888671875,
                    432.60076904296875,
                    0.9356375932693481
                ],
                [
                    138.0709114074707,
                    441.95603942871094,
                    0.8588168621063232
                ],
                [
                    98.9488296508789,
                    437.7036437988281,
                    0.8617515563964844
                ],
                [
                    66.6305923461914,
                    480.2276306152344,
                    0.8788701295852661
                ],
                [
                    59.82674789428711,
                    529.5554809570312,
                    0.909328043460846
                ],
                [
                    177.1929931640625,
                    446.20843505859375,
                    0.8588168621063232
                ],
                [
                    189.09970092773438,
                    498.9382019042969,
                    0.9251365065574646
                ],
                [
                    190.8006591796875,
                    546.5650634765625,
                    0.8796284794807434
                ],
                [
                    119.36034393310547,
                    527.0040283203125,
                    0.8131042122840881
                ],
                [
                    93.845947265625,
                    526.153564453125,
                    0.8131042122840881
                ],
                [
                    102.35074615478516,
                    600.9957885742188,
                    0.8757225275039673
                ],
                [
                    100.64978790283203,
                    684.3428344726562,
                    0.6786487102508545
                ],
                [
                    144.87474060058594,
                    527.8544921875,
                    0.8469476699829102
                ],
                [
                    158.482421875,
                    599.2948608398438,
                    0.843329668045044
                ],
                [
                    155.08050537109375,
                    667.333251953125,
                    0.7861884832382202
                ],
                [
                    0.0,
                    0.0,
                    0.0
                ],
                [
                    0.0,
                    0.0,
                    0.0
                ],
                [
                    0.0,
                    0.0,
                    0.0
                ],
                [
                    0.0,
                    0.0,
                    0.0
                ],
                [
                    0.0,
                    0.0,
                    0.0
                ],
                [
                    0.0,
                    0.0,
                    0.0
                ],
                [
                    0.0,
                    0.0,
                    0.0
                ],
                [
                    0.0,
                    0.0,
                    0.0
                ],
                [
                    0.0,
                    0.0,
                    0.0
                ],
                [
                    0.0,
                    0.0,
                    0.0
                ]
            ],
            "isKeyframe": true,
            "area": 106657.29818138853
        }
    ],
    "isKeyframe": false
}