{
    "filename": "images/demo_H2FNV1/000243.jpg",
    "height": 1080,
    "width": 1920,
    "annots": [
        {
            "bbox": [
                860.21875,
                395.0379333496094,
                1085.671875,
                865.5296630859375,
                1.0,
                1.0,
                0.0
            ],
            "personID": 0,
            "keypoints": [
                [
                    883.5028686523438,
                    482.0299072265625,
                    0.9628860354423523
                ],
                [
                    947.2152709960938,
                    484.4803924560547,
                    0.7496013045310974
                ],
                [
                    966.819091796875,
                    477.12896728515625,
                    0.7496013045310974
                ],
                [
                    993.7743530273438,
                    572.6975708007812,
                    0.5455741882324219
                ],
                [
                    964.36865234375,
                    636.4100341796875,
                    0.9570690989494324
                ],
                [
                    927.6114501953125,
                    491.8318176269531,
                    0.8867586255073547
                ],
                [
                    957.0172119140625,
                    557.9947509765625,
                    0.9369718432426453
                ],
                [
                    974.1705322265625,
                    636.4100341796875,
                    0.8645738959312439
                ],
                [
                    1053.8110961914062,
                    602.1033020019531,
                    0.7127910852432251
                ],
                [
                    1067.2886962890625,
                    599.65283203125,
                    0.7300878763198853
                ],
                [
                    1001.1257934570312,
                    700.1224365234375,
                    0.8824018239974976
                ],
                [
                    1042.783935546875,
                    807.9434204101562,
                    0.8698638677597046
                ],
                [
                    1040.33349609375,
                    604.5537719726562,
                    0.7127910852432251
                ],
                [
                    959.4677124023438,
                    707.473876953125,
                    0.9168864488601685
                ],
                [
                    1003.5762939453125,
                    825.0968017578125,
                    0.8579060435295105
                ],
                [
                    0.0,
                    0.0,
                    0.0
                ],
                [
                    0.0,
                    0.0,
                    0.0
                ],
                [
                    0.0,
                    0.0,
                    0.0
                ],
                [
                    0.0,
                    0.0,
                    0.0
                ],
                [
                    0.0,
                    0.0,
                    0.0
                ],
                [
                    0.0,
                    0.0,
                    0.0
                ],
                [
                    0.0,
                    0.0,
                    0.0
                ],
                [
                    0.0,
                    0.0,
                    0.0
                ],
                [
                    0.0,
                    0.0,
                    0.0
                ],
                [
                    0.0,
                    0.0,
                    0.0
                ]
            ],
            "isKeyframe": true,
            "area": 221362.46775028203
        },
        {
            "bbox": [
                45.373512268066406,
                418.0781555175781,
                209.72296142578125,
                703.759765625,
                1.0,
                1.0,
                0.0
            ],
            "personID": 1,
            "keypoints": [
                [
                    166.97825622558594,
                    461.971923828125,
                    0.9155802726745605
                ],
                [
                    147.6352310180664,
                    470.15550231933594,
                    0.8050758242607117
                ],
                [
                    108.94917297363281,
                    466.4356994628906,
                    0.8050758242607117
                ],
                [
                    68.77519226074219,
                    512.5614013671875,
                    0.8541739583015442
                ],
                [
                    59.8476448059082,
                    563.1508178710938,
                    0.9140366315841675
                ],
                [
                    186.3212890625,
                    473.87530517578125,
                    0.8418697118759155
                ],
                [
                    193.7609100341797,
                    525.9526977539062,
                    0.8889264464378357
                ],
                [
                    199.71261596679688,
                    573.5662841796875,
                    0.9087616801261902
                ],
                [
                    123.82842636108398,
                    543.0638427734375,
                    0.7586287260055542
                ],
                [
                    98.53369903564453,
                    542.3198852539062,
                    0.7586287260055542
                ],
                [
                    116.38880157470703,
                    601.8369140625,
                    0.8413308262825012
                ],
                [
                    108.94917297363281,
                    676.233154296875,
                    0.6469200253486633
                ],
                [
                    149.12315368652344,
                    543.8078002929688,
                    0.7678622603416443
                ],
                [
                    168.4661865234375,
                    606.3006591796875,
                    0.8887674808502197
                ],
                [
                    156.56277465820312,
                    668.7935180664062,
                    0.7934540510177612
                ],
                [
                    0.0,
                    0.0,
                    0.0
                ],
                [
                    0.0,
                    0.0,
                    0.0
                ],
                [
                    0.0,
                    0.0,
                    0.0
                ],
                [
                    0.0,
                    0.0,
                    0.0
                ],
                [
                    0.0,
                    0.0,
                    0.0
                ],
                [
                    0.0,
                    0.0,
                    0.0
                ],
                [
                    0.0,
                    0.0,
                    0.0
                ],
                [
                    0.0,
                    0.0,
                    0.0
                ],
                [
                    0.0,
                    0.0,
                    0.0
                ],
                [
                    0.0,
                    0.0,
                    0.0
                ]
            ],
            "isKeyframe": true,
            "area": 81613.98235356901
        }
    ],
    "isKeyframe": false
}