{
    "filename": "images/demo_H2FNV1/000254.jpg",
    "height": 1080,
    "width": 1920,
    "annots": [
        {
            "bbox": [
                864.0999755859375,
                352.4595642089844,
                1080.523193359375,
                871.5130615234375,
                1.0,
                1.0,
                0.0
            ],
            "personID": 0,
            "keypoints": [
                [
                    887.1543579101562,
                    434.91339111328125,
                    0.973940908908844
                ],
                [
                    953.3877563476562,
                    438.968505859375,
                    0.8060608506202698
                ],
                [
                    965.5531005859375,
                    432.2099914550781,
                    0.8060608506202698
                ],
                [
                    989.8837280273438,
                    505.201904296875,
                    0.4206002950668335
                ],
                [
                    987.1802978515625,
                    594.4141845703125,
                    0.4146064519882202
                ],
                [
                    941.222412109375,
                    445.7270202636719,
                    0.8935881853103638
                ],
                [
                    979.070068359375,
                    513.3120727539062,
                    0.9113664031028748
                ],
                [
                    997.993896484375,
                    589.0073852539062,
                    0.9037269353866577
                ],
                [
                    1050.7102661132812,
                    567.3801574707031,
                    0.7486428022384644
                ],
                [
                    1065.5789794921875,
                    564.6767578125,
                    0.7686806321144104
                ],
                [
                    1030.434814453125,
                    691.7367553710938,
                    0.8835949301719666
                ],
                [
                    1046.6551513671875,
                    807.9830932617188,
                    0.8257572650909424
                ],
                [
                    1035.841552734375,
                    570.0835571289062,
                    0.7486428022384644
                ],
                [
                    981.7734985351562,
                    694.4401245117188,
                    0.9182832837104797
                ],
                [
                    1006.1041259765625,
                    821.5001220703125,
                    0.8619911670684814
                ],
                [
                    0.0,
                    0.0,
                    0.0
                ],
                [
                    0.0,
                    0.0,
                    0.0
                ],
                [
                    0.0,
                    0.0,
                    0.0
                ],
                [
                    0.0,
                    0.0,
                    0.0
                ],
                [
                    0.0,
                    0.0,
                    0.0
                ],
                [
                    0.0,
                    0.0,
                    0.0
                ],
                [
                    0.0,
                    0.0,
                    0.0
                ],
                [
                    0.0,
                    0.0,
                    0.0
                ],
                [
                    0.0,
                    0.0,
                    0.0
                ],
                [
                    0.0,
                    0.0,
                    0.0
                ]
            ],
            "isKeyframe": true,
            "area": 269416.533074365
        },
        {
            "bbox": [
                47.71322250366211,
                378.71466064453125,
                201.1532440185547,
                710.7638549804688,
                1.0,
                1.0,
                0.0
            ],
            "personID": 1,
            "keypoints": [
                [
                    149.50985717773438,
                    429.7326354980469,
                    0.9358685612678528
                ],
                [
                    138.26860809326172,
                    438.37977600097656,
                    0.8602373600006104
                ],
                [
                    99.35659790039062,
                    434.9209289550781,
                    0.8602373600006104
                ],
                [
                    66.49756622314453,
                    476.42706298828125,
                    0.897771954536438
                ],
                [
                    59.57987594604492,
                    526.580322265625,
                    0.9039735198020935
                ],
                [
                    177.1806182861328,
                    441.838623046875,
                    0.8613383769989014
                ],
                [
                    189.2865753173828,
                    495.4507141113281,
                    0.9009572863578796
                ],
                [
                    191.01600646972656,
                    545.6039428710938,
                    0.9151524901390076
                ],
                [
                    119.24496078491211,
                    525.7156066894531,
                    0.8480966091156006
                ],
                [
                    94.16832733154297,
                    524.8508911132812,
                    0.8534994125366211
                ],
                [
                    101.08602142333984,
                    599.216064453125,
                    0.8564360737800598
                ],
                [
                    99.35659790039062,
                    677.0401000976562,
                    0.7373477220535278
                ],
                [
                    144.32159423828125,
                    526.580322265625,
                    0.8480966091156006
                ],
                [
                    158.15696716308594,
                    599.216064453125,
                    0.877449631690979
                ],
                [
                    156.42755126953125,
                    668.3930053710938,
                    0.8099095821380615
                ],
                [
                    0.0,
                    0.0,
                    0.0
                ],
                [
                    0.0,
                    0.0,
                    0.0
                ],
                [
                    0.0,
                    0.0,
                    0.0
                ],
                [
                    0.0,
                    0.0,
                    0.0
                ],
                [
                    0.0,
                    0.0,
                    0.0
                ],
                [
                    0.0,
                    0.0,
                    0.0
                ],
                [
                    0.0,
                    0.0,
                    0.0
                ],
                [
                    0.0,
                    0.0,
                    0.0
                ],
                [
                    0.0,
                    0.0,
                    0.0
                ],
                [
                    0.0,
                    0.0,
                    0.0
                ]
            ],
            "isKeyframe": true,
            "area": 110256.66745914519
        }
    ],
    "isKeyframe": false
}