{
    "filename": "images/demo_H2FNV1/000239.jpg",
    "height": 1080,
    "width": 1920,
    "annots": [
        {
            "bbox": [
                864.1329345703125,
                412.60723876953125,
                1086.0992431640625,
                861.1638793945312,
                1.0,
                1.0,
                0.0
            ],
            "personID": 0,
            "keypoints": [
                [
                    885.171142578125,
                    497.8797302246094,
                    0.9523687958717346
                ],
                [
                    943.5769348144531,
                    494.37538146972656,
                    0.7726620435714722
                ],
                [
                    962.2667846679688,
                    483.8623352050781,
                    0.7726620435714722
                ],
                [
                    976.2841796875,
                    584.3203125,
                    0.5675543546676636
                ],
                [
                    945.9132080078125,
                    645.0623779296875,
                    0.9692302942276001
                ],
                [
                    924.8870849609375,
                    504.888427734375,
                    0.8741302490234375
                ],
                [
                    955.2581176757812,
                    577.3116455078125,
                    0.9330940246582031
                ],
                [
                    957.5943603515625,
                    652.071044921875,
                    0.8938013911247253
                ],
                [
                    1045.2030639648438,
                    610.0188903808594,
                    0.6646526455879211
                ],
                [
                    1065.06103515625,
                    607.6826782226562,
                    0.6646526455879211
                ],
                [
                    997.310302734375,
                    705.804443359375,
                    0.8308938145637512
                ],
                [
                    1041.69873046875,
                    806.2623901367188,
                    0.8360263109207153
                ],
                [
                    1025.3450927734375,
                    612.3551025390625,
                    0.709270179271698
                ],
                [
                    955.2581176757812,
                    712.8131103515625,
                    0.9546926617622375
                ],
                [
                    1001.9827880859375,
                    824.9522705078125,
                    0.8213626146316528
                ],
                [
                    0.0,
                    0.0,
                    0.0
                ],
                [
                    0.0,
                    0.0,
                    0.0
                ],
                [
                    0.0,
                    0.0,
                    0.0
                ],
                [
                    0.0,
                    0.0,
                    0.0
                ],
                [
                    0.0,
                    0.0,
                    0.0
                ],
                [
                    0.0,
                    0.0,
                    0.0
                ],
                [
                    0.0,
                    0.0,
                    0.0
                ],
                [
                    0.0,
                    0.0,
                    0.0
                ],
                [
                    0.0,
                    0.0,
                    0.0
                ],
                [
                    0.0,
                    0.0,
                    0.0
                ]
            ],
            "isKeyframe": true,
            "area": 201203.0598487854
        },
        {
            "bbox": [
                40.62369918823242,
                418.4718933105469,
                212.34071350097656,
                704.02685546875,
                1.0,
                1.0,
                0.0
            ],
            "personID": 1,
            "keypoints": [
                [
                    170.35653686523438,
                    472.7571105957031,
                    0.9110612273216248
                ],
                [
                    150.27845001220703,
                    479.4497985839844,
                    0.8220246434211731
                ],
                [
                    110.86592102050781,
                    477.2189025878906,
                    0.8220246434211731
                ],
                [
                    70.70976257324219,
                    521.8368530273438,
                    0.8973634839057922
                ],
                [
                    60.29890441894531,
                    576.8656616210938,
                    0.901419997215271
                ],
                [
                    189.69097900390625,
                    481.6806945800781,
                    0.847926676273346
                ],
                [
                    195.64004516601562,
                    533.7349853515625,
                    0.9180245399475098
                ],
                [
                    204.56362915039062,
                    579.8402099609375,
                    0.8945053219795227
                ],
                [
                    125.73857498168945,
                    550.8385314941406,
                    0.8093023300170898
                ],
                [
                    101.94232940673828,
                    550.0949096679688,
                    0.8093023300170898
                ],
                [
                    124.25131225585938,
                    606.6109619140625,
                    0.8758131861686707
                ],
                [
                    109.37865447998047,
                    683.9487915039062,
                    0.6141872406005859
                ],
                [
                    149.53482055664062,
                    551.5821533203125,
                    0.8339257836341858
                ],
                [
                    171.8437957763672,
                    611.07275390625,
                    0.8563066720962524
                ],
                [
                    158.45840454101562,
                    672.0506591796875,
                    0.782832145690918
                ],
                [
                    0.0,
                    0.0,
                    0.0
                ],
                [
                    0.0,
                    0.0,
                    0.0
                ],
                [
                    0.0,
                    0.0,
                    0.0
                ],
                [
                    0.0,
                    0.0,
                    0.0
                ],
                [
                    0.0,
                    0.0,
                    0.0
                ],
                [
                    0.0,
                    0.0,
                    0.0
                ],
                [
                    0.0,
                    0.0,
                    0.0
                ],
                [
                    0.0,
                    0.0,
                    0.0
                ],
                [
                    0.0,
                    0.0,
                    0.0
                ],
                [
                    0.0,
                    0.0,
                    0.0
                ]
            ],
            "isKeyframe": true,
            "area": 81541.63641317282
        }
    ],
    "isKeyframe": false
}