{
    "filename": "images/demo_H2FNV1/000227.jpg",
    "height": 1080,
    "width": 1920,
    "annots": [
        {
            "bbox": [
                834.0491943359375,
                441.2371826171875,
                1077.1524658203125,
                859.8768310546875,
                1.0,
                1.0,
                0.0
            ],
            "personID": 0,
            "keypoints": [
                [
                    871.6548461914062,
                    523.0027465820312,
                    0.9122808575630188
                ],
                [
                    925.0750427246094,
                    506.6496276855469,
                    0.7037817239761353
                ],
                [
                    939.2477416992188,
                    499.0181884765625,
                    0.7037817239761353
                ],
                [
                    947.9693603515625,
                    599.3172607421875,
                    0.6491179466247559
                ],
                [
                    904.361083984375,
                    645.10595703125,
                    0.8277212381362915
                ],
                [
                    910.90234375,
                    514.2810668945312,
                    0.8640670776367188
                ],
                [
                    928.3456420898438,
                    579.6935424804688,
                    0.8824544548988342
                ],
                [
                    900.000244140625,
                    653.82763671875,
                    0.8414962291717529
                ],
                [
                    1040.6370239257812,
                    598.22705078125,
                    0.5915576219558716
                ],
                [
                    1061.3509521484375,
                    594.9564208984375,
                    0.5915576219558716
                ],
                [
                    993.7581176757812,
                    699.6163330078125,
                    0.8029133081436157
                ],
                [
                    1039.5467529296875,
                    806.4566650390625,
                    0.8210844993591309
                ],
                [
                    1019.923095703125,
                    601.4976806640625,
                    0.6475578546524048
                ],
                [
                    950.1497802734375,
                    701.7967529296875,
                    0.8991843461990356
                ],
                [
                    1000.29931640625,
                    819.5391845703125,
                    0.8491904139518738
                ],
                [
                    0.0,
                    0.0,
                    0.0
                ],
                [
                    0.0,
                    0.0,
                    0.0
                ],
                [
                    0.0,
                    0.0,
                    0.0
                ],
                [
                    0.0,
                    0.0,
                    0.0
                ],
                [
                    0.0,
                    0.0,
                    0.0
                ],
                [
                    0.0,
                    0.0,
                    0.0
                ],
                [
                    0.0,
                    0.0,
                    0.0
                ],
                [
                    0.0,
                    0.0,
                    0.0
                ],
                [
                    0.0,
                    0.0,
                    0.0
                ],
                [
                    0.0,
                    0.0,
                    0.0
                ]
            ],
            "isKeyframe": true,
            "area": 175259.1552438736
        },
        {
            "bbox": [
                57.27766418457031,
                441.7439270019531,
                227.1177215576172,
                704.8590698242188,
                1.0,
                1.0,
                0.0
            ],
            "personID": 1,
            "keypoints": [
                [
                    182.62423706054688,
                    491.7632141113281,
                    0.712799072265625
                ],
                [
                    165.49434661865234,
                    491.07801818847656,
                    0.734792947769165
                ],
                [
                    129.17897033691406,
                    486.2816467285156,
                    0.734792947769165
                ],
                [
                    70.25214385986328,
                    520.5414428710938,
                    0.8943991661071777
                ],
                [
                    75.73371124267578,
                    575.3571166992188,
                    0.8671016693115234
                ],
                [
                    201.80972290039062,
                    495.8743896484375,
                    0.8153723478317261
                ],
                [
                    210.03207397460938,
                    539.7269287109375,
                    0.9256852865219116
                ],
                [
                    211.4024658203125,
                    573.9866943359375,
                    0.8976212739944458
                ],
                [
                    128.49377822875977,
                    553.4308166503906,
                    0.76565021276474
                ],
                [
                    105.88231658935547,
                    552.0604248046875,
                    0.76565021276474
                ],
                [
                    131.9197540283203,
                    606.8760986328125,
                    0.8499118089675903
                ],
                [
                    112.7342758178711,
                    679.5068359375,
                    0.7244834303855896
                ],
                [
                    151.10523986816406,
                    554.8012084960938,
                    0.7845699191093445
                ],
                [
                    173.031494140625,
                    608.2465209960938,
                    0.7692763209342957
                ],
                [
                    162.06837463378906,
                    671.2844848632812,
                    0.7703692317008972
                ],
                [
                    0.0,
                    0.0,
                    0.0
                ],
                [
                    0.0,
                    0.0,
                    0.0
                ],
                [
                    0.0,
                    0.0,
                    0.0
                ],
                [
                    0.0,
                    0.0,
                    0.0
                ],
                [
                    0.0,
                    0.0,
                    0.0
                ],
                [
                    0.0,
                    0.0,
                    0.0
                ],
                [
                    0.0,
                    0.0,
                    0.0
                ],
                [
                    0.0,
                    0.0,
                    0.0
                ],
                [
                    0.0,
                    0.0,
                    0.0
                ],
                [
                    0.0,
                    0.0,
                    0.0
                ]
            ],
            "isKeyframe": true,
            "area": 69229.57838238124
        }
    ],
    "isKeyframe": false
}